Workbook

Sheet PINJAMAN
A2: Tanggal | B2: Deskripsi | C2: Masuk | D2: Keluar | E2: Total | F2: Keterangan
B3: Saldo | E3: 0
A4: 45893 | B4: Dipinjamkan ke PKK | D4: 2000000 | E4: =IF(AND(C4="",D4=""),"",E3+C4-D4) -> -2000000
A5: 46168 | B5: Dipinjamkan ke PKK | D5: 2000000 | E5: =IF(AND(C5="",D5=""),"",E4+C5-D5) -> -4000000
A6: 46173 | B6: Pembayaran Cor Balai | D6: 4400000 | E6: =IF(AND(C6="",D6=""),"",E5+C6-D6) -> -8400000
E7: =IF(AND(C7="",D7=""),"",E6+C7-D7)
E8: =IF(AND(C8="",D8=""),"",E7+C8-D8)
E9: =IF(AND(C9="",D9=""),"",E8+C9-D9)
E10: =IF(AND(C10="",D10=""),"",E9+C10-D10)
E11: =IF(AND(C11="",D11=""),"",E10+C11-D11)
E12: =IF(AND(C12="",D12=""),"",E11+C12-D12)
E13: =IF(AND(C13="",D13=""),"",E12+C13-D13)
E14: =IF(AND(C14="",D14=""),"",E13+C14-D14)
E15: =IF(AND(C15="",D15=""),"",E14+C15-D15)
E16: =IF(AND(C16="",D16=""),"",E15+C16-D16)
E17: =IF(AND(C17="",D17=""),"",E16+C17-D17)
E18: =IF(AND(C18="",D18=""),"",E17+C18-D18)
E19: =IF(AND(C19="",D19=""),"",E18+C19-D19)

Sheet 11-07-26 (2)
A2: Nasabah | B2: Material | C2: Berat | D2: Harga | E2: Total | G2: Row Labels | H2: Sum of Berat | I2: Sum of Total | K2: Row Labels | L2: Sum of Berat | N2: Timbangan Kami Box | Q2: Sabtu, 11 Juli 2026 | T2: Timbangan Non Kami Box | W2: Sabtu, 11 Juli 2026 | Z2: Timbangan Non Kami Box | AC2: Sabtu, 11 Juli 2026
A3: MBA DIAN | B3: Baja Ringan | C3: 0.55 | D3: 1 | E3: =C3*D3 -> 0.55 | G3: AKHSAN | H3: 12.2 | I3: 16305 | K3: Aki | L3: 2.7 | N3: No | O3: Jenis Sampah | P3: Harga | Q3: Berat | R3: Total Harga | T3: No | U3: Jenis Sampah | V3: Harga | W3: Berat | X3: Total Harga | Z3: No | AA3: Jenis Sampah | AB3: Harga | AC3: Berat | AD3: Total Harga | AF3: Keuntungan Jelantah
A4: BU FEBRI | B4: Selang | C4: 1.1 | D4: 400 | E4: =C4*D4 -> 440 | G4: BU ANI | H4: 6 | I4: 6513 | K4: Aluminium Rongsok | L4: 0.45 | N4: 1 | O4: AC | P4: =VLOOKUP(O4,KamiBox!$C$2:$F$58,4,0) -> 200000 | Q4: =SUMIF($B$3:$B$346,O4,$C$3:$C$346) -> 0 | R4: =P4*Q4 -> 0 | T4: 1 | U4: Asoy | V4: =VLOOKUP(U4,KamiBox!$C$2:$F$58,4,0) -> 1500 | W4: =SUMIF($B$3:$B$346,U4,$C$3:$C$346) -> 19.7 | X4: =V4*W4 -> 29550 | Z4: 1 | AA4: Jelantah | AB4: 8800 | AC4: =(17*9)+15 -> 168 | AD4: 1482000 | AE4: 1080250 | AF4: =AD4-AE4 -> 401750
A5: BU SARTI | B5: Gabrukan | C5: 0.3 | D5: 1000 | E5: 300 | G5: BU ANI RW 21 | H5: 15.2 | I5: 106400 | K5: Asoy | L5: 19.7 | M5: =2.7+4.15 -> 6.85 | N5: 2 | O5: Aki | P5: =VLOOKUP(O5,KamiBox!$C$2:$F$58,4,0) -> 9000 | Q5: =SUMIF($B$3:$B$346,O5,$C$3:$C$346) -> 2.7 | R5: =P5*Q5 -> 24300 | T5: 2 | U5: Plastik PE | V5: 1700 | W5: =SUMIF($B$3:$B$346,U5,$C$3:$C$346) -> 0.6 | X5: =V5*W5 -> 1020
A6: BU SARTI | B6: Plastik Multilayer | C6: 0.4 | D6: 300 | E6: 120 | G6: BU ANWAR | H6: 5.73 | I6: 6345 | K6: Baja Ringan | L6: 0.55 | N6: 3 | O6: Akrilik Putih | P6: =VLOOKUP(O6,KamiBox!$C$2:$F$58,4,0) -> 4000 | Q6: =SUMIF($B$3:$B$346,O6,$C$3:$C$346) -> 0 | R6: =P6*Q6 -> 0 | T6: 3 | U6: Plastik PP | V6: 1700 | W6: =SUMIF($B$3:$B$346,U6,$C$3:$C$346) -> 4.15 | X6: =V6*W6 -> 7055
A7: BU SARTI | B7: Jelantah | C7: 2.15 | D7: 5000 | E7: 10750 | G7: BU BETRIA | H7: 12.3 | I7: 16223 | K7: Besi | L7: 9.4 | N7: 4 | O7: Alumunium | P7: =VLOOKUP(O7,KamiBox!$C$2:$F$58,4,0) -> 10000 | Q7: =GETPIVOTDATA("Berat",$K$2,"Material","Aluminium Rongsok") -> 0.45 | R7: =P7*Q7 -> 4500 | U7: TOTAL | W7: =SUM(W4:W6) -> 24.45 | X7: =SUM(X4:X6) -> 37625
A8: BU SARTI | B8: Emberan | C8: 0.55 | D8: 1000 | E8: 550 | G8: BU ECIN DWI | H8: 31.05 | I8: 34575 | K8: Botol Kaca Bening/Putih | L8: 22.95 | N8: 5 | O8: Arsip | P8: =VLOOKUP(O8,KamiBox!$C$2:$F$58,4,0) -> 1000 | Q8: =SUMIF($B$3:$B$346,O8,$C$3:$C$346) -> 0 | R8: =P8*Q8 -> 0
A9: BU SARTI | B9: Asoy | C9: 0.2 | D9: 500 | E9: 100 | G9: BU FATIMAH | H9: 2.15 | I9: 2150 | K9: Botol PET bersih | L9: 55.38 | M9: =6.35+3.6+2.65+2.85+2.8+3.15+4.05+5.4+4.9+4.2+4+4.9+6.25+3.3+0.1 -> 58.5 | N9: 6 | O9: Asoy | R9: =P9*Q9 -> 0 | Z9: Timbangan Non Kami Box | AC9: Sabtu, 11 Juli 2026
A10: BU SARTI | B10: Buku, majalah, brosur, koran | C10: 0.9 | D10: 800 | E10: 720 | G10: BU FEBRI | H10: 4.8 | I10: 2893 | K10: Botol PET Kotor | L10: 13.33 | N10: 7 | O10: Besi | P10: =VLOOKUP(O10,KamiBox!$C$2:$F$58,4,0) -> 4000 | Q10: =SUMIF($B$3:$B$346,O10,$C$3:$C$346) -> 9.4 | R10: =P10*Q10 -> 37600 | Z10: No | AA10: Jenis Sampah | AB10: Harga | AC10: Berat | AD10: Total Harga
A11: BU SARTI | B11: MIX A/Boncos | C11: 0.2 | D11: 500 | E11: 100 | G11: BU HADIYANA | H11: 27.15 | I11: 47675 | K11: Buku, majalah, brosur, koran | L11: 36.85 | N11: 8 | O11: Boncos Kotor | P11: =VLOOKUP(O11,KamiBox!$C$2:$F$58,4,0) -> 400 | Q11: =SUMIF($B$3:$B$346,O11,$C$3:$C$346) -> 0 | R11: =P11*Q11 -> 0 | Z11: 1 | AA11: Jelantah | AB11: 8800 | AC11: =SUMIF($B$3:$B$346,AA11,$C$3:$C$346) -> 82.1 | AD11: =AB11*AC11 -> 722480
A12: BU SARTI | B12: Kardus | C12: 7.85 | D12: 1000 | E12: 7850 | G12: BU HARTINAH | H12: 14.55 | I12: 10828 | K12: Emberan | L12: 68.65 | N12: 9 | O12: Botol Kaca Hijau | P12: =VLOOKUP(O12,KamiBox!$C$2:$F$58,4,0) -> 100 | Q12: =SUMIF($B$3:$B$346,O12,$C$3:$C$346) -> 0 | R12: =P12*Q12 -> 0 | AC12: 91.45 | AD12: 804760
A13: BU NURLAYLI | B13: Asoy | C13: 0.5 | D13: 500 | E13: 250 | G13: BU IRMA | H13: 5.5 | I13: 5235 | K13: Gabrukan | L13: 29 | N13: 10 | O13: Botol Kaca Bening/Putih | P13: =VLOOKUP(O13,KamiBox!$C$2:$F$58,4,0) -> 200 | Q13: =SUMIF($B$3:$B$346,O13,$C$3:$C$346) -> 22.95 | R13: =P13*Q13 -> 4590
A14: BU NURLAYLI | B14: Botol Kaca Bening/Putih | C14: 0.55 | D14: 150 | E14: 83 | G14: BU LINDA RW 19 | H14: 10.6 | I14: 13000 | K14: Gelas PP Bersih (bening) | L14: 0.3 | N14: 11 | O14: Botol Kaca Campur | P14: =VLOOKUP(O14,KamiBox!$C$2:$F$58,4,0) -> 100 | Q14: =SUMIF($B$3:$B$346,O14,$C$3:$C$346) -> 0 | R14: =P14*Q14 -> 0
A15: BU NURLAYLI | B15: MIX A/Boncos | C15: 0.6 | D15: 500 | E15: 300 | G15: BU MINAH | H15: 2.45 | I15: 4090 | K15: Gelas PP Warna | L15: 2.15 | N15: 12 | O15: Botol Kaca Coklat/Merah | P15: =VLOOKUP(O15,KamiBox!$C$2:$F$58,4,0) -> 800 | Q15: =SUMIF($B$3:$B$346,O15,$C$3:$C$346) -> 0 | R15: =P15*Q15 -> 0
A16: BU NURLAYLI | B16: Plastik Multilayer | C16: 0.45 | D16: 300 | E16: 135 | G16: BU NATIRA SALMAWATI | H16: 11 | I16: 15258 | K16: HVS/Putihan | L16: 7.15 | N16: 13 | O16: Botol PET bersih | P16: =VLOOKUP(O16,KamiBox!$C$2:$F$58,4,0) -> 5000 | Q16: 58.5 | R16: =P16*Q16 -> 292500
A17: BU IRMA | B17: Emberan | C17: 0.4 | D17: 1000 | E17: 400 | G17: BU NENI | H17: 10.95 | I17: 20150 | K17: Jelantah | L17: 82.1 | M17: 60.25 | N17: 14 | O17: Botol PET Kotor | P17: =VLOOKUP(O17,KamiBox!$C$2:$F$58,4,0) -> 2500 | Q17: =SUMIF($B$3:$B$346,O17,$C$3:$C$346) -> 13.33 | R17: =P17*Q17 -> 33325
A18: BU IRMA | B18: Plastik PE | C18: 0.2 | D18: 800 | E18: 160 | G18: BU NURJANAH | H18: 5.45 | I18: 6855 | K18: Kabel Alumunium | L18: 3.5 | M18: =GETPIVOTDATA("Berat",$K$2,"Material","Jelantah")-M17 -> 21.85 | N18: 15 | O18: Botol Plastik Kemasan Campur | P18: =VLOOKUP(O18,KamiBox!$C$2:$F$58,4,0) -> 1000 | Q18: =SUMIF($B$3:$B$346,O18,$C$3:$C$346) -> 0 | R18: =P18*Q18 -> 0
A19: BU IRMA | B19: Kardus | C19: 0.6 | D19: 1000 | E19: 600 | G19: BU NURLAYLI | H19: 2.1 | I19: 768 | K19: Kaleng | L19: 13.45 | N19: 16 | O19: Buku, majalah, brosur, koran | P19: =VLOOKUP(O19,KamiBox!$C$2:$F$58,4,0) -> 1000 | Q19: =SUMIF($B$3:$B$346,O19,$C$3:$C$346) -> 36.85 | R19: =P19*Q19 -> 36850
A20: BU IRMA | B20: Buku, majalah, brosur, koran | C20: 3.6 | D20: 800 | E20: 2880 | G20: BU RATIH RT 5 | H20: 8.05 | I20: 7825 | K20: Kardus | L20: 156.9 | N20: 17 | O20: Emberan | P20: =VLOOKUP(O20,KamiBox!$C$2:$F$58,4,0) -> 1200 | Q20: =SUMIF($B$3:$B$346,O20,$C$3:$C$346) -> 68.65 | R20: =P20*Q20 -> 82380
A21: BU IRMA | B21: Tutup Botol | C21: 0.05 | D21: 2500 | E21: 125 | G21: BU RINA | H21: 1.55 | I21: 7750 | K21: Karung | L21: 1.3 | N21: 18 | O21: Gabrukan | P21: =VLOOKUP(O21,KamiBox!$C$2:$F$58,4,0) -> 1000 | Q21: =SUMIF($B$3:$B$346,O21,$C$3:$C$346) -> 29 | R21: =P21*Q21 -> 29000
A22: BU IRMA | B22: Plastik Multilayer | C22: 0.3 | D22: 300 | E22: 90 | G22: BU RINDRA | H22: 5.05 | I22: 6680 | K22: Kristal Putih | L22: 0.4 | N22: 19 | O22: Galon PC | P22: =VLOOKUP(O22,KamiBox!$C$2:$F$58,4,0) -> 3000 | Q22: =SUMIF($B$3:$B$346,O22,$C$3:$C$346) -> 0 | R22: =P22*Q22 -> 0
A23: BU IRMA | B23: Botol PET bersih | C23: 0.35 | D23: 2800 | E23: 980 | G23: BU RUMIYATI | H23: 6.7 | I23: 9775 | K23: MIX A/Boncos | L23: 36.1 | N23: 20 | O23: Gelas PP Bersih | P23: =VLOOKUP(O23,KamiBox!$C$2:$F$58,4,0) -> 4000 | Q23: =GETPIVOTDATA("Berat",$K$2,"Material","Gelas PP Bersih (bening)") -> 0.3 | R23: =P23*Q23 -> 1200
A24: KAS | B24: Plastik PP | C24: 1.35 | D24: 1000 | E24: 1350 | G24: BU SANDRA | H24: 32.93 | I24: 36074 | K24: Plastik Multilayer | L24: 33.97 | M24: =7.9+9.45+6.9+9.25+8.05+8+7.85+6.1 -> 63.5 | N24: 21 | O24: Gelas PP Warna | P24: =VLOOKUP(O24,KamiBox!$C$2:$F$58,4,0) -> 2000 | Q24: =SUMIF($B$3:$B$346,O24,$C$3:$C$346) -> 2.15 | R24: =P24*Q24 -> 4300
A25: KAS | B25: Asoy | C25: 2.3 | D25: 500 | E25: 1150 | G25: BU SARIYANTI | H25: 6.5 | I25: 5440 | K25: Plastik PE | L25: 0.6 | N25: 22 | O25: Handphone | P25: =VLOOKUP(O25,KamiBox!$C$2:$F$58,4,0) -> 5000 | Q25: =SUMIF($B$3:$B$346,O25,$C$3:$C$346) -> 0 | R25: =P25*Q25 -> 0
A26: KAS | B26: Kristal Putih | C26: 0.4 | D26: 2700 | E26: 1080 | G26: BU SARTI | H26: 12.55 | I26: 20490 | K26: Plastik PP | L26: 4.15 | N26: 23 | O26: HVS/Putihan | P26: =VLOOKUP(O26,KamiBox!$C$2:$F$58,4,0) -> 2000 | Q26: =SUMIF($B$3:$B$346,O26,$C$3:$C$346) -> 7.15 | R26: =P26*Q26 -> 14300
A27: BU TETTY HAMDI | B27: STAL/Kabin/Enamel | C27: 0.65 | D27: 1800 | E27: 1170 | G27: BU SITI ALFIYAH | H27: 10.4 | I27: 12005 | K27: PVC | L27: 2.6 | N27: 24 | O27: Impact | P27: =VLOOKUP(O27,KamiBox!$C$2:$F$58,4,0) -> 700 | Q27: =SUMIF($B$3:$B$346,O27,$C$3:$C$346) -> 0 | R27: =P27*Q27 -> 0
A28: BU TETTY HAMDI | B28: Plastik Multilayer | C28: 1 | D28: 300 | E28: 300 | G28: BU SRI RETNO | H28: 35.35 | I28: 36000 | K28: Selang | L28: 1.1 | N28: 25 | O28: Jelantah
A29: BU TETTY HAMDI | B29: Botol Kaca Bening/Putih | C29: 0.6 | D29: 150 | E29: 90 | G29: BU SUHERMIATI | H29: 4.85 | I29: 5815 | K29: Seng/Kawat | L29: 0.3 | N29: 26 | O29: Kabel | P29: =VLOOKUP(O29,KamiBox!$C$2:$F$58,4,0) -> 1500 | Q29: =GETPIVOTDATA("Berat",$K$2,"Material","Kabel Alumunium") -> 3.5 | R29: =P29*Q29 -> 5250
A30: BU TETTY HAMDI | B30: MIX A/Boncos | C30: 0.75 | D30: 500 | E30: 375 | G30: BU SURIYA | H30: 2.85 | I30: 2860 | K30: STAL/Kabin/Enamel | L30: 9.7 | N30: 27 | O30: Kabin | P30: =VLOOKUP(O30,KamiBox!$C$2:$F$58,4,0) -> 2000 | Q30: =GETPIVOTDATA("Berat",$K$2,"Material","STAL/Kabin/Enamel") -> 9.7 | R30: =P30*Q30 -> 19400
A31: BU TETTY HAMDI | B31: Gabrukan | C31: 1.2 | D31: 1000 | E31: 1200 | G31: BU TERMIN | H31: 5.55 | I31: 9385 | K31: Tutup Botol | L31: 4.85 | M31: =3.85+11.1 -> 14.95 | N31: 28 | O31: Kaca | P31: =VLOOKUP(O31,KamiBox!$C$2:$F$58,4,0) -> 100 | Q31: =SUMIF($B$3:$B$346,O31,$C$3:$C$346) -> 0 | R31: =P31*Q31 -> 0
A32: BU TETTY HAMDI | B32: Emberan | C32: 0.4 | D32: 1000 | E32: 400 | G32: BU TETTY HAMDI | H32: 14.9 | I32: 14260 | K32: Tutup Galon | L32: 1.63 | M32: 2.4 | N32: 29 | O32: Kaleng | P32: =VLOOKUP(O32,KamiBox!$C$2:$F$58,4,0) -> 2000 | Q32: =SUMIF($B$3:$B$346,O32,$C$3:$C$346) -> 13.45 | R32: =P32*Q32 -> 26900
A33: BU TETTY HAMDI | B33: Tutup Botol | C33: 0.1 | D33: 2500 | E33: 250 | G33: BU TUNUT | H33: 26.7 | I33: 32480 | K33: Grand Total | L33: 621.21 | N33: 30 | O33: Kantung Semen | P33: =VLOOKUP(O33,KamiBox!$C$2:$F$58,4,0) -> 1800 | Q33: =SUMIF($B$3:$B$346,O33,$C$3:$C$346) -> 0 | R33: =P33*Q33 -> 0
A34: BU TETTY HAMDI | B34: Kaleng | C34: 0.55 | D34: 1500 | E34: 825 | G34: BU WIDODO | H34: 2.75 | I34: 6758 | N34: 31 | O34: Kardus | P34: =VLOOKUP(O34,KamiBox!$C$2:$F$58,4,0) -> 1800 | Q34: =SUMIF($B$3:$B$346,O34,$C$3:$C$346) -> 156.9 | R34: =P34*Q34 -> 282420
A35: BU TETTY HAMDI | B35: Kardus | C35: 9.65 | D35: 1000 | E35: 9650 | G35: BU WIWIN | H35: 12.55 | I35: 17353 | N35: 32 | O35: Kaset CD | P35: =VLOOKUP(O35,KamiBox!$C$2:$F$58,4,0) -> 4000 | Q35: =SUMIF($B$3:$B$346,O35,$C$3:$C$346) -> 0 | R35: =P35*Q35 -> 0
A36: BU ANI | B36: Plastik Multilayer | C36: 0.7 | D36: 300 | E36: 210 | G36: BU YANTI | H36: 16.4 | I36: 18073 | N36: 33 | O36: Komputer | P36: =VLOOKUP(O36,KamiBox!$C$2:$F$58,4,0) -> 60000 | Q36: =SUMIF($B$3:$B$346,O36,$C$3:$C$346) -> 0 | R36: =P36*Q36 -> 0
A37: BU ANI | B37: Botol Kaca Bening/Putih | C37: 0.85 | D37: 150 | E37: 128 | G37: BU YANTI BELA | H37: 22.5 | I37: 26158 | K37: Keuntungan Penjualan | N37: 34 | O37: Kones | P37: =VLOOKUP(O37,KamiBox!$C$2:$F$58,4,0) -> 700 | Q37: =SUMIF($B$3:$B$346,O37,$C$3:$C$346) -> 0 | R37: =P37*Q37 -> 0
A38: BU ANI | B38: Gelas PP Warna | C38: 0.45 | D38: 1600 | E38: 720 | G38: BU YENVITRIATI | H38: 10.7 | I38: 16705 | K38: =R60+X7+AF4 -> #N/A | N38: 35 | O38: Kristal Putih | P38: =VLOOKUP(O38,KamiBox!$C$2:$F$58,4,0) -> 4000 | Q38: =SUMIF($B$3:$B$346,O38,$C$3:$C$346) -> 0.4 | R38: =P38*Q38 -> 1600
A39: BU ANI | B39: Emberan | C39: 0.45 | D39: 1000 | E39: 450 | G39: DAME | H39: 26.3 | I39: 46575 | K39: =K38-GETPIVOTDATA("Total",$G$2) -> #N/A | N39: 36 | O39: Kulkas | P39: =VLOOKUP(O39,KamiBox!$C$2:$F$58,4,0) -> 50000 | Q39: =SUMIF($B$3:$B$346,O39,$C$3:$C$346) -> 0 | R39: =P39*Q39 -> 0
A40: BU ANI | B40: Botol PET bersih | C40: 0.85 | D40: 2800 | E40: 2380 | G40: DANANG | H40: 1.5 | I40: 450 | N40: 37 | O40: Kuningan | P40: =VLOOKUP(O40,KamiBox!$C$2:$F$58,4,0) -> 35000 | Q40: =SUMIF($B$3:$B$346,O40,$C$3:$C$346) -> 0 | R40: =P40*Q40 -> 0
A41: BU ANI | B41: Kaleng | C41: 0.95 | D41: 1500 | E41: 1425 | G41: ESHAN | H41: 15.3 | I41: 45770 | N41: 38 | O41: Mesin Cuci | P41: =VLOOKUP(O41,KamiBox!$C$2:$F$58,4,0) -> 50000 | Q41: =SUMIF($B$3:$B$346,O41,$C$3:$C$346) -> 0 | R41: =P41*Q41 -> 0
A42: BU ANI | B42: MIX A/Boncos | C42: 1.1 | D42: 500 | E42: 550 | G42: KAS | H42: 4.05 | I42: 3580 | N42: 39 | O42: Mika | Q42: =SUMIF($B$3:$B$346,O42,$C$3:$C$346) -> 0 | R42: =P42*Q42 -> 0
A43: BU ANI | B43: Kardus | C43: 0.65 | D43: 1000 | E43: 650 | G43: MAMA ADAM | H43: 6.8 | I43: 6335 | K43: =R60+X7+AD11-GETPIVOTDATA("Sum of Total",$G$2) -> #N/A | N43: 40 | O43: MIX A/Boncos | P43: =VLOOKUP(O43,KamiBox!$C$2:$F$58,4,0) -> 700 | Q43: =SUMIF($B$3:$B$346,O43,$C$3:$C$346) -> 36.1 | R43: =P43*Q43 -> 25270
A44: BU FEBRI | B44: Kardus | C44: 1.2 | D44: 1000 | E44: 1200 | G44: MBA DIAN | H44: 17.15 | I44: 31965 | N44: 41 | O44: Plastik Minyak goreng | Q44: =SUMIF($B$3:$B$346,O44,$C$3:$C$346) -> 0 | R44: =P44*Q44 -> 0
A45: BU FEBRI | B45: Botol Kaca Bening/Putih | C45: 1.25 | D45: 150 | E45: 188 | G45: OMA CARRISA | H45: 14.55 | I45: 16898 | N45: 42 | O45: Plastik Multilayer | P45: =VLOOKUP(O45,KamiBox!$C$2:$F$58,4,0) -> 500 | Q45: 63.5 | R45: =P45*Q45 -> 31750
A46: BU FEBRI | B46: Plastik Multilayer | C46: 0.25 | D46: 300 | E46: 75 | G46: PAK JAMIL | H46: 2.73 | I46: 3068 | N46: 43 | O46: Plastik PE | R46: =P46*Q46 -> 0
A47: BU FEBRI | B47: Emberan | C47: 0.5 | D47: 1000 | E47: 500 | G47: PAK SUMARMAN | H47: 4.4 | I47: 6070 | N47: 44 | O47: Plastik PP | R47: =P47*Q47 -> 0
A48: BU FEBRI | B48: Kabel Alumunium | C48: 0.15 | D48: 1400 | E48: 210 | G48: PAK WAWAN | H48: 6.55 | I48: 12580 | N48: 45 | O48: PVC | P48: =VLOOKUP(O48,KamiBox!$C$2:$F$58,4,0) -> 900 | Q48: =SUMIF($B$3:$B$346,O48,$C$3:$C$346) -> 2.6 | R48: =P48*Q48 -> 2340
A49: BU FEBRI | B49: Plastik PE | C49: 0.35 | D49: 800 | E49: 280 | G49: POPI | H49: 0.5 | I49: 150 | N49: 46 | O49: Selang | P49: =VLOOKUP(O49,KamiBox!$C$2:$F$58,4,0) -> #N/A | Q49: =SUMIF($B$3:$B$346,O49,$C$3:$C$346) -> 1.1 | R49: =P49*Q49 -> #N/A
A50: VENA | B50: Kardus | C50: 0.35 | D50: 1000 | E50: 350 | G50: SAHABAT QUR'AN | H50: 17.05 | I50: 16180 | N50: 46 | O50: Seng/Kawat | P50: =VLOOKUP(O50,KamiBox!$C$2:$F$58,4,0) -> 700 | Q50: =SUMIF($B$3:$B$346,O50,$C$3:$C$346) -> 0.3 | R50: =P50*Q50 -> 210
A51: VENA | B51: Botol PET bersih | C51: 0.2 | D51: 2800 | E51: 560 | G51: SELLY | H51: 29.42 | I51: 36629 | N51: 47 | O51: Styrofoam | P51: =VLOOKUP(O51,KamiBox!$C$2:$F$58,4,0) -> 400 | Q51: =SUMIF($B$3:$B$346,O51,$C$3:$C$346) -> 0 | R51: =P51*Q51 -> 0
A52: VENA | B52: Aluminium Rongsok | C52: 0.1 | D52: 8000 | E52: 800 | G52: VENA | H52: 3.45 | I52: 3465 | N52: 48 | O52: Tembaga | P52: =VLOOKUP(O52,KamiBox!$C$2:$F$58,4,0) -> 60000 | Q52: =SUMIF($B$3:$B$346,O52,$C$3:$C$346) -> 0 | R52: =P52*Q52 -> 0
A53: VENA | B53: Asoy | C53: 0.1 | D53: 500 | E53: 50 | G53: VINA RT 3 | H53: 3.9 | I53: 3878 | N53: 49 | O53: Tetrapak/UBC | P53: =VLOOKUP(O53,KamiBox!$C$2:$F$58,4,0) -> 150 | Q53: =SUMIF($B$3:$B$346,O53,$C$3:$C$346) -> 0 | R53: =P53*Q53 -> 0
A54: VENA | B54: Plastik Multilayer | C54: 0.6 | D54: 300 | E54: 180 | G54: WARBO | H54: 4.5 | I54: 4500 | N54: 50 | O54: Tutup Botol | P54: =VLOOKUP(O54,KamiBox!$C$2:$F$58,4,0) -> 3000 | Q54: 14.95 | R54: =P54*Q54 -> 44850
A55: VENA | B55: MIX A/Boncos | C55: 1.15 | D55: 500 | E55: 575 | G55: Bu Tria Blok Uc | H55: 45.05 | I55: 315350 | N55: 51 | O55: Tutup Galon | P55: =VLOOKUP(O55,KamiBox!$C$2:$F$58,4,0) -> 4500 | Q55: 2.4 | R55: =P55*Q55 -> 10800
A56: VENA | B56: Emberan | C56: 0.95 | D56: 1000 | E56: 950 | G56: Grand Total | H56: 621.21 | I56: 1160592 | N56: 52 | O56: TV | P56: =VLOOKUP(O56,KamiBox!$C$2:$F$58,4,0) -> 20000 | Q56: =SUMIF($B$3:$B$346,O56,$C$3:$C$346) -> 0 | R56: =P56*Q56 -> 0
A57: BU SITI ALFIYAH | B57: Asoy | C57: 1.85 | D57: 500 | E57: 925 | N57: 53 | O57: Yakult | P57: =VLOOKUP(O57,KamiBox!$C$2:$F$58,4,0) -> 1000 | Q57: =SUMIF($B$3:$B$346,O57,$C$3:$C$346) -> 0 | R57: =P57*Q57 -> 0
A58: BU SITI ALFIYAH | B58: Botol PET Kotor | C58: 0.7 | D58: 1600 | E58: 1120 | N58: 54 | O58: Karung | P58: =VLOOKUP(O58,KamiBox!$C$2:$F$58,4,0) -> 1200 | Q58: =SUMIF($B$3:$B$346,O58,$C$3:$C$346) -> 1.3 | R58: =P58*Q58 -> 1560
A59: BU SITI ALFIYAH | B59: Plastik Multilayer | C59: 0.85 | D59: 300 | E59: 255 | N59: 54 | O59: Baja Ringan | P59: =VLOOKUP(O59,KamiBox!$C$2:$F$58,4,0) -> 2000 | Q59: =SUMIF($B$3:$B$346,O59,$C$3:$C$346) -> 0.55 | R59: =P59*Q59 -> 1100
A60: BU SITI ALFIYAH | B60: Buku, majalah, brosur, koran | C60: 0.85 | D60: 800 | E60: 680 | P60: TOTAL | Q60: =SUM(Q4:Q59) -> 558.18 | R60: =SUM(R6:R59) -> #N/A
A61: BU SITI ALFIYAH | B61: STAL/Kabin/Enamel | C61: 2.05 | D61: 1800 | E61: 3690
A62: BU SITI ALFIYAH | B62: MIX A/Boncos | C62: 1.85 | D62: 500 | E62: 925
A63: BU SITI ALFIYAH | B63: Kardus | C63: 1.05 | D63: 1000 | E63: 1050
A64: BU SITI ALFIYAH | B64: Botol PET bersih | C64: 1.2 | D64: 2800 | E64: 3360
A65: PAK WAWAN | B65: Kardus | C65: 3.2 | D65: 1000 | E65: 3200
A66: PAK WAWAN | B66: Botol PET bersih | C66: 3.35 | D66: 2800 | E66: 9380
A67: BU HARTINAH | B67: Botol Kaca Bening/Putih | C67: 2.65 | D67: 150 | E67: 398
A68: BU HARTINAH | B68: Kaleng | C68: 0.45 | D68: 1500 | E68: 675
A69: BU HARTINAH | B69: Emberan | C69: 3.45 | D69: 1000 | E69: 3450
A70: BU HARTINAH | B70: STAL/Kabin/Enamel | C70: 1.1 | D70: 1800 | E70: 1980
A71: BU HARTINAH | B71: Gabrukan | C71: 0.35 | D71: 1000 | E71: 350
A72: BU HARTINAH | B72: Plastik Multilayer | C72: 0.6 | D72: 300 | E72: 180
... A339: SELLY | B339: Gelas PP Bersih (bening) | C339: 0.3 | D339: 3500 | E339: 1050
A340: PAK JAMIL | B340: Plastik Multilayer | C340: 1 | D340: 300 | E340: =C340*D340 -> 300 | F340: Warmindo
A341: PAK JAMIL | B341: Botol PET Kotor | C341: =1+0.73 -> 1.73 | D341: 1600 | E341: =C341*D341 -> 2768 | F341: Warmindo
A342: DANANG | B342: Plastik Multilayer | C342: 1.5 | D342: 300 | E342: =C342*D342 -> 450 | F342: Warmindo
A343: WARBO | B343: Gabrukan | C343: 4.5 | D343: 1000 | E343: =C343*D343 -> 4500 | F343: Warmindo
A344: POPI | B344: Plastik Multilayer | C344: 0.5 | D344: 300 | E344: =C344*D344 -> 150 | F344: Warmindo
A345: BU ANI RW 21 | B345: Jelantah | C345: 15.2 | D345: 7000 | E345: =C345*D345 -> 106400
A346: Bu Tria Blok Uc | B346: Jelantah | C346: =14.2+13.9+13.85+3.1 -> 45.05 | D346: 7000 | E346: =C346*D346 -> 315350
A347: UB | C347: 46
D349: JELANTAH
D350: titipan (UB, UC, RW 21) | E350: Nasabah (21 Juni, 11 Juli)
D351: =(46+15.2+45.05)*7000 -> 743750 | E351: =(45.45+21.85)*5000 -> 336500
E352: =D351+E351 -> 1080250

Sheet 21-6-26 (2)
A2: Nasabah | B2: Material | C2: Berat | D2: Harga | E2: Total | G2: Row Labels | H2: Sum of Berat | I2: Sum of Total | K2: Row Labels | L2: Sum of Berat | N2: Timbangan Kami Box | Q2: Minggu, 21 Juni 2026 | T2: Timbangan Non Kami Box | W2: Minggu, 21 Juni 2026
A3: Aruna RT 5 | B3: Jelantah | C3: 8.95 | D3: 5000 | E3: 44750 | G3: Aruna RT 5 | H3: 8.95 | I3: 44750 | K3: Aluminium Rongsok | L3: 0.4 | N3: No | O3: Jenis Sampah | P3: Harga | Q3: Berat | R3: Total Harga | T3: No | U3: Jenis Sampah | V3: Harga | W3: Berat | X3: Total Harga
A4: Bu Admini | B4: Kardus | C4: 1.2 | D4: 1000 | E4: 1200 | G4: Bu Admini | H4: 6.6 | I4: 7200 | K4: Asoy | L4: 13.1 | N4: 1 | O4: AC | P4: =VLOOKUP(O4,KamiBox!$C$2:$F$58,4,0) -> 200000 | Q4: =SUMIF($B$3:$B$394,O4,$C$3:$C$394) -> 0 | R4: =P4*Q4 -> 0 | T4: 1 | U4: AC | V4: =VLOOKUP(U4,KamiBox!$C$2:$F$58,4,0) -> 200000 | X4: =V4*W4 -> 0
A5: Bu Admini | B5: Gelas PP Warna | C5: 0.9 | D5: 1600 | E5: 1440 | G5: Bu Angga | H5: 10.7 | I5: 26193 | K5: Besi | L5: 25.85 | N5: 2 | O5: Aki | P5: =VLOOKUP(O5,KamiBox!$C$2:$F$58,4,0) -> 9000 | Q5: =SUMIF($B$3:$B$394,O5,$C$3:$C$394) -> 0 | R5: =P5*Q5 -> 0 | T5: 2 | U5: Aki | V5: =VLOOKUP(U5,KamiBox!$C$2:$F$58,4,0) -> 9000 | X5: =V5*W5 -> 0
A6: Bu Admini | B6: MIX A/Boncos | C6: 2.3 | D6: 500 | E6: 1150 | G6: Bu Ani | H6: 9.15 | I6: 9943 | K6: Botol Kaca Bening/Putih | L6: 23.65 | N6: 3 | O6: Akrilik Putih | P6: =VLOOKUP(O6,KamiBox!$C$2:$F$58,4,0) -> 4000 | Q6: =SUMIF($B$3:$B$394,O6,$C$3:$C$394) -> 0 | R6: =P6*Q6 -> 0 | T6: 3 | U6: Akrilik Putih | V6: =VLOOKUP(U6,KamiBox!$C$2:$F$58,4,0) -> 4000 | X6: =V6*W6 -> 0
A7: Bu Admini | B7: Plastik Multilayer | C7: 1.1 | D7: 300 | E7: 330 | G7: Bu Betria | H7: 20.95 | I7: 19083 | K7: Botol Kaca Coklat/Merah | L7: 0.8 | N7: 4 | O7: Alumunium | P7: =VLOOKUP(O7,KamiBox!$C$2:$F$58,4,0) -> 10000 | Q7: 0.4 | R7: =P7*Q7 -> 4000 | T7: 4 | U7: Alumunium | V7: =VLOOKUP(U7,KamiBox!$C$2:$F$58,4,0) -> 10000 | X7: =V7*W7 -> 0
A8: Bu Admini | B8: Botol PET bersih | C8: 1.1 | D8: 2800 | E8: 3080 | G8: Bu Dida | H8: 16 | I8: 25413 | K8: Botol Kaca Hijau | L8: 8 | N8: 5 | O8: Arsip | P8: =VLOOKUP(O8,KamiBox!$C$2:$F$58,4,0) -> 1000 | Q8: =SUMIF($B$3:$B$394,O8,$C$3:$C$394) -> 0 | R8: =P8*Q8 -> 0 | T8: 5 | U8: Arsip | V8: =VLOOKUP(U8,KamiBox!$C$2:$F$58,4,0) -> 1000 | X8: =V8*W8 -> 0
A9: Bu Angga | B9: Botol Kaca Bening/Putih | C9: 0.35 | D9: 150 | E9: 53 | G9: Bu Ecin Dwi | H9: 17 | I9: 21273 | K9: Botol PET bersih | L9: 57.45 | N9: 6 | O9: Asoy | Q9: 0 | R9: =P9*Q9 -> 0 | S9: =W9-Q9 -> 16.05 | T9: 6 | U9: Asoy | V9: =VLOOKUP(U9,KamiBox!$C$2:$F$58,4,0) -> 1500 | W9: 16.05 | X9: 24825 | Y9: Pak Muslih
A10: Bu Angga | B10: Plastik PP | C10: 0.1 | D10: 1000 | E10: 100 | G10: Bu Fatimah | H10: 13.95 | I10: 15150 | K10: Botol PET Kotor | L10: 4.85 | N10: 7 | O10: Besi | P10: =VLOOKUP(O10,KamiBox!$C$2:$F$58,4,0) -> 4000 | Q10: =SUMIF($B$3:$B$394,O10,$C$3:$C$394) -> 25.85 | R10: =P10*Q10 -> 103400 | S10: =S9-1.95 -> 14.1 | T10: 7 | U10: Besi | V10: =VLOOKUP(U10,KamiBox!$C$2:$F$58,4,0) -> 4000 | X10: =V10*W10 -> 0
A11: Bu Angga | B11: Kaleng | C11: 0.75 | D11: 1500 | E11: 1125 | G11: Bu Fisca | H11: 10.55 | I11: 11880 | K11: Buku, majalah, brosur, koran | L11: 98.15 | N11: 8 | O11: Boncos Kotor | P11: =VLOOKUP(O11,KamiBox!$C$2:$F$58,4,0) -> 400 | Q11: =SUMIF($B$3:$B$394,O11,$C$3:$C$394) -> 0 | R11: =P11*Q11 -> 0 | T11: 8 | U11: Boncos Kotor | V11: =VLOOKUP(U11,KamiBox!$C$2:$F$58,4,0) -> 400 | X11: =V11*W11 -> 0
A12: Bu Angga | B12: Asoy | C12: 0.1 | D12: 500 | E12: 50 | G12: Bu Hadiyana | H12: 59.7 | I12: 86060 | K12: Emberan | L12: 93.68 | N12: 9 | O12: Botol Kaca Hijau | P12: =VLOOKUP(O12,KamiBox!$C$2:$F$58,4,0) -> 100 | Q12: =SUMIF($B$3:$B$394,O12,$C$3:$C$394) -> 8 | R12: =P12*Q12 -> 800 | T12: 9 | U12: Botol Kaca Hijau | V12: =VLOOKUP(U12,KamiBox!$C$2:$F$58,4,0) -> 100 | X12: =V12*W12 -> 0
A13: Bu Angga | B13: Plastik Multilayer | C13: 0.7 | D13: 300 | E13: 210 | G13: Bu Halimah | H13: 6.8 | I13: 8945 | K13: Gabrukan | L13: 37.7 | N13: 10 | O13: Botol Kaca Bening/Putih | P13: =VLOOKUP(O13,KamiBox!$C$2:$F$58,4,0) -> 200 | Q13: =SUMIF($B$3:$B$394,O13,$C$3:$C$394) -> 23.65 | R13: =P13*Q13 -> 4730 | T13: 10 | U13: Botol Kaca Bening/Putih | V13: =VLOOKUP(U13,KamiBox!$C$2:$F$58,4,0) -> 200 | X13: =V13*W13 -> 0
A14: Bu Angga | B14: Jelantah | C14: 3.75 | D14: 5000 | E14: 18750 | G14: Bu Hartinah | H14: 12.6 | I14: 11160 | K14: Gelas PP Bersih (bening) | L14: 3.8 | N14: 11 | O14: Botol Kaca Campur | P14: =VLOOKUP(O14,KamiBox!$C$2:$F$58,4,0) -> 100 | Q14: =SUMIF($B$3:$B$394,O14,$C$3:$C$394) -> 0 | R14: =P14*Q14 -> 0 | T14: 11 | U14: Botol Kaca Campur | V14: =VLOOKUP(U14,KamiBox!$C$2:$F$58,4,0) -> 100 | X14: =V14*W14 -> 0
A15: Bu Angga | B15: Emberan | C15: 0.25 | D15: 1000 | E15: 250 | G15: Bu Ida Amanah | H15: 6.65 | I15: 7288 | K15: Gelas PP Warna | L15: 4.55 | N15: 12 | O15: Botol Kaca Coklat/Merah | P15: =VLOOKUP(O15,KamiBox!$C$2:$F$58,4,0) -> 800 | Q15: =SUMIF($B$3:$B$394,O15,$C$3:$C$394) -> 0.8 | R15: =P15*Q15 -> 640 | T15: 12 | U15: Botol Kaca Coklat/Merah | V15: =VLOOKUP(U15,KamiBox!$C$2:$F$58,4,0) -> 800 | X15: =V15*W15 -> 0
A16: Bu Angga | B16: MIX A/Boncos | C16: 1.45 | D16: 500 | E16: 725 | G16: Bu Irma | H16: 3.1 | I16: 2230 | K16: HVS/Putihan | L16: 1.8 | N16: 13 | O16: Botol PET bersih | P16: =VLOOKUP(O16,KamiBox!$C$2:$F$58,4,0) -> 5000 | Q16: 4.3 | R16: =P16*Q16 -> 21500 | S16: 57.45 | T16: 13 | U16: Botol PET bersih | V16: 5500 | W16: 62 | X16: 342000 | Y16: Pak Surat
A17: Bu Angga | B17: Kardus | C17: 0.9 | D17: 1000 | E17: 900 | G17: Bu Kamiem | H17: 7.65 | I17: 15285 | K17: Jelantah | L17: 91.45 | M17: =C383 -> 46 | N17: 14 | O17: Botol PET Kotor | P17: =VLOOKUP(O17,KamiBox!$C$2:$F$58,4,0) -> 2500 | Q17: =SUMIF($B$3:$B$394,O17,$C$3:$C$394) -> 4.85 | R17: =P17*Q17 -> 12125 | T17: 14 | U17: Botol PET Kotor | V17: =VLOOKUP(U17,KamiBox!$C$2:$F$58,4,0) -> 2500 | X17: =V17*W17 -> 0
A18: Bu Angga | B18: Botol PET bersih | C18: 0.85 | D18: 2800 | E18: 2380 | G18: Bu Lilis | H18: 44.4 | I18: 53002 | K18: Kabel Alumunium | L18: 2.25 | M18: =GETPIVOTDATA("Berat",$K$2,"Material","Jelantah")-M17 -> 45.45 | N18: 15 | O18: Botol Plastik Kemasan Campur | P18: =VLOOKUP(O18,KamiBox!$C$2:$F$58,4,0) -> 1000 | Q18: =SUMIF($B$3:$B$394,O18,$C$3:$C$394) -> 0 | R18: =P18*Q18 -> 0 | T18: 15 | U18: Botol Plastik Kemasan Campur | V18: =VLOOKUP(U18,KamiBox!$C$2:$F$58,4,0) -> 1000 | X18: =V18*W18 -> 0
A19: Bu Angga | B19: Gabrukan | C19: 1.4 | D19: 1000 | E19: 1400 | G19: Bu Mimin | H19: 5.05 | I19: 6130 | K19: Kaleng | L19: 12.9 | M19: =M18*5000 -> 227250 | N19: 16 | O19: Buku, majalah, brosur, koran | P19: =VLOOKUP(O19,KamiBox!$C$2:$F$58,4,0) -> 1000 | Q19: =SUMIF($B$3:$B$394,O19,$C$3:$C$394) -> 98.15 | R19: =P19*Q19 -> 98150 | T19: 16 | U19: Buku, majalah, brosur, koran | V19: =VLOOKUP(U19,KamiBox!$C$2:$F$58,4,0) -> 1000 | X19: =V19*W19 -> 0
A20: Bu Angga | B20: Tutup Botol | C20: 0.1 | D20: 2500 | E20: 250 | G20: Bu Minah | H20: 1.5 | I20: 1970 | K20: Kardus | L20: 168.7 | N20: 17 | O20: Emberan | P20: =VLOOKUP(O20,KamiBox!$C$2:$F$58,4,0) -> 1200 | Q20: =SUMIF($B$3:$B$394,O20,$C$3:$C$394) -> 93.68 | R20: =P20*Q20 -> 112416 | T20: 17 | U20: Emberan | V20: =VLOOKUP(U20,KamiBox!$C$2:$F$58,4,0) -> 1200 | X20: =V20*W20 -> 0
A21: Bu Ani | B21: Plastik Multilayer | C21: 0.5 | D21: 300 | E21: 150 | G21: Bu Nining | H21: 10.28 | I21: 8220 | K21: Karung | L21: 3.8 | N21: 18 | O21: Gabrukan | P21: =VLOOKUP(O21,KamiBox!$C$2:$F$58,4,0) -> 1000 | Q21: 35.7 | R21: =P21*Q21 -> 35700 | T21: 18 | U21: Gabrukan | V21: =VLOOKUP(U21,KamiBox!$C$2:$F$58,4,0) -> 1000 | X21: =V21*W21 -> 0
A22: Bu Ani | B22: Botol Kaca Bening/Putih | C22: 0.95 | D22: 150 | E22: 143 | G22: Bu Nita | H22: 2.75 | I22: 3545 | K22: Kones | L22: 1.4 | N22: 19 | O22: Galon PC | P22: =VLOOKUP(O22,KamiBox!$C$2:$F$58,4,0) -> 3000 | Q22: =SUMIF($B$3:$B$394,O22,$C$3:$C$394) -> 0 | R22: =P22*Q22 -> 0 | T22: 19 | U22: Galon PC | V22: =VLOOKUP(U22,KamiBox!$C$2:$F$58,4,0) -> 3000 | X22: =V22*W22 -> 0
A23: Bu Ani | B23: Emberan | C23: 1.05 | D23: 1000 | E23: 1050 | G23: Bu Nurhayati | H23: 2.15 | I23: 1820 | K23: Kristal Putih | L23: 1.75 | N23: 20 | O23: Gelas PP Bersih | P23: =VLOOKUP(O23,KamiBox!$C$2:$F$58,4,0) -> 4000 | Q23: 3.8 | R23: =P23*Q23 -> 15200 | T23: 20 | U23: Gelas PP Bersih | V23: =VLOOKUP(U23,KamiBox!$C$2:$F$58,4,0) -> 4000 | X23: =V23*W23 -> 0
A24: Bu Ani | B24: Botol PET bersih | C24: 1.5 | D24: 2800 | E24: 4200 | G24: Bu Nurjanah | H24: 8.65 | I24: 9815 | K24: MIX A/Boncos | L24: 45.55 | N24: 21 | O24: Gelas PP Warna | P24: =VLOOKUP(O24,KamiBox!$C$2:$F$58,4,0) -> 2000 | Q24: =SUMIF($B$3:$B$394,O24,$C$3:$C$394) -> 4.55 | R24: =P24*Q24 -> 9100 | T24: 21 | U24: Gelas PP Warna | V24: =VLOOKUP(U24,KamiBox!$C$2:$F$58,4,0) -> 2000 | X24: =V24*W24 -> 0
A25: Bu Ani | B25: MIX A/Boncos | C25: 1.5 | D25: 500 | E25: 750 | G25: Bu Nurlayli | H25: 4.2 | I25: 6708 | K25: Plastik Multilayer | L25: 87.4 | N25: 22 | O25: Handphone | P25: =VLOOKUP(O25,KamiBox!$C$2:$F$58,4,0) -> 5000 | Q25: =SUMIF($B$3:$B$394,O25,$C$3:$C$394) -> 0 | R25: =P25*Q25 -> 0 | T25: 22 | U25: Handphone | V25: =VLOOKUP(U25,KamiBox!$C$2:$F$58,4,0) -> 5000 | X25: =V25*W25 -> 0
A26: Bu Ani | B26: Kardus | C26: 3.65 | D26: 1000 | E26: 3650 | G26: Bu Purwani | H26: 7.9 | I26: 7810 | K26: Plastik PE | L26: 2.1 | N26: 23 | O26: HVS/Putihan | P26: =VLOOKUP(O26,KamiBox!$C$2:$F$58,4,0) -> 2000 | Q26: =SUMIF($B$3:$B$394,O26,$C$3:$C$394) -> 1.8 | R26: =P26*Q26 -> 3600 | T26: 23 | U26: HVS/Putihan | V26: =VLOOKUP(U26,KamiBox!$C$2:$F$58,4,0) -> 2000 | X26: =V26*W26 -> 0
A27: Bu Betria | B27: Kaleng | C27: 0.7 | D27: 1500 | E27: 1050 | G27: Bu Ratu Tuti | H27: 2.95 | I27: 4330 | K27: Plastik PP | L27: 11.05 | N27: 24 | O27: Impact | P27: =VLOOKUP(O27,KamiBox!$C$2:$F$58,4,0) -> 700 | Q27: =SUMIF($B$3:$B$394,O27,$C$3:$C$394) -> 0 | R27: =P27*Q27 -> 0 | T27: 24 | U27: Impact | V27: =VLOOKUP(U27,KamiBox!$C$2:$F$58,4,0) -> 700 | X27: =V27*W27 -> 0
A28: Bu Betria | B28: Botol Kaca Bening/Putih | C28: 1.45 | D28: 150 | E28: 218 | G28: Bu Riris | H28: 6.35 | I28: 7415 | K28: STAL/Kabin/Enamel | L28: 17.2 | N28: 25 | O28: Jelantah | P28: =VLOOKUP(O28,KamiBox!$C$2:$F$58,4,0) -> 7000 | Q28: 0 | R28: =P28*Q28 -> 0 | T28: 25 | U28: Jelantah | V28: 8800 | W28: =45.45+46 -> 91.45 | X28: =V28*W28 -> 804760 | Y28: Titipan
A29: Bu Betria | B29: Botol PET Kotor | C29: 0.25 | D29: 1600 | E29: 400 | G29: Bu Rumiyati | H29: 2.45 | I29: 2075 | K29: Styrofoam | L29: 0.25 | N29: 26 | O29: Kabel | P29: =VLOOKUP(O29,KamiBox!$C$2:$F$58,4,0) -> 1500 | Q29: 2.25 | R29: =P29*Q29 -> 3375 | T29: 26 | U29: Kabel | V29: =VLOOKUP(U29,KamiBox!$C$2:$F$58,4,0) -> 1500 | X29: =V29*W29 -> 0
A30: Bu Betria | B30: MIX A/Boncos | C30: 3.7 | D30: 500 | E30: 1850 | G30: Bu Sandra | H30: 7.75 | I30: 6565 | K30: Tutup Botol | L30: 5.55 | N30: 27 | O30: Kabin | P30: =VLOOKUP(O30,KamiBox!$C$2:$F$58,4,0) -> 2000 | Q30: 17.2 | R30: =P30*Q30 -> 34400 | T30: 27 | U30: Kabin | V30: =VLOOKUP(U30,KamiBox!$C$2:$F$58,4,0) -> 2000 | X30: =V30*W30 -> 0
A31: Bu Betria | B31: Plastik Multilayer | C31: 2.75 | D31: 300 | E31: 825 | G31: Bu Sariyanti | H31: 6.45 | I31: 6695 | K31: Tutup Galon | L31: 0.55 | N31: 28 | O31: Kaca | P31: =VLOOKUP(O31,KamiBox!$C$2:$F$58,4,0) -> 100 | Q31: =SUMIF($B$3:$B$394,O31,$C$3:$C$394) -> 0 | R31: =P31*Q31 -> 0 | T31: 28 | U31: Kaca | V31: =VLOOKUP(U31,KamiBox!$C$2:$F$58,4,0) -> 100 | X31: =V31*W31 -> 0
A32: Bu Betria | B32: Buku, majalah, brosur, koran | C32: 3.45 | D32: 800 | E32: 2760 | G32: Bu Sarmiyah | H32: 11.3 | I32: 30020 | K32: Grand Total | L32: 825.68 | N32: 29 | O32: Kaleng | P32: =VLOOKUP(O32,KamiBox!$C$2:$F$58,4,0) -> 2000 | Q32: =SUMIF($B$3:$B$394,O32,$C$3:$C$394) -> 12.9 | R32: =P32*Q32 -> 25800 | T32: 29 | U32: Kaleng | V32: =VLOOKUP(U32,KamiBox!$C$2:$F$58,4,0) -> 2000 | X32: =V32*W32 -> 0
A33: Bu Betria | B33: Kardus | C33: 5.15 | D33: 1000 | E33: 5150 | G33: Bu Satini | H33: 13.6 | I33: 13880 | N33: 30 | O33: Kantung Semen | P33: =VLOOKUP(O33,KamiBox!$C$2:$F$58,4,0) -> 1800 | Q33: =SUMIF($B$3:$B$394,O33,$C$3:$C$394) -> 0 | R33: =P33*Q33 -> 0 | T33: 30 | U33: Kantung Semen | V33: =VLOOKUP(U33,KamiBox!$C$2:$F$58,4,0) -> 1800 | X33: =V33*W33 -> 0
A34: Bu Betria | B34: Botol PET bersih | C34: 1.85 | D34: 2800 | E34: 5180 | G34: Bu Suci | H34: 8.85 | I34: 8690 | N34: 31 | O34: Kardus | P34: =VLOOKUP(O34,KamiBox!$C$2:$F$58,4,0) -> 1800 | Q34: =SUMIF($B$3:$B$394,O34,$C$3:$C$394) -> 168.7 | R34: =P34*Q34 -> 303660 | T34: 31 | U34: Kardus | V34: =VLOOKUP(U34,KamiBox!$C$2:$F$58,4,0) -> 1800 | X34: =V34*W34 -> 0
A35: Bu Betria | B35: Emberan | C35: 1.65 | D35: 1000 | E35: 1650 | G35: Bu Suhermiati | H35: 24.65 | I35: 20800 | K35: Keuntungan Penjualan | N35: 32 | O35: Kaset CD | P35: =VLOOKUP(O35,KamiBox!$C$2:$F$58,4,0) -> 4000 | Q35: =SUMIF($B$3:$B$394,O35,$C$3:$C$394) -> 0 | R35: =P35*Q35 -> 0 | T35: 32 | U35: Kaset CD | V35: =VLOOKUP(U35,KamiBox!$C$2:$F$58,4,0) -> 4000 | X35: =V35*W35 -> 0
A36: Bu Dida | B36: Besi | C36: 6.35 | D36: 2500 | E36: 15875 | G36: Bu Sukayah | H36: 8.8 | I36: 6720 | K36: =X58+R58-GETPIVOTDATA("Sum of Total",$G$2) -> 735626 | N36: 33 | O36: Komputer | P36: =VLOOKUP(O36,KamiBox!$C$2:$F$58,4,0) -> 60000 | Q36: =SUMIF($B$3:$B$394,O36,$C$3:$C$394) -> 0 | R36: =P36*Q36 -> 0 | T36: 33 | U36: Komputer | V36: =VLOOKUP(U36,KamiBox!$C$2:$F$58,4,0) -> 60000 | X36: =V36*W36 -> 0
A37: Bu Dida | B37: Botol Kaca Bening/Putih | C37: 1.95 | D37: 150 | E37: 293 | G37: Bu Suriya | H37: 7.7 | I37: 8510 | N37: 34 | O37: Kones | P37: =VLOOKUP(O37,KamiBox!$C$2:$F$58,4,0) -> 700 | Q37: =SUMIF($B$3:$B$394,O37,$C$3:$C$394) -> 1.4 | R37: =P37*Q37 -> 980 | T37: 34 | U37: Kones | V37: =VLOOKUP(U37,KamiBox!$C$2:$F$58,4,0) -> 700 | X37: =V37*W37 -> 0
A38: Bu Dida | B38: Tutup Botol | C38: 0.05 | D38: 2500 | E38: 125 | G38: Bu Wiwin | H38: 32.4 | I38: 122373 | N38: 35 | O38: Kristal Putih | P38: =VLOOKUP(O38,KamiBox!$C$2:$F$58,4,0) -> 4000 | Q38: =SUMIF($B$3:$B$394,O38,$C$3:$C$394) -> 1.75 | R38: =P38*Q38 -> 7000 | T38: 35 | U38: Kristal Putih | V38: =VLOOKUP(U38,KamiBox!$C$2:$F$58,4,0) -> 4000 | X38: =V38*W38 -> 0
A39: Bu Dida | B39: Aluminium Rongsok | C39: 0.1 | D39: 8000 | E39: 800 | G39: Bu Wuri | H39: 17.45 | I39: 17135 | N39: 36 | O39: Kulkas | P39: =VLOOKUP(O39,KamiBox!$C$2:$F$58,4,0) -> 50000 | Q39: =SUMIF($B$3:$B$394,O39,$C$3:$C$394) -> 0 | R39: =P39*Q39 -> 0 | T39: 36 | U39: Kulkas | V39: =VLOOKUP(U39,KamiBox!$C$2:$F$58,4,0) -> 50000 | X39: =V39*W39 -> 0
A40: Bu Dida | B40: Asoy | C40: 0.2 | D40: 500 | E40: 100 | G40: Bu Yanti Bela | H40: 30.85 | I40: 39145 | N40: 37 | O40: Kuningan | P40: =VLOOKUP(O40,KamiBox!$C$2:$F$58,4,0) -> 35000 | Q40: =SUMIF($B$3:$B$394,O40,$C$3:$C$394) -> 0 | R40: =P40*Q40 -> 0 | T40: 37 | U40: Kuningan | V40: =VLOOKUP(U40,KamiBox!$C$2:$F$58,4,0) -> 35000 | X40: =V40*W40 -> 0
A41: Bu Dida | B41: Plastik Multilayer | C41: 1.05 | D41: 300 | E41: 315 | G41: Bu Yanti Warmindo | H41: 1.45 | I41: 435 | N41: 38 | O41: Mesin Cuci | P41: =VLOOKUP(O41,KamiBox!$C$2:$F$58,4,0) -> 50000 | Q41: =SUMIF($B$3:$B$394,O41,$C$3:$C$394) -> 0 | R41: =P41*Q41 -> 0 | T41: 38 | U41: Mesin Cuci | V41: =VLOOKUP(U41,KamiBox!$C$2:$F$58,4,0) -> 50000 | X41: =V41*W41 -> 0
A42: Bu Dida | B42: Emberan | C42: 1.95 | D42: 1000 | E42: 1950 | G42: Bu Yenvitriati | H42: 6.9 | I42: 9640 | N42: 39 | O42: Mika | Q42: =SUMIF($B$3:$B$394,O42,$C$3:$C$394) -> 0 | R42: =P42*Q42 -> 0 | T42: 39 | U42: Mika | X42: =V42*W42 -> 0
A43: Bu Dida | B43: Botol PET bersih | C43: 1.35 | D43: 2800 | E43: 3780 | G43: Dipo | H43: 10.1 | I43: 7990 | N43: 40 | O43: MIX A/Boncos | P43: =VLOOKUP(O43,KamiBox!$C$2:$F$58,4,0) -> 700 | Q43: =SUMIF($B$3:$B$394,O43,$C$3:$C$394) -> 45.55 | R43: =P43*Q43 -> 31885 | T43: 40 | U43: MIX A/Boncos | V43: =VLOOKUP(U43,KamiBox!$C$2:$F$58,4,0) -> 700 | X43: =V43*W43 -> 0
A44: Bu Dida | B44: Kardus | C44: 1.35 | D44: 1000 | E44: 1350 | G44: Gloria RT 5 | H44: 13.2 | I44: 13200 | N44: 41 | O44: Plastik Minyak goreng | Q44: =SUMIF($B$3:$B$394,O44,$C$3:$C$394) -> 0 | R44: =P44*Q44 -> 0 | T44: 41 | U44: Plastik Minyak goreng | X44: =V44*W44 -> 0
A45: Bu Dida | B45: MIX A/Boncos | C45: 1.65 | D45: 500 | E45: 825 | G45: Joel RT 6 | H45: 46.8 | I45: 39585 | N45: 42 | O45: Plastik Multilayer | P45: =VLOOKUP(O45,KamiBox!$C$2:$F$58,4,0) -> 500 | Q45: 68.8 | R45: =P45*Q45 -> 34400 | T45: 42 | U45: Plastik Multilayer | V45: =VLOOKUP(U45,KamiBox!$C$2:$F$58,4,0) -> 500 | W45: 18.6 | Y45: Masuk Bulan Depan
A46: Bu Ecin Dwi | B46: Gabrukan | C46: 1.1 | D46: 1000 | E46: 1100 | G46: Karang Taruna | H46: 11.5 | I46: 10800 | N46: 43 | O46: Plastik PE | P46: 1000 | Q46: =SUMIF($B$3:$B$394,O46,$C$3:$C$394) -> 2.1 | R46: =P46*Q46 -> 2100 | T46: 43 | U46: Plastik PE | V46: =VLOOKUP(U46,KamiBox!$C$2:$F$58,4,0) -> 1700 | X46: =V46*W46 -> 0
A47: Bu Ecin Dwi | B47: Botol Kaca Bening/Putih | C47: 0.55 | D47: 150 | E47: 83 | G47: Kas | H47: 1.45 | I47: 3915 | N47: 44 | O47: Plastik PP | P47: 1000 | Q47: =SUMIF($B$3:$B$394,O47,$C$3:$C$394) -> 11.05 | R47: =P47*Q47 -> 11050 | T47: 44 | U47: Plastik PP | V47: =VLOOKUP(U47,KamiBox!$C$2:$F$58,4,0) -> 1700 | W47: 0.3 | X47: 510 | Y47: Pak Muslih
A48: Bu Ecin Dwi | B48: Kaleng | C48: 0.2 | D48: 1500 | E48: 300 | G48: Mama Adam | H48: 3.95 | I48: 2725 | N48: 45 | O48: PVC | P48: =VLOOKUP(O48,KamiBox!$C$2:$F$58,4,0) -> 900 | Q48: =SUMIF($B$3:$B$394,O48,$C$3:$C$394) -> 0 | R48: =P48*Q48 -> 0 | T48: 45 | U48: PVC | V48: =VLOOKUP(U48,KamiBox!$C$2:$F$58,4,0) -> 900 | X48: =V48*W48 -> 0
A49: Bu Ecin Dwi | B49: Emberan | C49: 0.35 | D49: 1000 | E49: 350 | G49: Mama Wahyu | H49: 9.6 | I49: 5150 | N49: 46 | O49: Seng/Kawat | P49: =VLOOKUP(O49,KamiBox!$C$2:$F$58,4,0) -> 700 | Q49: =SUMIF($B$3:$B$394,O49,$C$3:$C$394) -> 0 | R49: =P49*Q49 -> 0 | T49: 46 | U49: Seng/Kawat | V49: =VLOOKUP(U49,KamiBox!$C$2:$F$58,4,0) -> 700 | X49: =V49*W49 -> 0
A50: Bu Ecin Dwi | B50: STAL/Kabin/Enamel | C50: 1.95 | D50: 1800 | E50: 3510 | G50: Mba Dian | H50: 38.5 | I50: 49053 | N50: 47 | O50: Styrofoam | P50: =VLOOKUP(O50,KamiBox!$C$2:$F$58,4,0) -> 400 | Q50: =SUMIF($B$3:$B$394,O50,$C$3:$C$394) -> 0.25 | R50: =P50*Q50 -> 100 | T50: 47 | U50: Styrofoam | V50: =VLOOKUP(U50,KamiBox!$C$2:$F$58,4,0) -> 400 | X50: =V50*W50 -> 0
A51: Bu Ecin Dwi | B51: Tutup Galon | C51: 0.1 | D51: 3500 | E51: 350 | G51: Mbak Nurhayati | H51: 39.55 | I51: 65783 | N51: 48 | O51: Tembaga | P51: =VLOOKUP(O51,KamiBox!$C$2:$F$58,4,0) -> 60000 | Q51: =SUMIF($B$3:$B$394,O51,$C$3:$C$394) -> 0 | R51: =P51*Q51 -> 0 | T51: 48 | U51: Tembaga | V51: =VLOOKUP(U51,KamiBox!$C$2:$F$58,4,0) -> 60000 | X51: =V51*W51 -> 0
A52: Bu Ecin Dwi | B52: Tutup Botol | C52: 0.15 | D52: 2500 | E52: 375 | G52: Oma Carrisa | H52: 11.15 | I52: 15935 | N52: 49 | O52: Tetrapak/UBC | P52: =VLOOKUP(O52,KamiBox!$C$2:$F$58,4,0) -> 150 | Q52: =SUMIF($B$3:$B$394,O52,$C$3:$C$394) -> 0 | R52: =P52*Q52 -> 0 | T52: 49 | U52: Tetrapak/UBC | V52: =VLOOKUP(U52,KamiBox!$C$2:$F$58,4,0) -> 150 | X52: =V52*W52 -> 0
A53: Bu Ecin Dwi | B53: Botol PET bersih | C53: 0.75 | D53: 2800 | E53: 2100 | G53: Pak Soleh | H53: 9.7 | I53: 12585 | N53: 50 | O53: Tutup Botol | P53: =VLOOKUP(O53,KamiBox!$C$2:$F$58,4,0) -> 3000 | Q53: =SUMIF($B$3:$B$394,O53,$C$3:$C$394) -> 5.55 | R53: =P53*Q53 -> 16650 | T53: 50 | U53: Tutup Botol | V53: =VLOOKUP(U53,KamiBox!$C$2:$F$58,4,0) -> 3000 | X53: =V53*W53 -> 0
A54: Bu Ecin Dwi | B54: Plastik Multilayer | C54: 1.6 | D54: 300 | E54: 480 | G54: Pak Wawan | H54: 8.65 | I54: 10960 | N54: 51 | O54: Tutup Galon | P54: =VLOOKUP(O54,KamiBox!$C$2:$F$58,4,0) -> 4500 | Q54: =SUMIF($B$3:$B$394,O54,$C$3:$C$394) -> 0.55 | R54: =P54*Q54 -> 2475 | T54: 51 | U54: Tutup Galon | V54: =VLOOKUP(U54,KamiBox!$C$2:$F$58,4,0) -> 4500 | X54: =V54*W54 -> 0
A55: Bu Ecin Dwi | B55: Gelas PP Bersih (bening) | C55: 0.95 | D55: 3500 | E55: 3325 | G55: Sahabat Qur'An | H55: 15.45 | I55: 14325 | N55: 52 | O55: TV | P55: =VLOOKUP(O55,KamiBox!$C$2:$F$58,4,0) -> 20000 | Q55: =SUMIF($B$3:$B$394,O55,$C$3:$C$394) -> 0 | R55: =P55*Q55 -> 0 | T55: 52 | U55: TV | V55: =VLOOKUP(U55,KamiBox!$C$2:$F$58,4,0) -> 20000 | X55: =V55*W55 -> 0
A56: Bu Ecin Dwi | B56: Kardus | C56: 9.3 | D56: 1000 | E56: 9300 | G56: Selly | H56: 16.7 | I56: 20945 | N56: 53 | O56: Yakult | P56: =VLOOKUP(O56,KamiBox!$C$2:$F$58,4,0) -> 1000 | Q56: =SUMIF($B$3:$B$394,O56,$C$3:$C$394) -> 0 | R56: =P56*Q56 -> 0 | T56: 53 | U56: Yakult | V56: =VLOOKUP(U56,KamiBox!$C$2:$F$58,4,0) -> 1000 | X56: =V56*W56 -> 0
A57: Bu Fatimah | B57: Botol PET Kotor | C57: 2 | D57: 1600 | E57: 3200 | G57: Vena | H57: 3.7 | I57: 3090 | N57: 54 | O57: Karung | P57: =VLOOKUP(O57,KamiBox!$C$2:$F$58,4,0) -> 1200 | Q57: =SUMIF($B$3:$B$394,O57,$C$3:$C$394) -> 3.8 | R57: =P57*Q57 -> 4560 | T57: 54 | U57: Karung | V57: =VLOOKUP(U57,KamiBox!$C$2:$F$58,4,0) -> 1200 | X57: =V57*W57 -> 0
A58: Bu Fatimah | B58: Gabrukan | C58: 4.8 | D58: 1000 | E58: 4800 | G58: Vina RT 3 | H58: 12.35 | I58: 5188 | P58: TOTAL | Q58: =SUM(Q4:Q57) -> 647.38 | R58: =SUM(R4:R57) -> 899796 | V58: TOTAL | W58: =SUM(W4:W57) -> 188.4 | X58: =SUM(X4:X57) -> 1172095
A59: Bu Fatimah | B59: Kardus | C59: 7.15 | D59: 1000 | E59: 7150 | G59: Warbi Warmindo | H59: 2.1 | I59: 6305
A60: Bu Fisca | B60: MIX A/Boncos | C60: 0.35 | D60: 500 | E60: 175 | G60: Bank Sampah Dasana UB | H60: 63.6 | I60: 327280
A61: Bu Fisca | B61: Kaleng | C61: 0.2 | D61: 1500 | E61: 300 | G61: Bu Sinta UE | H61: 16.6 | I61: 4980
A62: Bu Fisca | B62: Botol Kaca Bening/Putih | C62: 0.9 | D62: 150 | E62: 135 | G62: Danang Warmindo | H62: 2.9 | I62: 870
A63: Bu Fisca | B63: Tutup Botol | C63: 0.4 | D63: 2500 | E63: 1000 | G63: Pak Jamil Warmindo | H63: 1 | I63: 300
A64: Bu Fisca | B64: Gelas PP Warna | C64: 0.7 | D64: 1600 | E64: 1120 | G64: Grand Total | H64: 825.68 | I64: 1336265
A65: Bu Fisca | B65: Plastik Multilayer | C65: 5.3 | D65: 300 | E65: 1590
A66: Bu Fisca | B66: Botol PET bersih | C66: 2.7 | D66: 2800 | E66: 7560
A67: Bu Hadiyana | B67: Emberan | C67: 0.05 | D67: 1000 | E67: 50
A68: Bu Hadiyana | B68: Gelas PP Warna | C68: 0.45 | D68: 1600 | E68: 720
A69: Bu Hadiyana | B69: Asoy | C69: 0.35 | D69: 500 | E69: 175
A70: Bu Hadiyana | B70: Plastik PE | C70: 0.45 | D70: 800 | E70: 360
A71: Bu Hadiyana | B71: Kardus | C71: 19.5 | D71: 1000 | E71: 19500
A72: Bu Hadiyana | B72: Besi | C72: 1.5 | D72: 2500 | E72: 3750
A73: Bu Hadiyana | B73: Tutup Botol | C73: 0.55 | D73: 2500 | E73: 1375
A74: Bu Hadiyana | B74: Tutup Galon | C74: 0.2 | D74: 3500 | E74: 700
A75: Bu Hadiyana | B75: MIX A/Boncos | C75: 1.25 | D75: 500 | E75: 625
A76: Bu Hadiyana | B76: Buku, majalah, brosur, koran | C76: 14.55 | D76: 800 | E76: 11640
... A380: Vena | B380: Plastik Multilayer | C380: 0.4 | D380: 300 | E380: 120
A381: Bank Sampah Dasana UB | B381: Plastik Multilayer | C381: 16 | D381: 300 | E381: =C381*D381 -> 4800
A382: Bank Sampah Dasana UB | B382: Asoy | C382: 1.6 | D382: 300 | E382: =C382*D382 -> 480
A383: Bank Sampah Dasana UB | B383: Jelantah | C383: 46 | D383: 7000 | E383: =C383*D383 -> 322000
A384: Bu Sinta UE | B384: Plastik Multilayer | C384: 16.6 | D384: 300 | E384: =C384*D384 -> 4980
A385: Vina RT 3 | B385: Botol Kaca Bening/Putih | C385: 1.45 | D385: 150 | E385: 218
A386: Vina RT 3 | B386: Botol Kaca Coklat/Merah | C386: 0.8 | D386: 600 | E386: 480
A387: Vina RT 3 | B387: Botol Kaca Hijau | C387: 5.7 | D387: 80 | E387: 456
A388: Vina RT 3 | B388: Emberan | C388: 0.25 | D388: 1000 | E388: 250
A389: Vina RT 3 | B389: Botol Kaca Hijau | C389: 2.3 | D389: 80 | E389: 184
A390: Vina RT 3 | B390: Emberan | C390: 0.5 | D390: 1000 | E390: 500
A391: Vina RT 3 | B391: Aluminium Rongsok | C391: 0.25 | D391: 8000 | E391: 2000
A392: Vina RT 3 | B392: Gabrukan | C392: 1.1 | D392: 1000 | E392: 1100
A393: Warbi Warmindo | B393: Botol PET Kotor | C393: 0.55 | D393: 1600 | E393: 880
A394: Warbi Warmindo | B394: Gelas PP Bersih (bening) | C394: 1.55 | D394: 3500 | E394: 5425
C395: =SUM(C3:C394) -> 825.68 | E395: =SUM(E3:E394) -> 1336265

Sheet KamiBox
B2: No | C2: Jenis Barang | D2: Jumlah | E2: Harga Nasabah | F2: Harga Lapak | G2: Satuan | H2: Total
C3: AC | E3: 90000 | F3: 200000 | G3: set
C4: Aki | E4: =VLOOKUP(C4,'[1]Bu Erta'!$C$2:$E$66,3,0) -> 6000 | F4: 9000
C5: Akrilik Putih | E5: 1200 | F5: 4000
C6: Alumunium | E6: =VLOOKUP(C6,'[1]Bu Erta'!$C$2:$E$66,3,0) -> 8000 | F6: 10000
C7: Arsip | E7: 800 | F7: 1000
C8: Asoy | E8: 500 | F8: 1500
C9: Baja Ringan | E9: 1500 | F9: 2000
C10: Besi | E10: =VLOOKUP(C10,'[1]Bu Erta'!$C$2:$E$66,3,0) -> 2500 | F10: 4000
C11: Boncos Kotor | E11: 300 | F11: 400
C12: Botol Kaca Hijau | E12: 80 | F12: 100
C13: Botol Kaca Bening/Putih | E13: 150 | F13: 200
C14: Botol Kaca Campur | E14: 80 | F14: 100
C15: Botol Kaca Coklat/Merah | E15: 600 | F15: 800
C16: Botol PET Bersih | E16: 2800 | F16: 5000
C17: Botol PET Kotor | E17: 1600 | F17: 2500
C18: Botol Plastik Kemasan Campur | E18: 800 | F18: 1000
C19: Buku, Majalah, Brosur, Koran | E19: 800 | F19: 1000
C20: Emberan | E20: 1000 | F20: 1200
C21: Gabrukan | E21: 800 | F21: 1000
C22: Galon PC | E22: 2500 | F22: 3000
... C24: Gelas PP Warna | E24: 1600 | F24: 2000
C25: Handphone | E25: =VLOOKUP(C25,'[1]Bu Erta'!$C$2:$E$66,3,0) -> 1800 | F25: 5000 | G25: pcs
C26: HVS/Putihan | E26: 1400 | F26: 2000
C27: Impact | E27: =VLOOKUP(C27,'[1]Bu Erta'!$C$2:$E$66,3,0) -> 600 | F27: 700
C28: Jelantah | E28: 5000 | F28: 7000
C29: Kabel | E29: =VLOOKUP(C29,'[1]Bu Erta'!$C$2:$E$66,3,0) -> 1400 | F29: 1500 | G29: kg
C30: Kabin | E30: =VLOOKUP(C30,'[1]Bu Erta'!$C$2:$E$66,3,0) -> 1800 | F30: 2000
C31: Kaca | E31: 80 | F31: 100
C32: Kaleng | E32: =VLOOKUP(C32,'[1]Bu Erta'!$C$2:$E$66,3,0) -> 1500 | F32: 2000
C33: Kantung Semen | E33: 1300 | F33: 1800
C34: Kardus | E34: 1000 | F34: 1800
C35: Kaset CD | E35: 3500 | F35: 4000
C36: Kipas Angin | E36: 13000 | F36: 15000
C37: Komputer | E37: 50000 | F37: 60000 | G37: set
C38: Kones | E38: 500 | F38: 700
C39: Karung | E39: 400 | F39: 1200
C40: Kristal Putih | E40: 2700 | F40: 4000
C41: Kulkas | E41: 40000 | F41: 50000 | G41: set
C42: Kuningan | E42: =VLOOKUP(C42,'[1]Bu Erta'!$C$2:$E$66,3,0) -> 25000 | F42: 35000
C43: Mesin Cuci | E43: =VLOOKUP(C43,'[1]Bu Erta'!$C$2:$E$66,3,0) -> 35000 | F43: 50000 | G43: set
C44: Mika | E44: =VLOOKUP(C44,'[1]Bu Erta'!$C$2:$E$66,3,0) -> #N/A | F44: Tidak Terima
C45: MIX A/Boncos | E45: 500 | F45: 700
C46: Plastik Minyak goreng | E46: 400 | F46: 500
C47: Plastik Multilayer | E47: 400 | F47: 500
C48: Plastik PE | E48: 800 | F48: 1700
C49: Plastik PP | E49: 1000 | F49: 1700 | G49: Plastik Sablon
C50: PVC | E50: 700 | F50: 900 | G50: Selang
C51: Seng/Kawat | E51: 500 | F51: 700
C52: Styrofoam | E52: 150 | F52: 400
C53: Tembaga | E53: =VLOOKUP(C53,'[1]Bu Erta'!$C$2:$E$66,3,0) -> 50000 | F53: 60000
C54: Tetrapak/UBC | E54: 100 | F54: 150
C55: Tutup Botol | E55: =VLOOKUP(C55,'[1]Bu Erta'!$C$2:$E$66,3,0) -> 2500 | F55: 3000
C56: Tutup Galon | E56: =VLOOKUP(C56,'[1]Bu Erta'!$C$2:$E$66,3,0) -> 3500 | F56: 4500
C57: TV | E57: 13000 | F57: 20000 | G57: pcs
C58: Yakult | E58: 700 | F58: 1000

Sheet Kas Baru
A2: Tanggal | B2: Deskripsi | C2: Masuk | D2: Keluar | E2: Total | F2: Keterangan
B3: Saldo | E3: 0
A4: 46151 | B4: Keuntungan Penjualan | C4: ='9-5-26'!G46 -> 184227.5 | E4: =IF(AND(C4="",D4=""),"",E3+C4-D4) -> 184227.5
A5: 46151 | B5: Konsumsi Anggota | D5: 40000 | E5: =IF(AND(C5="",D5=""),"",E4+C5-D5) -> 144227.5 | F5: Bubur Kacang Ijo
A6: 46151 | B6: P3K | D6: 5000 | E6: =IF(AND(C6="",D6=""),"",E5+C6-D6) -> 139227.5 | F6: Handsaplast
A7: 46151 | B7: Konsumsi Anggota | D7: =29000+40000 -> 69000 | E7: =IF(AND(C7="",D7=""),"",E6+C7-D7) -> 70227.5 | F7: Es Kelapa
A8: 46151 | B8: Konsumsi Anggota | D8: 5000 | E8: =IF(AND(C8="",D8=""),"",E7+C8-D8) -> 65227.5 | F8: Kertas Nasi
A9: 46151 | B9: Konsumsi Anggota | D9: 10000 | E9: =IF(AND(C9="",D9=""),"",E8+C9-D9) -> 55227.5 | F9: Sarung Tangan Plastik
A10: 46151 | B10: Tip Supir | D10: 20000 | E10: =IF(AND(C10="",D10=""),"",E9+C10-D10) -> 35227.5
A11: 46159 | B11: Sedot WC Bulan Mei | C11: =30000*8 -> 240000 | E11: =IF(AND(C11="",D11=""),"",E10+C11-D11) -> 275227.5
A12: 46166 | B12: Peralatan Bank Sampah | D12: 52000 | E12: =IF(AND(C12="",D12=""),"",E11+C12-D12) -> 223227.5 | F12: Cat Pot
A13: 46166 | B13: Peralatan Bank Sampah | D13: 10000 | E13: =IF(AND(C13="",D13=""),"",E12+C13-D13) -> 213227.5 | F13: Paku
A14: 46168 | B14: Deposit PKK | C14: 100000 | E14: =IF(AND(C14="",D14=""),"",E13+C14-D14) -> 313227.5
A15: 46172 | B15: Konsumsi Anggota | D15: 65000 | E15: =IF(AND(C15="",D15=""),"",E14+C15-D15) -> 248227.5 | F15: Soto
A16: 46172 | B16: Tip Supir | D16: 20000 | E16: =IF(AND(C16="",D16=""),"",E15+C16-D16) -> 228227.5
A17: 46172 | B17: Keuntungan Penjualan | C17: ='30-5-26'!I66 -> 558142.5 | E17: =IF(AND(C17="",D17=""),"",E16+C17-D17) -> 786370
A18: 46178 | B18: Peralatan Bank Sampah | D18: 313500 | E18: =IF(AND(C18="",D18=""),"",E17+C18-D18) -> 472870 | F18: Kawat
A19: 46180 | B19: Peralatan Bank Sampah | D19: 185000 | E19: =IF(AND(C19="",D19=""),"",E18+C19-D19) -> 287870 | F19: Besi ke Pak Surat
A20: 46181 | B20: Sedot WC Bulan Juni | C20: =30000*4 -> 120000 | E20: =IF(AND(C20="",D20=""),"",E19+C20-D20) -> 407870
A21: 46193 | B21: Peralatan Bank Sampah | D21: 12000 | E21: =IF(AND(C21="",D21=""),"",E20+C21-D21) -> 395870 | F21: Paku
A22: 46193 | B22: Peralatan Bank Sampah | D22: 15000 | E22: =IF(AND(C22="",D22=""),"",E21+C22-D22) -> 380870 | F22: Baja ke Pak Surat
A23: 46193 | B23: Peralatan Bank Sampah | D23: 25000 | E23: =IF(AND(C23="",D23=""),"",E22+C23-D23) -> 355870 | F23: Engsel
A24: 46193 | B24: Peralatan Bank Sampah | D24: 15000 | E24: =IF(AND(C24="",D24=""),"",E23+C24-D24) -> 340870 | F24: Kabel
A25: 46194 | B25: Keuntungan Penjualan | C25: ='21-6-26'!K36 -> -69134 | E25: =IF(AND(C25="",D25=""),"",E24+C25-D25) -> 271736
A26: 46195 | B26: Tip Supir | D26: 50000 | E26: =IF(AND(C26="",D26=""),"",E25+C26-D26) -> 221736 | F26: Tip Supir+Kopi
A27: 46200 | B27: Tabungan | D27: 200000 | E27: =IF(AND(C27="",D27=""),"",E26+C27-D27) -> 21736
A28: 46200 | B28: Peralatan Bank Sampah | D28: 25000 | E28: =IF(AND(C28="",D28=""),"",E27+C28-D28) -> -3264 | F28: Tanah
A29: 46210 | B29: Sedot WC Bulan Juli | C29: =30000*1 -> 30000 | E29: =IF(AND(C29="",D29=""),"",E28+C29-D29) -> 26736
A30: 46214 | B30: Keuntungan Penjualan | C30: ='11-07-26'!K39 -> 273768 | E30: =IF(AND(C30="",D30=""),"",E29+C30-D30) -> 300504
A31: 46214 | B31: Konsumsi Anggota | D31: =11000*9 -> 99000 | E31: =IF(AND(C31="",D31=""),"",E30+C31-D31) -> 201504 | F31: Mie ayam
A32: 46214 | B32: Konsumsi Anggota | D32: =15000*2 -> 30000 | E32: =IF(AND(C32="",D32=""),"",E31+C32-D32) -> 171504 | F32: Sop buah
A33: 46214 | B33: Konsumsi Anggota | D33: 11000 | E33: =IF(AND(C33="",D33=""),"",E32+C33-D33) -> 160504 | F33: Kelapa
A34: 46214 | B34: Peralatan Bank Sampah | D34: 15000 | E34: =IF(AND(C34="",D34=""),"",E33+C34-D34) -> 145504 | F34: Sekrup
A35: 46214 | B35: Konsumsi Anggota | D35: 14000 | E35: =IF(AND(C35="",D35=""),"",E34+C35-D35) -> 131504 | F35: Air+sendok
A36: 46214 | B36: Konsumsi Anggota | D36: 24000 | E36: =IF(AND(C36="",D36=""),"",E35+C36-D36) -> 107504 | F36: Nasi ayam
A37: 46214 | B37: Tip Supir | D37: 20000 | E37: =IF(AND(C37="",D37=""),"",E36+C37-D37) -> 87504
A38: 46221 | B38: Konsumsi Anggota | D38: 55000 | E38: =IF(AND(C38="",D38=""),"",E37+C38-D38) -> 32504 | F38: Rapat Inti
A39: 46227 | B39: Peralatan Bank Sampah | D39: 40000 | E39: =IF(AND(C39="",D39=""),"",E38+C39-D39) -> -7496 | F39: Karung
A40: 46235 | B40: Konsumsi Anggota | D40: =100000+5000 -> 105000 | E40: =IF(AND(C40="",D40=""),"",E39+C40-D40) -> -112496 | F40: Sop Bakso
A41: 46235 | B41: Konsumsi Anggota | D41: 55000 | E41: =IF(AND(C41="",D41=""),"",E40+C41-D41) -> -167496 | F41: Rujak, Es Jeruk
A42: 46235 | B42: Keuntungan Penjualan | C42: ='1-8-26'!G56 -> 123851 | E42: =IF(AND(C42="",D42=""),"",E41+C42-D42) -> -43645
A43: 46242 | B43: Konsumsi Anggota | D43: 50000 | E43: =IF(AND(C43="",D43=""),"",E42+C43-D43) -> -93645 | F43: Sosis dan Tofu
A44: 46242 | B44: Peralatan Bank Sampah | D44: 40000 | E44: =IF(AND(C44="",D44=""),"",E43+C44-D44) -> -133645 | F44: Kabel
A45: 46242 | B45: Peralatan Bank Sampah | D45: 20000 | E45: =IF(AND(C45="",D45=""),"",E44+C45-D45) -> -153645 | F45: Saklar
A46: 46242 | B46: Peralatan Bank Sampah | D46: 46000 | E46: =IF(AND(C46="",D46=""),"",E45+C46-D46) -> -199645 | F46: Kabel dan Fissher
A47: 46245 | B47: Sedot WC Bulan Agustus | C47: =60000+60000 -> 120000 | E47: =IF(AND(C47="",D47=""),"",E46+C47-D47) -> -79645
A48: 46256 | B48: Keuntungan Penjualan | C48: ='22-8-26'!K32 -> 721654 | E48: =IF(AND(C48="",D48=""),"",E47+C48-D48) -> 642009
A49: 46256 | B49: Tip Supir | D49: 40000 | E49: =IF(AND(C49="",D49=""),"",E48+C49-D49) -> 602009
A50: 46266 | B50: Peralatan Bank Sampah | D50: 73500 | E50: =IF(AND(C50="",D50=""),"",E49+C50-D50) -> 528509 | F50: Selang Air
A51: 46266 | B51: Sedot WC Bulan September | C51: 30000 | E51: =IF(AND(C51="",D51=""),"",E50+C51-D51) -> 558509
A52: 46273 | B52: Tabungan | D52: 200000 | E52: =IF(AND(C52="",D52=""),"",E51+C52-D52) -> 358509
A53: 46275 | B53: BPJS Anggota | D53: 130463 | E53: =IF(AND(C53="",D53=""),"",E52+C53-D53) -> 228046
A54: 46277 | B54: Keuntungan Penjualan | C54: ='12-9-26'!K33 -> 504907.5 | E54: =IF(AND(C54="",D54=""),"",E53+C54-D54) -> 732953.5
A55: 46277 | B55: Konsumsi Anggota | D55: =330000-95000-65000 -> 170000 | E55: =IF(AND(C55="",D55=""),"",E54+C55-D55) -> 562953.5 | F55: Hokben
A56: 46277 | B56: Konsumsi Anggota | D56: 30000 | E56: =IF(AND(C56="",D56=""),"",E55+C56-D56) -> 532953.5 | F56: Bubur Kacang Ijo
A57: 46277 | B57: Parkir | D57: 10000 | E57: =IF(AND(C57="",D57=""),"",E56+C57-D57) -> 522953.5
A58: 46277 | B58: Tip Supir | D58: =25000+10000 -> 35000 | E58: =IF(AND(C58="",D58=""),"",E57+C58-D58) -> 487953.5
A59: 46277 | B59: Tabungan | D59: 300000 | E59: =IF(AND(C59="",D59=""),"",E58+C59-D59) -> 187953.5
A60: 46277 | B60: Konsumsi Anggota | D60: 25000 | E60: =IF(AND(C60="",D60=""),"",E59+C60-D60) -> 162953.5 | F60: Jajan
E61: =IF(AND(C61="",D61=""),"",E60+C61-D61)
E62: =IF(AND(C62="",D62=""),"",E61+C62-D62)
E63: =IF(AND(C63="",D63=""),"",E62+C63-D63)
E64: =IF(AND(C64="",D64=""),"",E63+C64-D64)
E65: =IF(AND(C65="",D65=""),"",E64+C65-D65)
E66: =IF(AND(C66="",D66=""),"",E65+C66-D66)
E67: =IF(AND(C67="",D67=""),"",E66+C67-D67)
E68: =IF(AND(C68="",D68=""),"",E67+C68-D68)
E69: =IF(AND(C69="",D69=""),"",E68+C69-D69)
E70: =IF(AND(C70="",D70=""),"",E69+C70-D70)
E71: =IF(AND(C71="",D71=""),"",E70+C71-D71)
E72: =IF(AND(C72="",D72=""),"",E71+C72-D72)
... E94: =IF(AND(C94="",D94=""),"",E93+C94-D94)

Sheet Tabungan Nasabah
E1: 2025 | O1: 2026
C2: Nama | D2: No. RT | E2: 12 Juli | F2: 26 Juli | G2: 9 Agustus | H2: 23 Agustus | I2: 7 September | J2: 21 September | K2: 19 Oktober | L2: 1 November | M2: 15 November | N2: 13 Desember | O2: 3 Januari | P2: 31 Januari | Q2: 15 Februari | R2: 5 April | S2: 26 April | T2: 8 Mei | U2: 30 Mei | V2: 21 Juni | W2: 11 Juli | X2: 1Agustus | Y2: 22 Agustus | Z2: 12 September | AC2: Total | AD2: Sisa Saldo | AE2: Tanggal Ambil | AF2: Keterangan
B3: 1 | C3: Bu Admini | D3: 1 | E3: 16430 | F3: 952.5 | G3: 7450 | H3: 9167.5 | I3: 6900 | K3: 9965 | L3: 3680 | N3: 9965 | Q3: 7245 | R3: 16827 | S3: 4205 | V3: 7200 | X3: =VLOOKUP(C3,'1-8-26'!$G$2:$I$50,3,0) -> 16663 | Y3: =VLOOKUP(C3,'22-8-26'!G2:I49,3,0) -> 7705 | Z3: =VLOOKUP(C3,'12-9-26'!$G$2:$I$55,3,0) -> 6385 | AC3: =SUM(E3:AB3) -> 130740 | AD3: =AC3 -> 130740
B4: 2 | C4: Bu Betria | D4: 1 | H4: 17495 | I4: 9545 | J4: 3800 | K4: 92900 | L4: 19550 | M4: 4660 | N4: 24155 | P4: 32960 | Q4: 14305 | S4: 23995 | T4: 8153 | U4: 24055 | V4: 19083 | W4: 16223 | X4: =VLOOKUP(C4,'1-8-26'!$G$2:$I$50,3,0) -> 33440 | Y4: =VLOOKUP(C4,'22-8-26'!G3:I50,3,0) -> 33875 | Z4: =VLOOKUP(C4,'12-9-26'!$G$2:$I$55,3,0) -> 22035 | AC4: =SUM(E4:AB4) -> 400229 | AD4: =AC4-300000 -> 100229
B5: 3 | C5: Bu Mala | D5: 1 | E5: 1010 | F5: 980 | AC5: =SUM(E5:AB5) -> 1990 | AD5: =AC5 -> 1990
B6: 4 | C6: Bu Maryani | D6: 1 | G6: 20520 | K6: 600 | O6: 150 | AC6: =SUM(E6:AB6) -> 21270 | AD6: =AC6-20000 -> 1270 | AE6: 19 Oktober | AF6: Cash
B7: 5 | C7: Bu Nita | D7: 1 | G7: 2200 | J7: 9665 | K7: 8670 | M7: 4190 | O7: 23150 | Q7: 11945 | R7: 9730 | T7: 3515 | U7: 5575 | V7: 3545 | X7: =VLOOKUP(C7,'1-8-26'!$G$2:$I$50,3,0) -> 5235 | Z7: =VLOOKUP(C7,'12-9-26'!$G$2:$I$55,3,0) -> 17960 | AC7: =SUM(E7:AB7) -> 105380 | AD7: =AC7 -> 105380
B8: 6 | C8: Bu Nurjanah | D8: 1 | G8: 24060 | H8: 3065 | I8: 940 | J8: 1860 | M8: 800 | N8: 3200 | O8: 7460 | R8: 7227.5 | V8: 9815 | W8: 6855 | Y8: =VLOOKUP(C8,'22-8-26'!G7:I54,3,0) -> 4685 | Z8: =VLOOKUP(C8,'12-9-26'!$G$2:$I$55,3,0) -> 1785 | AC8: =SUM(E8:AB8) -> 71752.5 | AD8: =AC8 -> 71752.5
B9: 7 | C9: Bu Sunarti | D9: 1 | F9: 23928.5 | H9: 2355 | L9: 24875 | M9: 8355 | O9: 9162.5 | P9: 17270 | T9: 21929 | X9: =VLOOKUP(C9,'1-8-26'!$G$2:$I$50,3,0) -> 32038 | Y9: =VLOOKUP(C9,'22-8-26'!G8:I55,3,0) -> 8195 | AC9: =SUM(E9:AB9) -> 148108 | AD9: =AC9 -> 148108
B10: 8 | C10: Bu Tetty Hamdi | D10: 1 | F10: 29705 | J10: 2115 | N10: 1800 | R10: 23335 | U10: 30042.5 | W10: 14260 | Y10: =VLOOKUP(C10,'22-8-26'!G9:I56,3,0) -> 19158 | AC10: =SUM(E10:AB10) -> 120415.5 | AD10: =AC10 -> 120415.5
B11: 9 | C11: Bu Wulandari | D11: 1 | H11: 11970 | N11: 12695 | S11: 7477.5 | AC11: =SUM(E11:AB11) -> 32142.5 | AD11: =AC11 -> 32142.5
B12: 10 | C12: Bu Yenvitriati | D12: 1 | G12: 2800 | H12: 5380 | I12: 2585 | K12: 12940 | L12: 30517.5 | N12: 4742.5 | P12: 3050 | Q12: 6905 | S12: 16330 | T12: 4575 | U12: 7610 | V12: 9640 | W12: 16705 | X12: =VLOOKUP(C12,'1-8-26'!$G$2:$I$50,3,0) -> 9280 | Y12: =VLOOKUP(C12,'22-8-26'!G11:I58,3,0) -> 5760 | Z12: =VLOOKUP(C12,'12-9-26'!$G$2:$I$55,3,0) -> 8120 | AC12: =SUM(E12:AB12) -> 146940 | AD12: =AC12 -> 146940
B13: 11 | C13: Pak Danny | D13: 1 | E13: 28292.5 | L13: 15870 | O13: 6650 | X13: =VLOOKUP(C13,'1-8-26'!$G$2:$I$50,3,0) -> 28020 | AC13: =SUM(E13:AB13) -> 78832.5 | AD13: =AC13 -> 78832.5
B14: 12 | C14: Mama Wahyu | D14: 1 | F14: 14120 | G14: 1060 | H14: 580 | I14: 1125 | K14: 4900 | M14: 3425 | N14: 2300 | O14: 840 | P14: 5145 | Q14: 1930 | R14: 10610 | S14: 5950 | V14: 5150 | X14: =VLOOKUP(C14,'1-8-26'!$G$2:$I$50,3,0) -> 6665 | Y14: =VLOOKUP(C14,'22-8-26'!G13:I60,3,0) -> 2680 | Z14: =VLOOKUP(C14,'12-9-26'!$G$2:$I$55,3,0) -> 1700 | AC14: =SUM(E14:AB14) -> 68180 | AD14: =AC14 -> 68180
B15: 13 | C15: Okta | D15: 1 | L15: 10075 | AC15: =SUM(E15:AB15) -> 10075 | AD15: =AC15 -> 10075
B16: 14 | C16: Bu Suhermiati | D16: 1 | M16: 8613 | P16: 9497.5 | S16: 4455 | V16: 20800 | W16: 5815 | Y16: =VLOOKUP(C16,'22-8-26'!G15:I62,3,0) -> 5830 | AC16: =SUM(E16:AB16) -> 55010.5 | AD16: =AC16 -> 55010.5
B17: 15 | C17: Bu Susi | D17: 1 | M17: 11245 | AC17: =SUM(E17:AB17) -> 11245 | AD17: =AC17 -> 11245
B18: 16 | C18: Bu Termin | D18: 1 | M18: 3300 | N18: 5257.5 | O18: 5727.5 | P18: 6072.5 | R18: 10130 | U18: 12257.5 | W18: 9385 | Y18: =VLOOKUP(C18,'22-8-26'!G17:I64,3,0) -> 5850 | Z18: =VLOOKUP(C18,'12-9-26'!$G$2:$I$55,3,0) -> 3475 | AC18: =SUM(E18:AB18) -> 61455 | AD18: =AC18 -> 61455
B19: 17 | C19: Akhsan | D19: 2 | E19: 1600 | F19: 215 | G19: 16650 | H19: 14000 | K19: 10582.5 | N19: 21140 | R19: 53975 | W19: 16305 | Y19: =GETPIVOTDATA("Sum of Total",'22-8-26'!$G$2,"Nasabah","AKHSAN") -> 6230 | AC19: =SUM(E19:AB19) -> 140697.5 | AD19: =AC19 -> 140697.5
B20: 18 | C20: Bela | D20: 2 | E20: 6577.5 | K20: 1575 | N20: 5845 | AC20: =SUM(E20:AB20) -> 13997.5 | AD20: =AC20 -> 13997.5
B21: 19 | C21: Bu Alim | D21: 2 | E21: 2100 | F21: 26180 | I21: 16570 | AC21: =SUM(E21:AB21) -> 44850 | AD21: =AC21-44000 -> 850 | AE21: 23 Oktober | AF21: TF
B22: 20 | C22: Bu Angga | D22: 2 | E22: 63745 | F22: 5235 | G22: 3550 | I22: 33070 | L22: 18835 | N22: 36465 | O22: 5570 | P22: 2642.5 | Q22: 33395 | R22: 13000 | S22: 4015 | U22: 8467.5 | V22: 26193 | X22: =VLOOKUP(C22,'1-8-26'!$G$2:$I$50,3,0) -> 8433 | Y22: =GETPIVOTDATA("Sum of Total",'22-8-26'!$G$2,"Nasabah","BU ANGGA") -> 20928 | Z22: =VLOOKUP(C22,'12-9-26'!$G$2:$I$55,3,0) -> 42865 | AC22: =SUM(E22:AB22) -> 326409 | AD22: =AC22-200000 -> 126409
B23: 21 | C23: Bu Fardani | D23: 2 | E23: 17560 | AC23: =SUM(E23:AB23) -> 17560 | AD23: =AC23-17560 -> 0 | AE23: 2 Agustus | AF23: Cash
B24: 22 | C24: Bu Hartinah | D24: 2 | F24: 5360 | G24: 4235 | H24: 8792.5 | I24: 8267.5 | J24: 5040 | K24: 4465 | M24: 11955 | R24: 4315 | S24: 3200 | V24: 11160 | W24: 10828 | AC24: =SUM(E24:AB24) -> 77618 | AD24: =AC24-77000 -> 618
B25: 23 | C25: Bu Lia RT 2 | D25: 2 | J25: 63000 | AC25: =SUM(E25:AB25) -> 63000 | AD25: =AC25-63000 -> 0 | AE25: 1 Oktober | AF25: TF
B26: 24 | C26: Bu Martinah | D26: 2 | E26: 2157.5 | H26: 4255 | J26: 3637.5 | K26: 15115 | AC26: =SUM(E26:AB26) -> 25165 | AD26: =AC26-25000 -> 165 | AE26: 23 Oktober | AF26: TF
B27: 25 | C27: Bu Nurhidayah | D27: 2 | E27: 3235 | AC27: =SUM(E27:AB27) -> 3235 | AD27: =AC27 -> 3235
B28: 26 | C28: Bu Ratu Tuti | D28: 2 | G28: 18635 | H28: 23787.5 | K28: 5155 | N28: 9355 | P28: 4760 | R28: 4500 | T28: 7374 | U28: 7910 | V28: 4330 | X28: =VLOOKUP(C28,'1-8-26'!$G$2:$I$50,3,0) -> 2898 | AC28: =SUM(E28:AB28) -> 88704.5 | AD28: =AC28-85000 -> 3704.5
B29: 27 | C29: Bu Rustinah | D29: 2 | J29: 2900 | K29: 13555 | AC29: =SUM(E29:AB29) -> 16455 | AD29: =AC29 -> 16455
B30: 28 | C30: Bu Widodo | D30: 2 | E30: 400 | F30: 44950 | H30: 23475 | K30: 5388.5 | N30: 70805 | P30: 13200 | Q30: 3740 | R30: 45625 | U30: 20365 | W30: 6758 | Y30: =VLOOKUP(C30,'22-8-26'!G29:I76,3,0) -> 8720 | AC30: =SUM(E30:AB30) -> 243426.5 | AD30: =AC30-140000 -> 103426.5
B31: 29 | C31: Bu Anwar | D31: 2 | H31: 3290 | J31: 2602.5 | K31: 6480 | L31: 21465 | N31: 4370 | Q31: 7552.5 | R31: 9727 | T31: 8435 | U31: 3515 | W31: 6345 | Z31: =VLOOKUP(C31,'12-9-26'!$G$2:$I$55,3,0) -> 4217.5 | AC31: =SUM(E31:AB31) -> 77999.5 | AD31: =AC31 -> 77999.5
B32: 30 | C32: Mbak Nurhayati | D32: 2 | E32: 19587.5 | F32: 36790 | H32: 32265 | J32: 15655 | K32: 7970 | M32: 11107 | N32: 27105 | O32: 19997.5 | P32: 23787.5 | Q32: 17585 | R32: 20435 | S32: 20310 | U32: 8285 | V32: 65783 | X32: =VLOOKUP(C32,'1-8-26'!$G$2:$I$50,3,0) -> 24758 | Y32: =VLOOKUP(C32,'22-8-26'!G31:I78,3,0) -> 21845 | Z32: =VLOOKUP(C32,'12-9-26'!$G$2:$I$55,3,0) -> 22350 | AC32: =SUM(E32:AB32) -> 395615.5 | AD32: =AC32-80000-30000-80000-60000-70000-50000 -> 25615.5 | AE32: 7 September | AF32: Transfer
B33: 31 | C33: Mbak Sari | D33: 2 | G33: 3665 | AC33: =SUM(E33:AB33) -> 3665 | AD33: =AC33 -> 3665
B34: 32 | C34: Mama Demas | D34: 2 | K34: 5460 | L34: 5332.5 | O34: 4970 | AC34: =SUM(E34:AB34) -> 15762.5 | AD34: =AC34 -> 15762.5
B35: 33 | C35: Pak Suprayitno | D35: 2 | I35: 26110 | J35: 3390 | N35: 24805 | O35: 8705 | R35: 3040 | S35: 1750 | T35: 2800 | U35: 7520 | X35: =VLOOKUP(C35,'1-8-26'!$G$2:$I$50,3,0) -> 2625 | Z35: =VLOOKUP(C35,'12-9-26'!$G$2:$I$55,3,0) -> 1970 | AC35: =SUM(E35:AB35) -> 82715 | AD35: =AC35-29000 -> 53715
B36: 34 | C36: Novem | D36: 2 | E36: 2040 | H36: 1875 | L36: 16762.5 | N36: 3410 | O36: 4135 | U36: 17615 | Z36: =VLOOKUP(C36,'12-9-26'!$G$2:$I$55,3,0) -> 11935 | AC36: =SUM(E36:AB36) -> 57772.5 | AD36: =AC36 -> 57772.5
B37: 35 | C37: Sela | D37: 2 | E37: 40955 | J37: 2300 | K37: 4727.5 | M37: 5365 | P37: 9472.5 | AC37: =SUM(E37:AB37) -> 62820 | AD37: =AC37 -> 62820
B38: 36 | C38: Vena | D38: 2 | J38: 18522.5 | K38: 2600 | T38: 3250 | V38: 3090 | W38: 3465 | Y38: =VLOOKUP(C38,'22-8-26'!G37:I84,3,0) -> 6628 | AC38: =SUM(E38:AB38) -> 37555.5 | AD38: =AC38 -> 37555.5
B39: 37 | C39: Pak Wawan | D39: 2 | E39: 4600 | F39: 20097.5 | G39: 2800 | H39: 5110 | I39: 6300 | J39: 12010 | K39: 11797.5 | L39: 20250 | N39: 19200 | O39: 20260 | P39: 7760 | Q39: 7500 | R39: 43570 | T39: 16100 | U39: 23055 | V39: 10960 | W39: 12580 | X39: =VLOOKUP(C39,'1-8-26'!$G$2:$I$50,3,0) -> 10270 | Z39: =VLOOKUP(C39,'12-9-26'!$G$2:$I$55,3,0) -> 16170 | AC39: =SUM(E39:AB39) -> 270390 | AD39: =AC39-100000 -> 170390
B40: 38 | C40: Bu Indrayani | D40: 3 | G40: 8395 | K40: 3660 | AC40: =SUM(E40:AB40) -> 12055 | AD40: =AC40 -> 12055
B41: 39 | C41: Bu Lidia | D41: 3 | E41: 7970 | F41: 655 | G41: 3367.5 | H41: 2520 | J41: 4540 | K41: 6360 | L41: 2020 | M41: 11480 | R41: 3410 | Y41: =GETPIVOTDATA("Sum of Total",'22-8-26'!$G$2,"Nasabah","BU LIDIA") -> 5803 | AC41: =SUM(E41:AB41) -> 48125.5 | AD41: =AC41 -> 48125.5
B42: 40 | C42: Bu Maria Miski | D42: 3 | F42: 8155 | H42: 2000 | K42: 10500 | L42: 7012.5 | O42: 2585 | AC42: =SUM(E42:AB42) -> 30252.5 | AD42: =AC42 -> 30252.5
B43: 41 | C43: Bu Minah | D43: 3 | J43: 2380 | K43: 5900 | L43: 6845 | M43: 4710 | N43: 8150 | O43: 4477.5 | P43: 7447.5 | Q43: 2165 | R43: 8445 | S43: 55875 | U43: 8155 | V43: 1970 | W43: 4090 | X43: =VLOOKUP(C43,'1-8-26'!$G$2:$I$50,3,0) -> 84323 | Y43: =GETPIVOTDATA("Sum of Total",'22-8-26'!$G$2,"Nasabah","BU MINAH") -> 2730 | Z43: =VLOOKUP(C43,'12-9-26'!$G$2:$I$55,3,0) -> 3290 | AC43: =SUM(E43:AB43) -> 210953 | AD43: =AC43 -> 210953
B44: 42 | C44: Bu Purwani | D44: 3 | F44: 330 | G44: 3105 | H44: 8490 | I44: 4052.5 | J44: 15530 | K44: 11645 | L44: 4197.5 | M44: 15390 | N44: 18920 | O44: 3225 | P44: 11955 | Q44: 18300 | R44: 56640 | S44: 21810 | T44: 8685 | U44: 5510 | V44: 7810 | X44: =VLOOKUP(C44,'1-8-26'!$G$2:$I$50,3,0) -> 6200 | Y44: =GETPIVOTDATA("Sum of Total",'22-8-26'!$G$2,"Nasabah","BU PURWANI") -> 11105 | Z44: =VLOOKUP(C44,'12-9-26'!$G$2:$I$55,3,0) -> 45355 | AC44: =SUM(E44:AB44) -> 278255 | AD44: =AC44-43000-3000-50000-45000-38000 -> 99255
B45: 43 | C45: Bu Rumiyati | D45: 3 | E45: 1920 | F45: 22205 | G45: 4432.5 | H45: 5725 | J45: 5085 | K45: 10250 | L45: 4770 | N45: 12400 | P45: 4970 | R45: 13120 | S45: 16792.5 | U45: 24905 | V45: 2075 | W45: 9775 | X45: =VLOOKUP(C45,'1-8-26'!$G$2:$I$50,3,0) -> 7443 | Z45: =VLOOKUP(C45,'12-9-26'!$G$2:$I$55,3,0) -> 15720 | AC45: =SUM(E45:AB45) -> 161588 | AD45: =AC45-125000 -> 36588
B46: 44 | C46: Bu Sukayah | D46: 3 | I46: 11610 | L46: 2680 | M46: 6180 | N46: 530 | O46: 630 | R46: 20440 | T46: 694 | V46: 6720 | Z46: =VLOOKUP(C46,'12-9-26'!$G$2:$I$55,3,0) -> 3535 | AC46: =SUM(E46:AB46) -> 53019 | AD46: =AC46 -> 53019
B47: 45 | C47: Bu Yayuk | D47: 3 | F47: 9900 | G47: 3232.5 | H47: 6440 | AC47: =SUM(E47:AB47) -> 19572.5 | AD47: =AC47-19572.5 -> 0 | AF47: dipindah ke bu wiwin
B48: 46 | C48: Bu Wiwin | D48: 3 | E48: 14472.5 | F48: 8512.5 | G48: 9027.5 | H48: 12905 | I48: 10357.5 | J48: 11070 | K48: 14690 | L48: 13494 | M48: 10330 | N48: 32912.5 | O48: 10100 | P48: 10145 | Q48: 7790 | R48: 30795 | S48: 10320 | T48: 3755 | U48: 21080 | V48: 122373 | W48: 17353 | X48: =VLOOKUP(C48,'1-8-26'!$G$2:$I$50,3,0) -> 16980 | Y48: =GETPIVOTDATA("Sum of Total",'22-8-26'!$G$2,"Nasabah","BU WIWIN") -> 9033 | Z48: =VLOOKUP(C48,'12-9-26'!$G$2:$I$55,3,0) -> 19667.5 | AC48: =SUM(E48:AB48) -> 417163 | AD48: =AC48+19572.5-150000-150000 -> 136735.5
B49: 47 | C49: Bu Aminah | D49: 4 | F49: 11845 | G49: 32612.5 | H49: 9287.5 | I49: 6042.5 | AC49: =SUM(E49:AB49) -> 59787.5 | AD49: =AC49 -> 59787.5
B50: 48 | C50: Bu Eva | D50: 4 | E50: 1550 | F50: 4470 | G50: 5847.5 | H50: 9575 | J50: 3920 | K50: 4085 | M50: 35728 | N50: 7470 | R50: 10390 | T50: 4375 | U50: 9270 | AC50: =SUM(E50:AB50) -> 96680.5 | AD50: =AC50 -> 96680.5
B51: 49 | C51: Bu Evi | D51: 4 | G51: 10640 | I51: 17100 | J51: 11475 | K51: 4370 | AC51: =SUM(E51:AB51) -> 43585 | AD51: =AC51 -> 43585
B52: 50 | C52: Bu Ani | D52: 4 | E52: 910 | F52: 3157.5 | G52: 18960 | H52: 7805 | I52: 4640 | J52: 8575 | K52: 6280 | L52: 2292.5 | M52: 6147 | N52: 14225 | O52: 22415 | P52: 11047.5 | Q52: 15205 | R52: 8630 | S52: 12005 | T52: 3373 | U52: 13817.5 | V52: 9943 | W52: 6513 | X52: =VLOOKUP(C52,'1-8-26'!$G$2:$I$50,3,0) -> 15835 | Y52: =GETPIVOTDATA("Sum of Total",'22-8-26'!$G$2,"Nasabah","BU ANI") -> 8985 | Z52: =VLOOKUP(C52,'12-9-26'!$G$2:$I$55,3,0) -> 12400 | AC52: =SUM(E52:AB52) -> 213161 | AD52: =AC52-50000 -> 163161
B53: 51 | C53: Bu Febri | D53: 4 | E53: 1270 | F53: 3035 | G53: 4040 | H53: 1502.5 | J53: 13540 | K53: 470 | L53: 970 | N53: 3350 | P53: 11930 | Q53: 12775 | S53: 9035 | T53: 37235 | W53: 2893 | X53: =VLOOKUP(C53,'1-8-26'!$G$2:$I$50,3,0) -> 2353 | Z53: =VLOOKUP(C53,'12-9-26'!$G$2:$I$55,3,0) -> 1175 | AC53: =SUM(E53:AB53) -> 105573.5 | AD53: =AC53 -> 105573.5
B54: 52 | C54: Bu Hana | D54: 4 | E54: 1980 | H54: 21050 | J54: 11490 | N54: 14962.5 | R54: 12000 | AC54: =SUM(E54:AB54) -> 61482.5 | AD54: =AC54 -> 61482.5
B55: 53 | C55: Bu Ida Amanah | D55: 4 | E55: 43195 | F55: 34945 | G55: 44782.5 | J55: 14410 | K55: 14710 | M55: 34970 | N55: 35735 | O55: 6500 | P55: 36725 | Q55: 21555 | S55: 9280 | T55: 12450 | V55: 7288 | X55: =VLOOKUP(C55,'1-8-26'!$G$2:$I$50,3,0) -> 10110 | Y55: =GETPIVOTDATA("Sum of Total",'22-8-26'!$G$2,"Nasabah","BU IDA AMANAH") -> 6050 | AC55: =SUM(E55:AB55) -> 332705.5 | AD55: =AC55 -> 332705.5
B56: 54 | C56: Bu Fisca | D56: 4 | F56: 8910 | G56: 25640 | H56: 16910 | I56: 3390 | J56: 8145 | K56: 7250 | L56: 6632.5 | M56: 22560 | O56: 13410 | P56: 8495 | R56: 14885 | T56: 13173 | V56: 11880 | AC56: =SUM(E56:AB56) -> 161280.5 | AD56: =AC56 -> 161280.5
B57: 55 | C57: Bu Lia | D57: 4 | F57: 19610 | J57: 4657.5 | K57: 1595 | AC57: =SUM(E57:AB57) -> 25862.5 | AD57: =AC57 -> 25862.5
B58: 56 | C58: Bu Linda | D58: 4 | E58: 3577.5 | F58: 10320 | G58: 4377.5 | H58: 1330 | I58: 5030 | K58: 15347.5 | O58: 18420 | AC58: =SUM(E58:AB58) -> 58402.5 | AD58: =AC58-58000 -> 402.5
B59: 57 | C59: Bu Mimin | D59: 4 | G59: 1165 | H59: 22950 | J59: 6335 | K59: 10765 | N59: 10490 | S59: 6560 | T59: 3605 | V59: 6130 | X59: =VLOOKUP(C59,'1-8-26'!$G$2:$I$50,3,0) -> 3630 | Z59: =VLOOKUP(C59,'12-9-26'!$G$2:$I$55,3,0) -> 3325 | AC59: =SUM(E59:AB59) -> 74955 | AD59: =AC59 -> 74955
B60: 58 | C60: Bu Irma | D60: 4 | I60: 40000 | J60: 15857.5 | K60: 11355 | L60: 11660 | M60: 13985 | N60: 2320 | O60: 14420 | P60: 2672.5 | Q60: 7390 | R60: 10555 | S60: 4877.5 | T60: 2458 | U60: 1285 | V60: 2230 | W60: 5235 | X60: =VLOOKUP(C60,'1-8-26'!$G$2:$I$50,3,0) -> 10548 | Y60: =GETPIVOTDATA("Sum of Total",'22-8-26'!$G$2,"Nasabah","BU IRMA") -> 3045 | Z60: =VLOOKUP(C60,'12-9-26'!$G$2:$I$55,3,0) -> 5320 | AC60: =SUM(E60:AB60) -> 165213.5 | AD60: =AC60-100000 -> 65213.5
B61: 59 | C61: Bu Nining | D61: 4 | F61: 28577.5 | G61: 7707.5 | H61: 2430 | J61: 27050 | P61: 7520 | Q61: 15330 | R61: 14640 | V61: 8220 | Y61: =GETPIVOTDATA("Sum of Total",'22-8-26'!$G$2,"Nasabah","BU NINING") -> 5335 | AC61: =SUM(E61:AB61) -> 116810 | AD61: =AC61 -> 116810
B62: 60 | C62: Bu Neni | D62: 4 | E62: 23745 | F62: 33435 | G62: 28342.5 | H62: 20650 | I62: 9370 | J62: 7690 | K62: 36852.5 | L62: 8625 | O62: 25340 | P62: 9845 | Q62: 3720 | R62: 22846 | S62: 33865 | U62: 8222.5 | W62: 20150 | X62: =VLOOKUP(C62,'1-8-26'!$G$2:$I$50,3,0) -> 6180 | Z62: =VLOOKUP(C62,'12-9-26'!$G$2:$I$55,3,0) -> 9020 | AC62: =SUM(E62:AB62) -> 307898.5 | AD62: =AC62-200000 -> 107898.5
B63: 61 | C63: Bu Rina | D63: 4 | F63: 6030 | G63: 1280 | H63: 8485 | I63: 5587.5 | K63: 13475 | M63: 9360 | N63: 17800 | O63: 13450 | Q63: 15300 | R63: 26997.5 | S63: 11530 | T63: 6835 | U63: 11885 | W63: 7750 | X63: =VLOOKUP(C63,'1-8-26'!$G$2:$I$50,3,0) -> 20095 | Y63: =GETPIVOTDATA("Sum of Total",'22-8-26'!$G$2,"Nasabah","BU RINA") -> 34440 | Z63: =VLOOKUP(C63,'12-9-26'!$G$2:$I$55,3,0) -> 17720 | AC63: =SUM(E63:AB63) -> 228020 | AD63: =AC63 -> 228020
B64: 62 | C64: Bu Nurlayli | D64: 4 | E64: 4575 | F64: 175 | G64: 765 | H64: 7380 | I64: 2020 | K64: 1187.5 | L64: 1552.5 | N64: 9145 | O64: 5385 | P64: 2550 | Q64: 2920 | R64: 1875 | S64: 5125 | T64: 1874 | U64: 1615 | V64: 6708 | W64: 768 | X64: =VLOOKUP(C64,'1-8-26'!$G$2:$I$50,3,0) -> 8620 | Y64: =GETPIVOTDATA("Sum of Total",'22-8-26'!$G$2,"Nasabah","BU NURLAYLI") -> 3370 | Z64: =VLOOKUP(C64,'12-9-26'!$G$2:$I$55,3,0) -> 2610 | AC64: =SUM(E64:AB64) -> 70220 | AD64: =AC64 -> 70220
B65: 63 | C65: Bu Riris | D65: 4 | E65: 47137.5 | I65: 7722.5 | J65: 9167.5 | K65: 6027.5 | M65: 5731 | N65: 19160 | P65: 12227.5 | Q65: 40495 | S65: 17175 | U65: 11777.5 | V65: 7415 | X65: =VLOOKUP(C65,'1-8-26'!$G$2:$I$50,3,0) -> 13805 | Z65: =VLOOKUP(C65,'12-9-26'!$G$2:$I$55,3,0) -> 44980 | AC65: =SUM(E65:AB65) -> 242821 | AD65: =AC65 -> 242821
B66: 64 | C66: Bu Rindra | D66: 4 | F66: 18250 | G66: 9007.5 | H66: 14700 | I66: 4192.5 | L66: 4230 | W66: 6680 | AC66: =SUM(E66:AB66) -> 57060 | AD66: =AC66 -> 57060
B67: 65 | C67: Bu Sandra | D67: 4 | E67: 24900 | F67: 39442.5 | G67: 23325 | H67: 9437.5 | I67: 17905 | J67: 5580 | K67: 9797.5 | L67: 22192.5 | M67: 49030 | N67: 8245 | O67: 12240 | P67: 30365 | R67: 12247.5 | S67: 16835 | T67: 9240 | U67: 12725 | V67: 6565 | W67: 36074 | X67: =VLOOKUP(C67,'1-8-26'!$G$2:$I$50,3,0) -> 35150 | Y67: =GETPIVOTDATA("Sum of Total",'22-8-26'!$G$2,"Nasabah","BU SANDRA") -> 26550 | Z67: =VLOOKUP(C67,'12-9-26'!$G$2:$I$55,3,0) -> 8790 | AC67: =SUM(E67:AB67) -> 416636.5 | AD67: =AC67 -> 416636.5
B68: 66 | C68: Bu Sarmiyah | D68: 4 | E68: 1050 | F68: 11872.5 | G68: 13950 | H68: 5700 | J68: 8065 | K68: 6395 | M68: 4012.5 | P68: 13035 | R68: 14765 | V68: 30020 | X68: =VLOOKUP(C68,'1-8-26'!$G$2:$I$50,3,0) -> 32040 | AC68: =SUM(E68:AB68) -> 140905 | AD68: =AC68 -> 140905
B69: 67 | C69: Bu Sarti | D69: 4 | E69: 3967.5 | F69: 3890 | G69: 26870 | H69: 4990 | I69: 4615 | J69: 1610 | K69: 6502.5 | M69: 3658 | N69: 3505 | O69: 3725 | P69: 4950 | Q69: 18825 | R69: 7625 | S69: 3225 | U69: 9245 | W69: 20490 | Z69: =VLOOKUP(C69,'12-9-26'!$G$2:$I$55,3,0) -> 11560 | AC69: =SUM(E69:AB69) -> 139253 | AD69: =AC69 -> 139253
B70: 68 | C70: Bu Sariyanti | D70: 4 | E70: 16985 | G70: 21180 | H70: 5360 | J70: 7695 | L70: 5280 | M70: 2880 | O70: 14085 | P70: 2400 | Q70: 12367.5 | R70: 4347.5 | S70: 13645 | T70: 7473 | U70: 3750 | V70: 6695 | W70: 5440 | X70: =VLOOKUP(C70,'1-8-26'!$G$2:$I$50,3,0) -> 9500 | Y70: =GETPIVOTDATA("Sum of Total",'22-8-26'!$G$2,"Nasabah","BU SARIYANTI") -> 2593 | Z70: =VLOOKUP(C70,'12-9-26'!$G$2:$I$55,3,0) -> 5025 | AC70: =SUM(E70:AB70) -> 146701 | AD70: =AC70 -> 146701
B71: 69 | C71: Bu Satini | D71: 4 | E71: 3865 | F71: 13455 | G71: 2947.5 | I71: 8620 | J71: 6040 | L71: 8020 | N71: 2460 | P71: 3872.5 | R71: 5920 | S71: 6625 | T71: 8572.5 | U71: 12420 | V71: 13880 | Z71: =VLOOKUP(C71,'12-9-26'!$G$2:$I$55,3,0) -> 17115 | AC71: =SUM(E71:AB71) -> 113812.5 | AD71: =AC71 -> 113812.5
B72: 70 | C72: Bu Siti Mutmainah | D72: 4 | E72: 7847.5 | F72: 3345 | G72: 6220 | I72: 4245 | J72: 3832.5 | U72: 6820 | AC72: =SUM(E72:AB72) -> 32310 | AD72: =AC72 -> 32310
B73: 71 | C73: Bu Siti Alfiyah | D73: 4 | E73: 6590 | F73: 1330 | H73: 2030 | I73: 3380 | J73: 2830 | K73: 2885 | L73: 6425 | N73: 5462.5 | O73: 2610 | R73: 5100 | S73: 9055 | U73: 1280 | W73: 12005 | Z73: =VLOOKUP(C73,'12-9-26'!$G$2:$I$55,3,0) -> 7575 | AC73: =SUM(E73:AB73) -> 68557.5 | AD73: =AC73 -> 68557.5
B74: 72 | C74: Bu Suci | D74: 4 | E74: 2580 | F74: 1507.5 | H74: 91132.5 | I74: 43372.5 | K74: 9667.5 | L74: 105795 | M74: 44775 | N74: 23435 | O74: 12900 | P74: 11340 | Q74: 31942.5 | R74: 94002.5 | T74: 8746 | U74: 8545 | V74: 8690 | X74: =VLOOKUP(C74,'1-8-26'!$G$2:$I$50,3,0) -> 13160 | Z74: =VLOOKUP(C74,'12-9-26'!$G$2:$I$55,3,0) -> 29660 | AC74: =SUM(E74:AB74) -> 541251 | AD74: =AC74 -> 541251
B75: 73 | C75: Bu Titin | D75: 4 | F75: 3800 | H75: 10445 | I75: 2030 | J75: 1010 | K75: 1220 | M75: 4355 | N75: 5632.5 | O75: 5695 | AC75: =SUM(E75:AB75) -> 34187.5 | AD75: =AC75 -> 34187.5
B76: 74 | C76: Bu Suriya | D76: 4 | E76: 2700 | F76: 14012.5 | I76: 2175 | J76: 2882.5 | K76: 4925 | L76: 6267.5 | N76: 16905 | O76: 12720 | P76: 8510 | Q76: 5320 | R76: 18460 | U76: 15005 | V76: 8510 | W76: 2860 | X76: =VLOOKUP(C76,'1-8-26'!$G$2:$I$50,3,0) -> 44785 | Y76: =GETPIVOTDATA("Sum of Total",'22-8-26'!$G$2,"Nasabah","BU SURIYA") -> 25025 | Z76: =VLOOKUP(C76,'12-9-26'!$G$2:$I$55,3,0) -> 3790 | AC76: =SUM(E76:AB76) -> 194852.5 | AD76: =AC76 -> 194852.5
B77: 75 | C77: Bu Wuri | D77: 4 | E77: 2085 | F77: 450 | G77: 22535 | K77: 8255 | N77: 10000 | O77: 89172.5 | P77: 6650 | Q77: 16020 | R77: 18984 | V77: 17135 | Z77: =VLOOKUP(C77,'12-9-26'!$G$2:$I$55,3,0) -> 19180 | AC77: =SUM(E77:AB77) -> 210466.5 | AD77: =AC77-200000 -> 10466.5
B78: 76 | C78: Dame | D78: 4 | I78: 3760 | N78: 9635 | P78: 1505 | S78: 6200 | U78: 4475 | W78: 46575 | Y78: =GETPIVOTDATA("Sum of Total",'22-8-26'!$G$2,"Nasabah","DAME") -> 32030 | AC78: =SUM(E78:AB78) -> 104180 | AD78: =AC78 -> 104180
B79: 77 | C79: Bu Tunut | D79: 4 | E79: 6425 | F79: 25205 | G79: 24725 | H79: 29490 | I79: 19012.5 | J79: 9142.5 | K79: 41925 | L79: 16940 | M79: 9100 | N79: 30970 | O79: 22280 | P79: 10855 | Q79: 28820 | R79: 7390 | S79: 12785 | T79: 18788 | U79: 40557.5 | W79: 32480 | X79: =VLOOKUP(C79,'1-8-26'!$G$2:$I$50,3,0) -> 6405 | Y79: =GETPIVOTDATA("Sum of Total",'22-8-26'!$G$2,"Nasabah","BU TUNUT") -> 50750 | Z79: =VLOOKUP(C79,'12-9-26'!$G$2:$I$55,3,0) -> 2025 | AC79: =SUM(E79:AB79) -> 446070.5 | AD79: =AC79-200000 -> 246070.5
B80: 78 | C80: Mama Adam | D80: 4 | G80: 5820 | I80: 3900 | J80: 5100 | K80: 4050 | L80: 4860 | M80: 1375 | N80: 4830 | O80: 4190 | P80: 2342.5 | Q80: 3770 | S80: 1607.5 | T80: 2680 | U80: 6307.5 | V80: 2725 | W80: 6335 | X80: =VLOOKUP(C80,'1-8-26'!$G$2:$I$50,3,0) -> 2205 | Y80: =GETPIVOTDATA("Sum of Total",'22-8-26'!$G$2,"Nasabah","MAMA ADAM") -> 4830 | Z80: =VLOOKUP(C80,'12-9-26'!$G$2:$I$55,3,0) -> 5980 | AC80: =SUM(E80:AB80) -> 72907.5 | AD80: =AC80 -> 72907.5
B81: 79 | C81: Pak Sumarman | D81: 4 | E81: 4345 | G81: 11845 | I81: 12290 | J81: 9280 | K81: 6450 | M81: 4302.5 | N81: 3200 | O81: 5580 | P81: 25395 | W81: 6070 | X81: =VLOOKUP(C81,'1-8-26'!$G$2:$I$50,3,0) -> 5548 | Z81: =VLOOKUP(C81,'12-9-26'!$G$2:$I$55,3,0) -> 26075 | AC81: =SUM(E81:AB81) -> 120380.5 | AD81: =AC81 -> 120380.5
B82: 80 | C82: Selly | D82: 4 | E82: 7700 | F82: 9495 | G82: 6150 | I82: 7455 | K82: 12155 | M82: 8332.5 | N82: 5865 | O82: 214740 | P82: 12790 | R82: 20335 | S82: 8550 | T82: 12381 | V82: 20945 | W82: 36629 | Y82: =GETPIVOTDATA("Sum of Total",'22-8-26'!$G$2,"Nasabah","SELLY") -> 22950 | Z82: =VLOOKUP(C82,'12-9-26'!$G$2:$I$55,3,0) -> 14850 | AC82: =SUM(E82:AB82) -> 421322.5 | AD82: =AC82-200000 -> 221322.5
B83: 81 | C83: Mba Dian | D83: 4 | F83: 1350 | G83: 10182.5 | H83: 2525 | I83: 21930 | J83: 11700 | K83: 14425 | L83: 6535 | M83: 8590 | N83: 24227.5 | O83: 5580 | P83: 24135 | R83: 24337.5 | S83: 17757.5 | V83: 49053 | W83: 31965 | X83: =VLOOKUP(C83,'1-8-26'!$G$2:$I$50,3,0) -> 22583 | Y83: =GETPIVOTDATA("Sum of Total",'22-8-26'!$G$2,"Nasabah","MBA DIAN") -> 15375 | Z83: =VLOOKUP(C83,'12-9-26'!$G$2:$I$55,3,0) -> 35367.5 | AC83: =SUM(E83:AB83) -> 327618.5 | AD83: =AC83-131000 -> 196618.5
B84: 82 | C84: Pak Giri | D84: 4 | M84: 33820 | R84: 7920 | Y84: =GETPIVOTDATA("Sum of Total",'22-8-26'!$G$2,"Nasabah","PAK GIRI") -> 3588 | AC84: =SUM(E84:AB84) -> 45328 | AD84: =AC84 -> 45328
B85: 83 | C85: Bu Arsudin | D85: 5 | G85: 41200 | AC85: =SUM(E85:AB85) -> 41200 | AD85: =AC85-41200 -> 0 | AE85: 9 Agustus | AF85: Cash
B86: 84 | C86: Bu Dida | D86: 5 | I86: 12610 | K86: 14517.5 | L86: 4800 | O86: 15515 | R86: 24646 | S86: 24435 | V86: 25413 | Y86: =GETPIVOTDATA("Sum of Total",'22-8-26'!$G$2,"Nasabah","BU DIDA") -> 41830 | Z86: =VLOOKUP(C86,'12-9-26'!$G$2:$I$55,3,0) -> 7305 | AC86: =SUM(E86:AB86) -> 171071.5 | AD86: =AC86 -> 171071.5
B87: 85 | C87: Bu Kamiem | D87: 5 | E87: 25600 | F87: 13575 | K87: 13482.5 | M87: 4290 | N87: 3600 | P87: 26730 | R87: 38785 | T87: 5799 | V87: 15285 | X87: =VLOOKUP(C87,'1-8-26'!$G$2:$I$50,3,0) -> 4695 | Z87: =VLOOKUP(C87,'12-9-26'!$G$2:$I$55,3,0) -> 15905 | AC87: =SUM(E87:AB87) -> 167746.5 | AD87: =AC87 -> 167746.5
B88: 86 | C88: Bu Ecin Dwi | D88: 5 | G88: 25130 | H88: 14690 | I88: 25095 | J88: 30015 | K88: 40895 | L88: 9275 | M88: 14485 | N88: 23420 | O88: 11580 | Q88: 38800 | R88: 9950 | S88: 19385 | T88: 30170 | U88: 14960 | V88: 21273 | W88: 34575 | X88: =VLOOKUP(C88,'1-8-26'!$G$2:$I$50,3,0) -> 16485 | Y88: =GETPIVOTDATA("Sum of Total",'22-8-26'!$G$2,"Nasabah","BU ECIN DWI") -> 34258 | Z88: =VLOOKUP(C88,'12-9-26'!$G$2:$I$55,3,0) -> 21945 | AC88: =SUM(E88:AB88) -> 436386 | AD88: =AC88-100000-200000 -> 136386
B89: 87 | C89: Bu Nurhayati | D89: 5 | E89: 1195 | U89: 16287.5 | V89: 1820 | AC89: =SUM(E89:AB89) -> 19302.5 | AD89: =AC89 -> 19302.5
B90: 88 | C90: Bu Sri Retno | D90: 5 | E90: 4530 | I90: 12220 | K90: 10582.5 | N90: 19670 | P90: 14570 | R90: 28212.5 | W90: 36000 | Z90: =VLOOKUP(C90,'12-9-26'!$G$2:$I$55,3,0) -> 35692.5 | AC90: =SUM(E90:AB90) -> 161477.5 | AD90: =AC90-80000 -> 81477.5
B91: 89 | C91: Bu Uum | D91: 5 | E91: 15546 | H91: 36695 | I91: 12437.5 | K91: 48435 | Q91: 17330 | AC91: =SUM(E91:AB91) -> 130443.5 | AD91: =AC91-110000 -> 20443.5
B92: 90 | C92: Bu Yanti | D92: 5 | E92: 6720 | G92: 5540 | I92: 17760 | K92: 12057.5 | M92: 5000 | S92: 45954 | W92: 18073 | Y92: =GETPIVOTDATA("Sum of Total",'22-8-26'!$G$2,"Nasabah","BU YANTI") -> 13595 | AC92: =SUM(E92:AB92) -> 124699.5 | AD92: =AC92 -> 124699.5
B93: 91 | C93: Bu Lilis | D93: 5 | E93: 45685 | F93: 15025 | G93: 5095 | H93: 4670 | I93: 3015 | J93: 11630 | K93: 7010 | L93: 4645 | M93: 13400 | N93: 9300 | O93: 29565 | P93: 13585 | Q93: 9475 | R93: 13840 | S93: 25940 | U93: 52985 | V93: 53002 | X93: =VLOOKUP(C93,'1-8-26'!$G$2:$I$50,3,0) -> 31445 | Y93: =GETPIVOTDATA("Sum of Total",'22-8-26'!$G$2,"Nasabah","BU LILIS") -> 60998 | Z93: =VLOOKUP(C93,'12-9-26'!$G$2:$I$55,3,0) -> 57845 | AC93: =SUM(E93:AB93) -> 468155 | AD93: =AC93 -> 468155
B94: 92 | C94: Rafi | D94: 5 | E94: 6515 | G94: 3665 | K94: 1402.5 | AC94: =SUM(E94:AB94) -> 11582.5 | AD94: =AC94 -> 11582.5
B95: 93 | C95: Syifa Kamila | D95: 5 | F95: 18200 | I95: 3277.5 | N95: 16720 | S95: 109310 | T95: 10975 | Y95: =GETPIVOTDATA("Sum of Total",'22-8-26'!$G$2,"Nasabah","SYIFA KAMILA") -> 2525 | Z95: =VLOOKUP(C95,'12-9-26'!$G$2:$I$55,3,0) -> 7650 | AC95: =SUM(E95:AB95) -> 168657.5 | AD95: =AC95-150000 -> 18657.5
B96: 94 | C96: Pak Soleh | D96: 5 | F96: 3735 | H96: 5050 | L96: 22085 | O96: 6215 | Q96: 14230 | S96: 28280 | V96: 12585 | AC96: =SUM(E96:AB96) -> 92180 | AD96: =AC96 -> 92180
B97: 95 | C97: Oma Carrisa | D97: 5 | L97: 23122 | M97: 17855 | Q97: 45495 | R97: 71540 | S97: 12450 | U97: 52477.5 | V97: 15935 | W97: 16898 | X97: =VLOOKUP(C97,'1-8-26'!$G$2:$I$50,3,0) -> 54915 | Y97: =GETPIVOTDATA("Sum of Total",'22-8-26'!$G$2,"Nasabah","OMA CARRISA") -> 52888 | Z97: =VLOOKUP(C97,'12-9-26'!$G$2:$I$55,3,0) -> 41690 | AC97: =SUM(E97:AB97) -> 405265.5 | AD97: =AC97 -> 405265.5
B98: 96 | C98: Mas Angga | D98: 5 | N98: 7000 | AC98: =SUM(E98:AB98) -> 7000 | AD98: =AC98 -> 7000
B99: 97 | C99: Sahabat Qur'an | D99: 5 | O99: 29200 | Q99: 6055 | R99: 20495 | S99: 4742.5 | V99: 14325 | W99: 16180 | Y99: =GETPIVOTDATA("Sum of Total",'22-8-26'!$G$2,"Nasabah","SAHABAT QUR'AN") -> 11090 | Z99: =VLOOKUP(C99,'12-9-26'!$G$2:$I$55,3,0) -> 2695 | AC99: =SUM(E99:AB99) -> 104782.5 | AD99: =AC99 -> 104782.5
B100: 98 | C100: Nabil | D100: 6 | K100: 9220 | N100: 7230 | U100: 10600 | AC100: =SUM(E100:AB100) -> 27050 | AD100: =AC100 -> 27050
...

Sheet 12-9-26
A2: Nasabah | B2: Material | C2: Berat | D2: Harga | E2: Total | G2: Row Labels | H2: Sum of Berat | I2: Sum of Total | K2: Row Labels | L2: Sum of Berat | N2: Timbangan Kami Box | Q2: Sabtu, 12 September 2026 | T2: Timbangan Non Kami Box | W2: Sabtu, 12 September 2026
A3: VINA RT 3 | B3: MIX A/Boncos | C3: 0.55 | D3: 500 | E3: =C3*D3 -> 275 | G3: Bank Sampah Dasana UB | H3: 38.35 | I3: 13835 | K3: Aluminium Rongsok | L3: 1 | N3: No | O3: Jenis Sampah | P3: Harga | Q3: Berat | R3: Total Harga | T3: No | U3: Jenis Sampah | V3: Harga | W3: Berat | X3: Total Harga
A4: VINA RT 3 | B4: Tutup Botol | C4: 0.2 | D4: 2500 | E4: =C4*D4 -> 500 | G4: BU ADMINI | H4: 3.45 | I4: 6385 | K4: Asoy | L4: 29.85 | N4: 1 | O4: AC | P4: =VLOOKUP(O4,KamiBox!$C$2:$F$58,4,0) -> 200000 | Q4: =SUMIF($B$3:$B$357,O4,$C$3:$C$357) -> 0 | R4: =P4*Q4 -> 0 | T4: 1 | U4: Asoy | V4: =VLOOKUP(U4,KamiBox!$C$2:$F$58,4,0) -> 1500 | W4: =SUMIF($B$3:$B$357,U4,$C$3:$C$357) -> 29.85 | X4: =V4*W4 -> 44775
A5: VINA RT 3 | B5: Botol PET bersih | C5: 0.45 | D5: 2800 | E5: =C5*D5 -> 1260 | G5: BU ANGGA | H5: 19.25 | I5: 42865 | K5: Besi | L5: 21.5 | N5: 2 | O5: Aki | P5: =VLOOKUP(O5,KamiBox!$C$2:$F$58,4,0) -> 9000 | Q5: =SUMIF($B$3:$B$357,O5,$C$3:$C$357) -> 0 | R5: =P5*Q5 -> 0 | T5: 2 | U5: Plastik PE | V5: 1700 | W5: =SUMIF($B$3:$B$357,U5,$C$3:$C$357) -> 0.55 | X5: =V5*W5 -> 935
A6: VINA RT 3 | B6: Botol Kaca Bening/Putih | C6: 0.55 | D6: 150 | E6: =C6*D6 -> 82.5 | G6: BU ANI | H6: 10.65 | I6: 12400 | K6: Botol Kaca Bening/Putih | L6: 19.4 | N6: 3 | O6: Akrilik Putih | P6: =VLOOKUP(O6,KamiBox!$C$2:$F$58,4,0) -> 4000 | Q6: =SUMIF($B$3:$B$357,O6,$C$3:$C$357) -> 0 | R6: =P6*Q6 -> 0 | T6: 3 | U6: Plastik PP | V6: 1700 | W6: =SUMIF($B$3:$B$357,U6,$C$3:$C$357) -> 2.5 | X6: =V6*W6 -> 4250
A7: VINA RT 3 | B7: Kaleng | C7: 1.05 | D7: 1500 | E7: =C7*D7 -> 1575 | G7: BU ANWAR | H7: 6.55 | I7: 4217.5 | K7: Botol PET bersih | L7: 67.6 | N7: 4 | O7: Alumunium | P7: =VLOOKUP(O7,KamiBox!$C$2:$F$58,4,0) -> 10000 | Q7: 0 | R7: =P7*Q7 -> 0 | S7: 1 | U7: TOTAL | W7: =SUM(W4:W6) -> 32.9 | X7: =SUM(X4:X6) -> 49960
A8: VINA RT 3 | B8: Emberan | C8: 0.7 | D8: 1000 | E8: =C8*D8 -> 700 | G8: BU BETRIA | H8: 16.2 | I8: 22035 | K8: Botol PET Kotor | L8: 4.1 | N8: 5 | O8: Arsip | P8: =VLOOKUP(O8,KamiBox!$C$2:$F$58,4,0) -> 1000 | Q8: =SUMIF($B$3:$B$357,O8,$C$3:$C$357) -> 0 | R8: =P8*Q8 -> 0
A9: VINA RT 3 | B9: Plastik Multilayer | C9: 0.55 | D9: 300 | E9: =C9*D9 -> 165 | G9: BU DIDA | H9: 4 | I9: 7305 | K9: Buku, majalah, brosur, koran | L9: 18.65 | N9: 6 | O9: Asoy | R9: =P9*Q9 -> 0
A10: VINA RT 3 | B10: Asoy | C10: 0.15 | D10: 500 | E10: =C10*D10 -> 75 | G10: BU ECIN DWI | H10: 17.1 | I10: 21945 | K10: Emberan | L10: 68.1 | N10: 7 | O10: Besi | P10: =VLOOKUP(O10,KamiBox!$C$2:$F$58,4,0) -> 4000 | Q10: =SUMIF($B$3:$B$357,O10,$C$3:$C$357) -> 21.5 | R10: =P10*Q10 -> 86000
A11: MAMA ADAM | B11: Gelas PP Warna | C11: 2.25 | D11: 1600 | E11: =C11*D11 -> 3600 | G11: BU FATIMAH | H11: 2.2 | I11: 3010 | K11: Gabrukan | L11: 21.35 | N11: 8 | O11: Boncos Kotor | P11: =VLOOKUP(O11,KamiBox!$C$2:$F$58,4,0) -> 400 | Q11: =SUMIF($B$3:$B$357,O11,$C$3:$C$357) -> 0 | R11: =P11*Q11 -> 0
A12: MAMA ADAM | B12: Botol PET Kotor | C12: 1.15 | D12: 1600 | E12: =C12*D12 -> 1840 | G12: BU FEBRI | H12: 2.25 | I12: 1175 | K12: Gelas PP Bersih (bening) | L12: 2.8 | N12: 9 | O12: Botol Kaca Hijau | P12: =VLOOKUP(O12,KamiBox!$C$2:$F$58,4,0) -> 100 | Q12: =SUMIF($B$3:$B$357,O12,$C$3:$C$357) -> 0 | R12: =P12*Q12 -> 0
A13: MAMA ADAM | B13: Plastik Multilayer | C13: 1.8 | D13: 300 | E13: =C13*D13 -> 540 | G13: BU HADIYANA | H13: 36.45 | I13: 64430 | K13: Gelas PP Warna | L13: 3.15 | N13: 10 | O13: Botol Kaca Bening/Putih | P13: =VLOOKUP(O13,KamiBox!$C$2:$F$58,4,0) -> 200 | Q13: =SUMIF($B$3:$B$357,O13,$C$3:$C$357) -> 19.4 | R13: =P13*Q13 -> 3880
A14: MAMA WAHYU | B14: Karung | C14: 0.8 | D14: 400 | E14: =C14*D14 -> 320 | G14: BU IRMA | H14: 4.65 | I14: 5320 | K14: HVS/Putihan | L14: 1.9 | N14: 11 | O14: Botol Kaca Campur | P14: =VLOOKUP(O14,KamiBox!$C$2:$F$58,4,0) -> 100 | Q14: =SUMIF($B$3:$B$357,O14,$C$3:$C$357) -> 0 | R14: =P14*Q14 -> 0
A15: MAMA WAHYU | B15: Gabrukan | C15: 0.4 | D15: 1000 | E15: =C15*D15 -> 400 | G15: BU KAMIEM | H15: 11.95 | I15: 15905 | K15: Jelantah | L15: 45.7 | N15: 12 | O15: Botol Kaca Coklat/Merah | P15: =VLOOKUP(O15,KamiBox!$C$2:$F$58,4,0) -> 800 | Q15: =SUMIF($B$3:$B$357,O15,$C$3:$C$357) -> 0 | R15: =P15*Q15 -> 0
A16: MAMA WAHYU | B16: Asoy | C16: 0.5 | D16: 500 | E16: =C16*D16 -> 250 | G16: BU LILIS | H16: 28.6 | I16: 57845 | K16: Kabel Alumunium | L16: 2.7 | N16: 13 | O16: Botol PET bersih | P16: =VLOOKUP(O16,KamiBox!$C$2:$F$58,4,0) -> 5000 | Q16: =SUMIF($B$3:$B$357,O16,$C$3:$C$357)+4 -> 71.6 | R16: =P16*Q16 -> 358000
A17: MAMA WAHYU | B17: Plastik Multilayer | C17: 1.6 | D17: 300 | E17: =C17*D17 -> 480 | G17: BU MIMIN | H17: 2.9 | I17: 3325 | K17: Kaleng | L17: 19.6 | N17: 14 | O17: Botol PET Kotor | P17: =VLOOKUP(O17,KamiBox!$C$2:$F$58,4,0) -> 2500 | Q17: =SUMIF($B$3:$B$357,O17,$C$3:$C$357) -> 4.1 | R17: =P17*Q17 -> 10250
A18: MAMA WAHYU | B18: MIX A/Boncos | C18: 0.5 | D18: 500 | E18: =C18*D18 -> 250 | G18: BU MINAH | H18: 1.7 | I18: 3290 | K18: Kardus | L18: 103.15 | N18: 15 | O18: Botol Plastik Kemasan Campur | P18: =VLOOKUP(O18,KamiBox!$C$2:$F$58,4,0) -> 1000 | Q18: =SUMIF($B$3:$B$357,O18,$C$3:$C$357) -> 0 | R18: =P18*Q18 -> 0
A19: BU NURLAYLI | B19: Botol PET bersih | C19: 0.45 | D19: 2800 | E19: =C19*D19 -> 1260 | G19: BU NENI | H19: 9.3 | I19: 9020 | K19: Karung | L19: 1.05 | N19: 16 | O19: Buku, majalah, brosur, koran | P19: =VLOOKUP(O19,KamiBox!$C$2:$F$58,4,0) -> 1000 | Q19: =SUMIF($B$3:$B$357,O19,$C$3:$C$357) -> 18.65 | R19: =P19*Q19 -> 18650
A20: BU NURLAYLI | B20: Emberan | C20: 1.2 | D20: 1000 | E20: =C20*D20 -> 1200 | G20: BU NITA | H20: 10.95 | I20: 17960 | K20: Kristal Putih | L20: 0.7 | N20: 17 | O20: Emberan | P20: =VLOOKUP(O20,KamiBox!$C$2:$F$58,4,0) -> 1200 | Q20: =SUMIF($B$3:$B$357,O20,$C$3:$C$357) -> 68.1 | R20: =P20*Q20 -> 81720
A21: BU NURLAYLI | B21: Plastik Multilayer | C21: 0.5 | D21: 300 | E21: =C21*D21 -> 150 | G21: BU NURJANAH | H21: 2.05 | I21: 1785 | K21: MIX A/Boncos | L21: 39.4 | N21: 18 | O21: Gabrukan | P21: =VLOOKUP(O21,KamiBox!$C$2:$F$58,4,0) -> 1000 | Q21: =SUMIF($B$3:$B$357,O21,$C$3:$C$357) -> 21.35 | R21: =P21*Q21 -> 21350
A22: BU SITI ALFIYAH | B22: STAL/Kabin/Enamel | C22: 0.8 | D22: 1800 | E22: =C22*D22 -> 1440 | G22: BU NURLAYLI | H22: 2.15 | I22: 2610 | K22: Plastik Multilayer | L22: 79.65 | N22: 19 | O22: Galon PC | P22: =VLOOKUP(O22,KamiBox!$C$2:$F$58,4,0) -> 3000 | Q22: =SUMIF($B$3:$B$357,O22,$C$3:$C$357) -> 0 | R22: =P22*Q22 -> 0
A23: BU SITI ALFIYAH | B23: Emberan | C23: 1.7 | D23: 1000 | E23: =C23*D23 -> 1700 | G23: BU PURWANI | H23: 15.9 | I23: 45355 | K23: Plastik PE | L23: 0.55 | N23: 20 | O23: Gelas PP Bersih | P23: =VLOOKUP(O23,KamiBox!$C$2:$F$58,4,0) -> 4000 | Q23: =GETPIVOTDATA("Berat",$K$2,"Material","Gelas PP Bersih (bening)")+1 -> 3.8 | R23: =P23*Q23 -> 15200
A24: BU SITI ALFIYAH | B24: Asoy | C24: 0.85 | D24: 500 | E24: =C24*D24 -> 425 | G24: BU RINA | H24: 10.5 | I24: 17720 | K24: Plastik PP | L24: 2.5 | N24: 21 | O24: Gelas PP Warna | P24: =VLOOKUP(O24,KamiBox!$C$2:$F$58,4,0) -> 2000 | Q24: =SUMIF($B$3:$B$357,O24,$C$3:$C$357) -> 3.15 | R24: =P24*Q24 -> 6300
A25: BU SITI ALFIYAH | B25: MIX A/Boncos | C25: 2.35 | D25: 500 | E25: =C25*D25 -> 1175 | G25: BU RIRIS | H25: 14.8 | I25: 44980 | K25: STAL/Kabin/Enamel | L25: 5.6 | N25: 22 | O25: Handphone | P25: =VLOOKUP(O25,KamiBox!$C$2:$F$58,4,0) -> 5000 | Q25: =SUMIF($B$3:$B$357,O25,$C$3:$C$357) -> 0 | R25: =P25*Q25 -> 0
A26: BU SITI ALFIYAH | B26: Plastik Multilayer | C26: 1.05 | D26: 300 | E26: =C26*D26 -> 315 | G26: BU RUMIYATI | H26: 11.4 | I26: 15720 | K26: Styrofoam | L26: 2.25 | N26: 23 | O26: HVS/Putihan | P26: =VLOOKUP(O26,KamiBox!$C$2:$F$58,4,0) -> 2000 | Q26: =SUMIF($B$3:$B$357,O26,$C$3:$C$357) -> 1.9 | R26: =P26*Q26 -> 3800
A27: BU SITI ALFIYAH | B27: Botol PET bersih | C27: 0.9 | D27: 2800 | E27: =C27*D27 -> 2520 | G27: BU SANDRA | H27: 9.05 | I27: 8790 | K27: Tutup Botol | L27: 4.8 | N27: 24 | O27: Impact | P27: =VLOOKUP(O27,KamiBox!$C$2:$F$58,4,0) -> 700 | Q27: =SUMIF($B$3:$B$357,O27,$C$3:$C$357) -> 0 | R27: =P27*Q27 -> 0
A28: SELLY | B28: Gabrukan | C28: =0.85+1.15+1.05 -> 3.05 | D28: 1000 | E28: =C28*D28 -> 3050 | G28: BU SARIYANTI | H28: 3.2 | I28: 5025 | K28: Tutup Galon | L28: 1.5 | N28: 25 | O28: Jelantah | P28: 7000 | Q28: =SUMIF($B$3:$B$357,O28,$C$3:$C$357)+3.5 -> 49.2 | R28: =P28*Q28 -> 344400 | S28: 3.5
A29: SELLY | B29: Besi | C29: 1.7 | D29: 2500 | E29: =C29*D29 -> 4250 | G29: BU SARTI | H29: 5.2 | I29: 11560 | K29: Grand Total | L29: 568.55 | N29: 26 | O29: Kabel | P29: =VLOOKUP(O29,KamiBox!$C$2:$F$58,4,0) -> 1500 | Q29: =GETPIVOTDATA("Berat",$K$2,"Material","Kabel Alumunium") -> 2.7 | R29: =P29*Q29 -> 4050
A30: SELLY | B30: Botol Kaca Bening/Putih | C30: 0.4 | D30: 150 | E30: =C30*D30 -> 60 | G30: BU SATINI | H30: 11.15 | I30: 17115 | N30: 27 | O30: Kabin | P30: =VLOOKUP(O30,KamiBox!$C$2:$F$58,4,0) -> 2000 | Q30: =GETPIVOTDATA("Berat",$K$2,"Material","STAL/Kabin/Enamel") -> 5.6 | R30: =P30*Q30 -> 11200
A31: SELLY | B31: Botol PET bersih | C31: 1 | D31: 2800 | E31: =C31*D31 -> 2800 | G31: BU SITI ALFIYAH | H31: 7.65 | I31: 7575 | N31: 28 | O31: Kaca | P31: =VLOOKUP(O31,KamiBox!$C$2:$F$58,4,0) -> 100 | Q31: =SUMIF($B$3:$B$357,O31,$C$3:$C$357) -> 0 | R31: =P31*Q31 -> 0
A32: SELLY | B32: Emberan | C32: 1.4 | D32: 1000 | E32: =C32*D32 -> 1400 | G32: BU SRI RETNO | H32: 16.5 | I32: 35692.5 | K32: Keuntungan Penjualan | N32: 29 | O32: Kaleng | P32: =VLOOKUP(O32,KamiBox!$C$2:$F$58,4,0) -> 2000 | Q32: =SUMIF($B$3:$B$357,O32,$C$3:$C$357) -> 19.6 | R32: =P32*Q32 -> 39200
A33: SELLY | B33: MIX A/Boncos | C33: 2.2 | D33: 500 | E33: =C33*D33 -> 1100 | G33: BU SUCI | H33: 14.15 | I33: 29660 | K33: =(R60+X7)-GETPIVOTDATA("Sum of Total",$G$2) -> 504907.5 | N33: 30 | O33: Kantung Semen | P33: =VLOOKUP(O33,KamiBox!$C$2:$F$58,4,0) -> 1800 | Q33: =SUMIF($B$3:$B$357,O33,$C$3:$C$357) -> 0 | R33: =P33*Q33 -> 0
A34: SELLY | B34: Asoy | C34: 0.55 | D34: 500 | E34: =C34*D34 -> 275 | G34: BU SUKAYAH | H34: 4.65 | I34: 3535 | N34: 31 | O34: Kardus | P34: =VLOOKUP(O34,KamiBox!$C$2:$F$58,4,0) -> 1800 | Q34: =SUMIF($B$3:$B$357,O34,$C$3:$C$357)+5 -> 108.15 | R34: =P34*Q34 -> 194670
A35: SELLY | B35: Kardus | C35: 0.9 | D35: 1000 | E35: =C35*D35 -> 900 | G35: BU SURIYA | H35: 2.9 | I35: 3790 | N35: 32 | O35: Kaset CD | P35: =VLOOKUP(O35,KamiBox!$C$2:$F$58,4,0) -> 4000 | Q35: =SUMIF($B$3:$B$357,O35,$C$3:$C$357) -> 0 | R35: =P35*Q35 -> 0
A36: SELLY | B36: Plastik Multilayer | C36: 0.8 | D36: 300 | E36: =C36*D36 -> 240 | G36: BU TERMIN | H36: 2.75 | I36: 3475 | N36: 33 | O36: Kipas Angin | P36: 20000 | Q36: =SUMIF($B$3:$B$357,O36,$C$3:$C$357) -> 0 | R36: =P36*Q36 -> 0
A37: SELLY | B37: Aluminium Rongsok | C37: 0.05 | D37: 8000 | E37: =C37*D37 -> 400 | G37: BU TUNUT | H37: 3.6 | I37: 2025 | N37: 34 | O37: Komputer | P37: =VLOOKUP(O37,KamiBox!$C$2:$F$58,4,0) -> 60000 | Q37: =SUMIF($B$3:$B$357,O37,$C$3:$C$357) -> 0 | R37: =P37*Q37 -> 0
A38: SELLY | B38: Kaleng | C38: 0.25 | D38: 1500 | E38: =C38*D38 -> 375 | G38: BU WIWIN | H38: 13.95 | I38: 19667.5 | N38: 35 | O38: Kones | P38: =VLOOKUP(O38,KamiBox!$C$2:$F$58,4,0) -> 700 | Q38: =SUMIF($B$3:$B$357,O38,$C$3:$C$357) -> 0 | R38: =P38*Q38 -> 0
A39: BU NITA | B39: Jelantah | C39: 1.3 | D39: 5000 | E39: =C39*D39 -> 6500 | G39: BU WURI | H39: 21.15 | I39: 19180 | N39: 36 | O39: Kristal Putih | P39: =VLOOKUP(O39,KamiBox!$C$2:$F$58,4,0) -> 4000 | Q39: =SUMIF($B$3:$B$357,O39,$C$3:$C$357)+0.1 -> 0.8 | R39: =P39*Q39 -> 3200
A40: BU NITA | B40: Kaleng | C40: 0.15 | D40: 1500 | E40: =C40*D40 -> 225 | G40: BU YANTI BELA | H40: 23.7 | I40: 29925 | N40: 37 | O40: Kulkas | P40: =VLOOKUP(O40,KamiBox!$C$2:$F$58,4,0) -> 50000 | Q40: =SUMIF($B$3:$B$357,O40,$C$3:$C$357) -> 0 | R40: =P40*Q40 -> 0
A41: BU NITA | B41: Botol PET bersih | C41: 1.45 | D41: 2800 | E41: =C41*D41 -> 4060 | G41: BU YENVITRIATI | H41: 6.35 | I41: 8120 | N41: 38 | O41: Kuningan | P41: =VLOOKUP(O41,KamiBox!$C$2:$F$58,4,0) -> 35000 | Q41: =SUMIF($B$3:$B$357,O41,$C$3:$C$357) -> 0 | R41: =P41*Q41 -> 0
A42: BU NITA | B42: Plastik Multilayer | C42: 1.25 | D42: 300 | E42: =C42*D42 -> 375 | G42: MAMA ADAM | H42: 5.2 | I42: 5980 | N42: 39 | O42: Mesin Cuci | P42: =VLOOKUP(O42,KamiBox!$C$2:$F$58,4,0) -> 50000 | Q42: =SUMIF($B$3:$B$357,O42,$C$3:$C$357) -> 0 | R42: =P42*Q42 -> 0
A43: BU NITA | B43: Emberan | C43: 6.8 | D43: 1000 | E43: =C43*D43 -> 6800 | G43: MAMA WAHYU | H43: 3.8 | I43: 1700 | N43: 40 | O43: Mika | Q43: =SUMIF($B$3:$B$357,O43,$C$3:$C$357) -> 0 | R43: =P43*Q43 -> 0
A44: PAK SUPRAYITNO | B44: Kaleng | C44: 0.5 | D44: 1500 | E44: =C44*D44 -> 750 | G44: MBA DIAN | H44: 26.35 | I44: 35367.5 | N44: 41 | O44: MIX A/Boncos | P44: =VLOOKUP(O44,KamiBox!$C$2:$F$58,4,0) -> 700 | Q44: =SUMIF($B$3:$B$357,O44,$C$3:$C$357) -> 39.4 | R44: =P44*Q44 -> 27580
A45: PAK SUPRAYITNO | B45: Gabrukan | C45: 0.7 | D45: 1000 | E45: =C45*D45 -> 700 | G45: MBAK NURHAYATI | H45: 9.75 | I45: 22350 | N45: 42 | O45: Plastik Minyak goreng | Q45: =SUMIF($B$3:$B$357,O45,$C$3:$C$357) -> 0 | R45: =P45*Q45 -> 0
A46: PAK SUPRAYITNO | B46: MIX A/Boncos | C46: 0.8 | D46: 500 | E46: =C46*D46 -> 400 | G46: NOVEM | H46: 6.25 | I46: 11935 | N46: 43 | O46: Plastik Multilayer | P46: =VLOOKUP(O46,KamiBox!$C$2:$F$58,4,0) -> 500 | Q46: =SUMIF($B$3:$B$357,O46,$C$3:$C$357)+2 -> 81.65 | R46: =P46*Q46 -> 40825
A47: PAK SUPRAYITNO | B47: Plastik Multilayer | C47: 0.4 | D47: 300 | E47: =C47*D47 -> 120 | G47: OMA CARRISA | H47: 40 | I47: 41690 | N47: 44 | O47: Plastik PE | R47: =P47*Q47 -> 0
A48: BU TUNUT | B48: Emberan | C48: 0.55 | D48: 1000 | E48: =C48*D48 -> 550 | G48: PAK SUMARMAN | H48: 10.75 | I48: 26075 | N48: 45 | O48: Plastik PP | R48: =P48*Q48 -> 0
A49: BU TUNUT | B49: Plastik Multilayer | C49: 1.35 | D49: 300 | E49: =C49*D49 -> 405 | G49: PAK SUPRAYITNO | H49: 2.4 | I49: 1970 | N49: 46 | O49: PVC | P49: =VLOOKUP(O49,KamiBox!$C$2:$F$58,4,0) -> 900 | Q49: =SUMIF($B$3:$B$357,O49,$C$3:$C$357) -> 0 | R49: =P49*Q49 -> 0
A50: BU TUNUT | B50: Tutup Botol | C50: 0.25 | D50: 2500 | E50: =C50*D50 -> 625 | G50: PAK WAWAN | H50: 11.85 | I50: 16170 | N50: 46 | O50: Seng/Kawat | P50: =VLOOKUP(O50,KamiBox!$C$2:$F$58,4,0) -> 700 | Q50: =SUMIF($B$3:$B$357,O50,$C$3:$C$357) -> 0 | R50: =P50*Q50 -> 0
A51: BU TUNUT | B51: Botol Kaca Bening/Putih | C51: 0.8 | D51: 150 | E51: =C51*D51 -> 120 | G51: SAHABAT QUR'AN | H51: 2.85 | I51: 2695 | N51: 47 | O51: Styrofoam | P51: =VLOOKUP(O51,KamiBox!$C$2:$F$58,4,0) -> 400 | Q51: =SUMIF($B$3:$B$357,O51,$C$3:$C$357) -> 2.25 | R51: =P51*Q51 -> 900
A52: BU TUNUT | B52: Asoy | C52: 0.65 | D52: 500 | E52: =C52*D52 -> 325 | G52: SELLY | H52: 12.3 | I52: 14850 | N52: 48 | O52: Tembaga | P52: =VLOOKUP(O52,KamiBox!$C$2:$F$58,4,0) -> 60000 | Q52: =SUMIF($B$3:$B$357,O52,$C$3:$C$357) -> 0 | R52: =P52*Q52 -> 0
A53: BU MINAH | B53: Asoy | C53: 0.15 | D53: 500 | E53: =C53*D53 -> 75 | G53: SYIFA KAMILA | H53: 3.6 | I53: 7650 | N53: 49 | O53: Tetrapak/UBC | P53: =VLOOKUP(O53,KamiBox!$C$2:$F$58,4,0) -> 150 | Q53: =SUMIF($B$3:$B$357,O53,$C$3:$C$357) -> 0 | R53: =P53*Q53 -> 0
A54: BU MINAH | B54: Plastik Multilayer | C54: 0.45 | D54: 300 | E54: =C54*D54 -> 135 | G54: VINA RT 3 | H54: 4.2 | I54: 4632.5 | N54: 50 | O54: Tutup Botol | P54: =VLOOKUP(O54,KamiBox!$C$2:$F$58,4,0) -> 3000 | Q54: =SUMIF($B$3:$B$357,O54,$C$3:$C$357) -> 4.8 | R54: =P54*Q54 -> 14400
A55: BU MINAH | B55: Botol PET bersih | C55: 1.1 | D55: 2800 | E55: =C55*D55 -> 3080 | G55: Grand Total | H55: 568.55 | I55: 838637.5 | N55: 51 | O55: Tutup Galon | P55: =VLOOKUP(O55,KamiBox!$C$2:$F$58,4,0) -> 4500 | Q55: =SUMIF($B$3:$B$357,O55,$C$3:$C$357) -> 1.5 | R55: =P55*Q55 -> 6750
A56: BU NURJANAH | B56: Plastik Multilayer | C56: 0.8 | D56: 300 | E56: =C56*D56 -> 240 | N56: 52 | O56: TV | P56: =VLOOKUP(O56,KamiBox!$C$2:$F$58,4,0) -> 20000 | Q56: =SUMIF($B$3:$B$357,O56,$C$3:$C$357) -> 0 | R56: =P56*Q56 -> 0
A57: BU NURJANAH | B57: Botol PET bersih | C57: 0.4 | D57: 2800 | E57: =C57*D57 -> 1120 | N57: 53 | O57: Yakult | P57: =VLOOKUP(O57,KamiBox!$C$2:$F$58,4,0) -> 1000 | Q57: =SUMIF($B$3:$B$357,O57,$C$3:$C$357) -> 0 | R57: =P57*Q57 -> 0
A58: BU NURJANAH | B58: MIX A/Boncos | C58: 0.85 | D58: 500 | E58: =C58*D58 -> 425 | N58: 54 | O58: Karung | P58: =VLOOKUP(O58,KamiBox!$C$2:$F$58,4,0) -> 1200 | Q58: =SUMIF($B$3:$B$357,O58,$C$3:$C$357) -> 1.05 | R58: =P58*Q58 -> 1260
A59: BU SUCI | B59: Kardus | C59: 3.9 | D59: 1000 | E59: =C59*D59 -> 3900 | N59: 55 | O59: Baja Ringan | P59: =VLOOKUP(O59,KamiBox!$C$2:$F$58,4,0) -> 2000 | Q59: =SUMIF($B$3:$B$357,O59,$C$3:$C$357) -> 0 | R59: =P59*Q59 -> 0
A60: BU SUCI | B60: Asoy | C60: 1.4 | D60: 500 | E60: =C60*D60 -> 700 | P60: TOTAL | Q60: =SUM(Q4:Q59) -> 550.25 | R60: =SUM(R6:R59) -> 1293585
A61: BU SUCI | B61: MIX A/Boncos | C61: 1 | D61: 500 | E61: =C61*D61 -> 500
A62: BU SUCI | B62: Plastik Multilayer | C62: 2.4 | D62: 300 | E62: =C62*D62 -> 720
A63: BU SUCI | B63: Botol PET bersih | C63: 1.55 | D63: 2800 | E63: =C63*D63 -> 4340
A64: BU SUCI | B64: Jelantah | C64: 3.9 | D64: 5000 | E64: =C64*D64 -> 19500
A65: SYIFA KAMILA | B65: Botol PET bersih | C65: 2.25 | D65: 2800 | E65: =C65*D65 -> 6300
A66: SYIFA KAMILA | B66: Emberan | C66: 1.35 | D66: 1000 | E66: =C66*D66 -> 1350
A67: BU MIMIN | B67: Kardus | C67: 0.8 | D67: 1000 | E67: =C67*D67 -> 800
A68: BU MIMIN | B68: Emberan | C68: 0.4 | D68: 1000 | E68: =C68*D68 -> 400
A69: BU MIMIN | B69: Kaleng | C69: 0.85 | D69: 1500 | E69: =C69*D69 -> 1275
A70: BU MIMIN | B70: Gabrukan | C70: 0.85 | D70: 1000 | E70: =C70*D70 -> 850
A71: BU WIWIN | B71: Gelas PP Bersih (bening) | C71: 0.15 | D71: 3500 | E71: =C71*D71 -> 525
A72: BU WIWIN | B72: MIX A/Boncos | C72: 0.65 | D72: 500 | E72: =C72*D72 -> 325
... A126: BU WURI | B126: Plastik Multilayer | C126: 1.45 | D126: 300 | E126: =C126*D126 -> 435
A127: BU WURI | B127: Emberan | C127: =1.9+0.45 -> 2.35 | D127: 1000 | E127: =C127*D127 -> 2350
A128: BU WURI | B128: Styrofoam | C128: 0.15 | D128: 150 | E128: =C128*D128 -> 22.5
A129: BU WURI | B129: Botol PET bersih | C129: 1.5 | D129: 2800 | E129: =C129*D129 -> 4200
A130: BU NENI | B130: Botol PET bersih | C130: 1.2 | D130: 2800 | E130: =C130*D130 -> 3360
A131: BU NENI | B131: Plastik Multilayer | C131: 3.2 | D131: 300 | E131: =C131*D131 -> 960
A132: BU NENI | B132: Asoy | C132: 0.4 | D132: 500 | E132: =C132*D132 -> 200
A133: BU NENI | B133: Emberan | C133: =2.4+0.75 -> 3.15 | D133: 1000 | E133: =C133*D133 -> 3150
A134: BU NENI | B134: Kardus | C134: 1.35 | D134: 1000 | E134: =C134*D134 -> 1350
A135: BU ECIN DWI | B135: Botol Kaca Bening/Putih | C135: 0.2 | D135: 150 | E135: =C135*D135 -> 30
A136: BU ECIN DWI | B136: Gabrukan | C136: 1.05 | D136: 1000 | E136: =C136*D136 -> 1050
A137: BU ECIN DWI | B137: Asoy | C137: 0.25 | D137: 500 | E137: =C137*D137 -> 125
A138: BU ECIN DWI | B138: Tutup Galon | C138: 0.1 | D138: 3500 | E138: =C138*D138 -> 350
A139: BU ECIN DWI | B139: Tutup Botol | C139: 0.1 | D139: 2500 | E139: =C139*D139 -> 250
A140: BU ECIN DWI | B140: Kaleng | C140: 0.7 | D140: 1500 | E140: =C140*D140 -> 1050
A141: BU ECIN DWI | B141: Botol PET bersih | C141: 2.15 | D141: 2800 | E141: =C141*D141 -> 6020
A142: BU ECIN DWI | B142: Plastik Multilayer | C142: 1.4 | D142: 300 | E142: =C142*D142 -> 420
A143: BU ECIN DWI | B143: Gelas PP Bersih (bening) | C143: 0.6 | D143: 3500 | E143: =C143*D143 -> 2100
A144: BU ECIN DWI | B144: Kardus | C144: 10.55 | D144: 1000 | E144: =C144*D144 -> 10550
A145: OMA CARRISA | B145: Kardus | C145: 0.2 | D145: 1000 | E145: =C145*D145 -> 200
... A295: MBA DIAN | B295: Kabel Alumunium | C295: 1.25 | D295: 1400 | E295: =C295*D295 -> 1750
A296: MBA DIAN | B296: Emberan | C296: =5.5+4.75 -> 10.25 | D296: 1000 | E296: =C296*D296 -> 10250
A297: MBA DIAN | B297: Plastik Multilayer | C297: 1.1 | D297: 300 | E297: =C297*D297 -> 330
A298: MBA DIAN | B298: Kardus | C298: 5.25 | D298: 1000 | E298: =C298*D298 -> 5250
A299: MBA DIAN | B299: Tutup Botol | C299: 0.3 | D299: 2500 | E299: =C299*D299 -> 750
A300: MBA DIAN | B300: Botol PET bersih | C300: 4.6 | D300: 2800 | E300: =C300*D300 -> 12880
A301: MBA DIAN | B301: Kaleng | C301: 0.95 | D301: 1500 | E301: =C301*D301 -> 1425
A302: BU RUMIYATI | B302: Kaleng | C302: 2.5 | D302: 1500 | E302: =C302*D302 -> 3750
A303: BU RUMIYATI | B303: Tutup Botol | C303: 0.2 | D303: 2500 | E303: =C303*D303 -> 500
...

Sheet 22-8-26
A2: Nasabah | B2: Material | C2: Berat | D2: Harga | E2: Total | G2: Row Labels | H2: Sum of Berat | I2: Sum of Total | K2: Row Labels | L2: Sum of Berat | O2: Timbangan Kami Box | R2: Sabtu, 22 Agustus 2026 | U2: Timbangan Non Kami Box | X2: Sabtu, 22 Agustus 2026
A3: PAK GIRI | B3: Asoy | C3: 1 | D3: 500 | E3: 500 | G3: AKHSAN | H3: 5.2 | I3: 6230 | K3: Aluminium Rongsok | L3: 0.2 | O3: No | P3: Jenis Sampah | Q3: Harga | R3: Berat | S3: Total Harga | U3: No | V3: Jenis Sampah | W3: Harga | X3: Berat | Y3: Total Harga
A4: PAK GIRI | B4: Plastik Multilayer | C4: 0.65 | D4: 300 | E4: 195 | G4: BU ADMINI | H4: 7.15 | I4: 7705 | K4: Asoy | L4: 18.5 | O4: 1 | P4: AC | Q4: =VLOOKUP(P4,KamiBox!$C$2:$F$58,4,0) -> 200000 | R4: =SUMIF($B$3:$B$332,P4,$C$3:$C$332) -> 0 | S4: =Q4*R4 -> 0 | U4: 1 | V4: Asoy | W4: =VLOOKUP(V4,KamiBox!$C$2:$F$58,4,0) -> 1500 | X4: =SUMIF($B$3:$B$346,V4,$C$3:$C$346) -> 18.5 | Y4: =W4*X4 -> 27750
A5: PAK GIRI | B5: Botol Kaca Bening/Putih | C5: 2.95 | D5: 150 | E5: 443 | G5: BU ANGGA | H5: 10.05 | I5: 20928 | K5: Besi | L5: 17.25 | O5: 2 | P5: Aki | Q5: =VLOOKUP(P5,KamiBox!$C$2:$F$58,4,0) -> 9000 | R5: =SUMIF($B$3:$B$332,P5,$C$3:$C$332) -> 0 | S5: =Q5*R5 -> 0 | U5: 2 | V5: Plastik PE | W5: 1700 | X5: =SUMIF($B$3:$B$346,V5,$C$3:$C$346) -> 0.5 | Y5: =W5*X5 -> 850
A6: PAK GIRI | B6: Gabrukan | C6: 2.45 | D6: 1000 | E6: 2450 | G6: BU ANI | H6: 7.4 | I6: 8985 | K6: Botol Kaca Bening/Putih | L6: 29.3 | O6: 3 | P6: Akrilik Putih | Q6: =VLOOKUP(P6,KamiBox!$C$2:$F$58,4,0) -> 4000 | R6: =SUMIF($B$3:$B$332,P6,$C$3:$C$332) -> 0 | S6: =Q6*R6 -> 0 | U6: 3 | V6: Plastik PP | W6: 1700 | X6: =SUMIF($B$3:$B$346,V6,$C$3:$C$346) -> 0.35 | Y6: =W6*X6 -> 595
A7: VENA | B7: Botol PET bersih | C7: 1 | D7: 2800 | E7: 2800 | G7: BU BETRIA | H7: 37.15 | I7: 33875 | K7: Botol PET bersih | L7: 52.45 | O7: 4 | P7: Alumunium | Q7: =VLOOKUP(P7,KamiBox!$C$2:$F$58,4,0) -> 10000 | R7: 0.2 | S7: =Q7*R7 -> 2000 | V7: TOTAL | X7: =SUM(X4:X6) -> 19.35 | Y7: =SUM(Y4:Y6) -> 29195
A8: VENA | B8: Asoy | C8: 0.25 | D8: 500 | E8: 125 | G8: BU DIDA | H8: 35 | I8: 41830 | K8: Botol PET Kotor | L8: 6.7 | O8: 5 | P8: Arsip | Q8: =VLOOKUP(P8,KamiBox!$C$2:$F$58,4,0) -> 1000 | R8: =SUMIF($B$3:$B$332,P8,$C$3:$C$332) -> 0 | S8: =Q8*R8 -> 0 | Y8: ='1-8-26'!X7 -> 23945
A9: VENA | B9: Kardus | C9: 0.65 | D9: 1000 | E9: 650 | G9: BU ECIN DWI | H9: 18.85 | I9: 34258 | K9: Buku, majalah, brosur, koran | L9: 12.5 | O9: 6 | P9: Asoy | S9: =Q9*R9 -> 0
A10: VENA | B10: Emberan | C10: 1.3 | D10: 1000 | E10: 1300 | G10: BU HADIYANA | H10: 41.8 | I10: 66643 | K10: Emberan | L10: 69.5 | O10: 7 | P10: Besi | Q10: =VLOOKUP(P10,KamiBox!$C$2:$F$58,4,0) -> 4000 | R10: =SUMIF($B$3:$B$332,P10,$C$3:$C$332) -> 17.25 | S10: =Q10*R10 -> 69000
A11: VENA | B11: MIX A/Boncos | C11: 0.45 | D11: 500 | E11: 225 | G11: BU IDA AMANAH | H11: 6 | I11: 6050 | K11: Gabrukan | L11: 50.4 | O11: 8 | P11: Boncos Kotor | Q11: =VLOOKUP(P11,KamiBox!$C$2:$F$58,4,0) -> 400 | R11: =SUMIF($B$3:$B$332,P11,$C$3:$C$332) -> 0 | S11: =Q11*R11 -> 0
A12: VENA | B12: Tutup Galon | C12: 0.1 | D12: 3500 | E12: 350 | G12: BU IRMA | H12: 2.45 | I12: 3045 | K12: Gelas PP Bersih (bening) | L12: 2.5 | O12: 9 | P12: Botol Kaca Hijau | Q12: =VLOOKUP(P12,KamiBox!$C$2:$F$58,4,0) -> 100 | R12: =SUMIF($B$3:$B$332,P12,$C$3:$C$332) -> 0 | S12: =Q12*R12 -> 0
A13: VENA | B13: Botol Kaca Bening/Putih | C13: 0.55 | D13: 150 | E13: 83 | G13: BU LIDIA | H13: 3.6 | I13: 5803 | K13: Gelas PP Warna | L13: 2.2 | O13: 10 | P13: Botol Kaca Bening/Putih | Q13: =VLOOKUP(P13,KamiBox!$C$2:$F$58,4,0) -> 200 | R13: =SUMIF($B$3:$B$332,P13,$C$3:$C$332) -> 29.3 | S13: =Q13*R13 -> 5860
A14: VENA | B14: Kaleng | C14: 0.6 | D14: 1500 | E14: 900 | G14: BU LILIS | H14: 29.45 | I14: 60998 | K14: HVS/Putihan | L14: 35 | O14: 11 | P14: Botol Kaca Campur | Q14: =VLOOKUP(P14,KamiBox!$C$2:$F$58,4,0) -> 100 | R14: =SUMIF($B$3:$B$332,P14,$C$3:$C$332) -> 0 | S14: =Q14*R14 -> 0
A15: VENA | B15: Plastik Multilayer | C15: 0.65 | D15: 300 | E15: 195 | G15: BU LINDA RW 19 | H15: 10.85 | I15: 11120 | K15: Jelantah | L15: 28.8 | O15: 12 | P15: Botol Kaca Coklat/Merah | Q15: =VLOOKUP(P15,KamiBox!$C$2:$F$58,4,0) -> 800 | R15: =SUMIF($B$3:$B$332,P15,$C$3:$C$332) -> 0 | S15: =Q15*R15 -> 0
A16: SELLY | B16: Gabrukan | C16: 22.95 | D16: 1000 | E16: 22950 | G16: BU MINAH | H16: 2.7 | I16: 2730 | K16: Kaleng | L16: 9.7 | O16: 13 | P16: Botol PET bersih | Q16: =VLOOKUP(P16,KamiBox!$C$2:$F$58,4,0) -> 5000 | R16: =SUMIF($B$3:$B$332,P16,$C$3:$C$332)+4 -> 56.45 | S16: =Q16*R16 -> 282250
A17: DIPO | B17: Buku, majalah, brosur, koran | C17: 5 | D17: 800 | E17: 4000 | G17: BU NATIRA SALMAWATI | H17: 13.8 | I17: 13715 | K17: Kardus | L17: 167.55 | O17: 14 | P17: Botol PET Kotor | Q17: =VLOOKUP(P17,KamiBox!$C$2:$F$58,4,0) -> 2500 | R17: =SUMIF($B$3:$B$332,P17,$C$3:$C$332) -> 6.7 | S17: =Q17*R17 -> 16750
A18: DIPO | B18: Emberan | C18: 1.25 | D18: 1000 | E18: 1250 | G18: BU NINING | H18: 4.35 | I18: 5335 | K18: Karung | L18: 0.1 | O18: 15 | P18: Botol Plastik Kemasan Campur | Q18: =VLOOKUP(P18,KamiBox!$C$2:$F$58,4,0) -> 1000 | R18: =SUMIF($B$3:$B$332,P18,$C$3:$C$332) -> 0 | S18: =Q18*R18 -> 0
A19: DIPO | B19: Gabrukan | C19: 1.25 | D19: 1000 | E19: 1250 | G19: BU NURJANAH | H19: 3.65 | I19: 4685 | K19: MIX A/Boncos | L19: 41.5 | O19: 16 | P19: Buku, majalah, brosur, koran | Q19: =VLOOKUP(P19,KamiBox!$C$2:$F$58,4,0) -> 1000 | R19: =SUMIF($B$3:$B$332,P19,$C$3:$C$332) -> 12.5 | S19: =Q19*R19 -> 12500
A20: BU SARIYANTI | B20: Emberan | C20: 0.15 | D20: 1000 | E20: 150 | G20: BU NURLAYLI | H20: 4.4 | I20: 3370 | K20: Plastik Multilayer | L20: 69.15 | O20: 17 | P20: Emberan | Q20: =VLOOKUP(P20,KamiBox!$C$2:$F$58,4,0) -> 1200 | R20: =SUMIF($B$3:$B$332,P20,$C$3:$C$332)+0.2 -> 69.7 | S20: =Q20*R20 -> 83640
A21: BU SARIYANTI | B21: Botol Kaca Bening/Putih | C21: 1.15 | D21: 150 | E21: 173 | G21: BU PURWANI | H21: 11.8 | I21: 11105 | K21: Plastik PE | L21: 0.5 | O21: 18 | P21: Gabrukan | Q21: =VLOOKUP(P21,KamiBox!$C$2:$F$58,4,0) -> 1000 | R21: =SUMIF($B$3:$B$332,P21,$C$3:$C$332)+2 -> 52.4 | S21: =Q21*R21 -> 52400
A22: BU SARIYANTI | B22: MIX A/Boncos | C22: 1.25 | D22: 500 | E22: 625 | G22: BU RINA | H22: 15.4 | I22: 34440 | K22: Plastik PP | L22: 0.35 | O22: 19 | P22: Galon PC | Q22: =VLOOKUP(P22,KamiBox!$C$2:$F$58,4,0) -> 3000 | R22: =SUMIF($B$3:$B$332,P22,$C$3:$C$332) -> 0 | S22: =Q22*R22 -> 0
A23: BU SARIYANTI | B23: Botol PET bersih | C23: 0.55 | D23: 2800 | E23: 1540 | G23: BU SANDRA | H23: 21.55 | I23: 26550 | K23: STAL/Kabin/Enamel | L23: 2.6 | O23: 20 | P23: Gelas PP Bersih | Q23: =VLOOKUP(P23,KamiBox!$C$2:$F$58,4,0) -> 4000 | R23: 2.5 | S23: =Q23*R23 -> 10000
A24: BU SARIYANTI | B24: Plastik Multilayer | C24: 0.1 | D24: 300 | E24: 30 | G24: BU SARIYANTI | H24: 3.35 | I24: 2593 | K24: Tutup Botol | L24: 5.7 | O24: 21 | P24: Gelas PP Warna | Q24: =VLOOKUP(P24,KamiBox!$C$2:$F$58,4,0) -> 2000 | R24: =SUMIF($B$3:$B$332,P24,$C$3:$C$332) -> 2.2 | S24: =Q24*R24 -> 4400
A25: BU SARIYANTI | B25: Asoy | C25: 0.15 | D25: 500 | E25: 75 | G25: BU SUHERMIATI | H25: 6.45 | I25: 5830 | K25: Tutup Galon | L25: 0.95 | O25: 22 | P25: Handphone | Q25: =VLOOKUP(P25,KamiBox!$C$2:$F$58,4,0) -> 5000 | R25: =SUMIF($B$3:$B$332,P25,$C$3:$C$332) -> 0 | S25: =Q25*R25 -> 0
A26: BU NURJANAH | B26: Emberan | C26: 0.85 | D26: 1000 | E26: 850 | G26: BU SUNARTI | H26: 7.35 | I26: 8195 | K26: Yakult | L26: 0.2 | M26: masuk emberan | O26: 23 | P26: HVS/Putihan | Q26: =VLOOKUP(P26,KamiBox!$C$2:$F$58,4,0) -> 2000 | R26: =SUMIF($B$3:$B$332,P26,$C$3:$C$332) -> 35 | S26: =Q26*R26 -> 70000
A27: BU NURJANAH | B27: MIX A/Boncos | C27: 0.5 | D27: 500 | E27: 250 | G27: BU SURIYA | H27: 17.4 | I27: 25025 | K27: Grand Total | L27: 623.6 | O27: 24 | P27: Impact | Q27: =VLOOKUP(P27,KamiBox!$C$2:$F$58,4,0) -> 700 | R27: =SUMIF($B$3:$B$332,P27,$C$3:$C$332) -> 0 | S27: =Q27*R27 -> 0
A28: BU NURJANAH | B28: Gabrukan | C28: 0.25 | D28: 1000 | E28: 250 | G28: BU TERMIN | H28: 4.95 | I28: 5850 | O28: 25 | P28: Jelantah | Q28: 7000 | R28: =SUMIF($B$3:$B$332,P28,$C$3:$C$332)+42.55 -> 71.35 | S28: =Q28*R28 -> 499450
A29: BU NURJANAH | B29: Plastik Multilayer | C29: 0.95 | D29: 300 | E29: 285 | G29: BU TETTY HAMDI | H29: 13.15 | I29: 19158 | O29: 26 | P29: Kabel | Q29: =VLOOKUP(P29,KamiBox!$C$2:$F$58,4,0) -> 1500 | R29: =SUMIF($B$3:$B$332,P29,$C$3:$C$332) -> 0 | S29: =Q29*R29 -> 0
A30: BU NURJANAH | B30: Tutup Botol | C30: 0.1 | D30: 2500 | E30: 250 | G30: BU TUNUT | H30: 32.7 | I30: 50750 | O30: 27 | P30: Kabin | Q30: =VLOOKUP(P30,KamiBox!$C$2:$F$58,4,0) -> 2000 | R30: 2.6 | S30: =Q30*R30 -> 5200
A31: BU NURJANAH | B31: Botol PET bersih | C31: 1 | D31: 2800 | E31: 2800 | G31: BU WIDODO | H31: 6.25 | I31: 8720 | K31: Keuntungan Penjualan | O31: 28 | P31: Kaca | Q31: =VLOOKUP(P31,KamiBox!$C$2:$F$58,4,0) -> 100 | R31: =SUMIF($B$3:$B$332,P31,$C$3:$C$332) -> 0 | S31: =Q31*R31 -> 0
A32: BU HADIYANA | B32: Botol PET bersih | C32: 1.5 | D32: 2800 | E32: 4200 | G32: BU WIWIN | H32: 7.55 | I32: 9033 | K32: =S60-GETPIVOTDATA("Sum of Total",$G$2) -> 721654 | O32: 29 | P32: Kaleng | Q32: =VLOOKUP(P32,KamiBox!$C$2:$F$58,4,0) -> 2000 | R32: =SUMIF($B$3:$B$332,P32,$C$3:$C$332) -> 9.7 | S32: =Q32*R32 -> 19400
A33: BU ANGGA | B33: Kaleng | C33: 0.15 | D33: 1500 | E33: 225 | G33: BU YANTI | H33: 12.55 | I33: 13595 | O33: 30 | P33: Kantung Semen | Q33: =VLOOKUP(P33,KamiBox!$C$2:$F$58,4,0) -> 1800 | R33: =SUMIF($B$3:$B$332,P33,$C$3:$C$332) -> 0 | S33: =Q33*R33 -> 0
A34: BU YANTI | B34: Plastik Multilayer | C34: 2.35 | D34: 300 | E34: 705 | G34: BU YANTI BELA | H34: 33.2 | I34: 35595 | O34: 31 | P34: Kardus | Q34: =VLOOKUP(P34,KamiBox!$C$2:$F$58,4,0) -> 1800 | R34: =SUMIF($B$3:$B$332,P34,$C$3:$C$332) -> 167.55 | S34: =Q34*R34 -> 301590
A35: BU LILIS | B35: Jelantah | C35: 6.85 | D35: 5000 | E35: 34250 | G35: BU YENVITRIATI | H35: 3.95 | I35: 5760 | O35: 32 | P35: Kaset CD | Q35: =VLOOKUP(P35,KamiBox!$C$2:$F$58,4,0) -> 4000 | R35: =SUMIF($B$3:$B$332,P35,$C$3:$C$332) -> 0 | S35: =Q35*R35 -> 0
A36: BU LILIS | B36: Tutup Botol | C36: 1.65 | D36: 2500 | E36: 4125 | G36: DAME | H36: 11.5 | I36: 32030 | O36: 33 | P36: Kipas Angin | Q36: 20000 | R36: =SUMIF($B$3:$B$332,P36,$C$3:$C$332) -> 0 | S36: =Q36*R36 -> 0
A37: BU LILIS | B37: Plastik Multilayer | C37: 2.05 | D37: 300 | E37: 615 | G37: DIPO | H37: 7.5 | I37: 6500 | O37: 34 | P37: Komputer | Q37: =VLOOKUP(P37,KamiBox!$C$2:$F$58,4,0) -> 60000 | R37: =SUMIF($B$3:$B$332,P37,$C$3:$C$332) -> 0 | S37: =Q37*R37 -> 0
A38: BU LILIS | B38: MIX A/Boncos | C38: 0.05 | D38: 500 | E38: 25 | G38: MAMA ADAM | H38: 3.75 | I38: 4830 | O38: 35 | P38: Kones | Q38: =VLOOKUP(P38,KamiBox!$C$2:$F$58,4,0) -> 700 | R38: =SUMIF($B$3:$B$332,P38,$C$3:$C$332) -> 0 | S38: =Q38*R38 -> 0
A39: BU LILIS | B39: Asoy | C39: 1.95 | D39: 500 | E39: 975 | G39: MAMA WAHYU | H39: 4.45 | I39: 2680 | O39: 36 | P39: Kristal Putih | Q39: =VLOOKUP(P39,KamiBox!$C$2:$F$58,4,0) -> 4000 | R39: =SUMIF($B$3:$B$332,P39,$C$3:$C$332) -> 0 | S39: =Q39*R39 -> 0
A40: BU LILIS | B40: Botol PET bersih | C40: 1.95 | D40: 2800 | E40: 5460 | G40: MBA DIAN | H40: 7.45 | I40: 15375 | O40: 37 | P40: Kulkas | Q40: =VLOOKUP(P40,KamiBox!$C$2:$F$58,4,0) -> 50000 | R40: =SUMIF($B$3:$B$332,P40,$C$3:$C$332) -> 0 | S40: =Q40*R40 -> 0
A41: BU LILIS | B41: Kardus | C41: 4.55 | D41: 1000 | E41: 4550 | G41: MBAK NURHAYATI | H41: 17.6 | I41: 21845 | O41: 38 | P41: Kuningan | Q41: =VLOOKUP(P41,KamiBox!$C$2:$F$58,4,0) -> 35000 | R41: =SUMIF($B$3:$B$332,P41,$C$3:$C$332) -> 0 | S41: =Q41*R41 -> 0
A42: BU NURLAYLI | B42: Plastik Multilayer | C42: 0.65 | D42: 300 | E42: 195 | G42: OMA CARRISA | H42: 48.45 | I42: 52888 | O42: 39 | P42: Mesin Cuci | Q42: =VLOOKUP(P42,KamiBox!$C$2:$F$58,4,0) -> 50000 | R42: =SUMIF($B$3:$B$332,P42,$C$3:$C$332) -> 0 | S42: =Q42*R42 -> 0
A43: BU NURLAYLI | B43: Asoy | C43: 0.6 | D43: 500 | E43: 300 | G43: PAK GIRI | H43: 7.05 | I43: 3588 | O43: 40 | P43: Mika | R43: =SUMIF($B$3:$B$332,P43,$C$3:$C$332) -> 0 | S43: =Q43*R43 -> 0
A44: BU NURLAYLI | B44: MIX A/Boncos | C44: 1.85 | D44: 500 | E44: 925 | G44: SAHABAT QUR'AN | H44: 9.9 | I44: 11090 | O44: 41 | P44: MIX A/Boncos | Q44: =VLOOKUP(P44,KamiBox!$C$2:$F$58,4,0) -> 700 | R44: =SUMIF($B$3:$B$332,P44,$C$3:$C$332) -> 41.5 | S44: =Q44*R44 -> 29050
A45: BU NURLAYLI | B45: Kaleng | C45: 1.3 | D45: 1500 | E45: 1950 | G45: SELLY | H45: 22.95 | I45: 22950 | O45: 42 | P45: Plastik Minyak goreng | R45: =SUMIF($B$3:$B$332,P45,$C$3:$C$332) -> 0 | S45: =Q45*R45 -> 0
A46: VINA RT 3 | B46: Plastik Multilayer | C46: 1.3 | D46: 300 | E46: 390 | G46: SYIFA KAMILA | H46: 2.15 | I46: 2525 | O46: 43 | P46: Plastik Multilayer | Q46: =VLOOKUP(P46,KamiBox!$C$2:$F$58,4,0) -> 500 | R46: =SUMIF($B$3:$B$332,P46,$C$3:$C$332) -> 69.15 | S46: =Q46*R46 -> 34575
A47: VINA RT 3 | B47: Aluminium Rongsok | C47: 0.15 | D47: 8000 | E47: 1200 | G47: VENA | H47: 5.55 | I47: 6628 | O47: 44 | P47: Plastik PE | S47: =Q47*R47 -> 0
A48: VINA RT 3 | B48: Kaleng | C48: 0.15 | D48: 1500 | E48: 225 | G48: VINA RT 3 | H48: 10.35 | I48: 7323 | O48: 45 | P48: Plastik PP | S48: =Q48*R48 -> 0
A49: VINA RT 3 | B49: Botol Kaca Bening/Putih | C49: 3.55 | D49: 150 | E49: 533 | G49: BANK SAMPAH DASANA UB | H49: 23.5 | I49: 8150 | O49: 46 | P49: PVC | Q49: =VLOOKUP(P49,KamiBox!$C$2:$F$58,4,0) -> 900 | R49: =SUMIF($B$3:$B$332,P49,$C$3:$C$332) -> 0 | S49: =Q49*R49 -> 0
A50: VINA RT 3 | B50: Emberan | C50: 2.65 | D50: 1000 | E50: 2650 | G50: Grand Total | H50: 623.6 | I50: 797906 | O50: 46 | P50: Seng/Kawat | Q50: =VLOOKUP(P50,KamiBox!$C$2:$F$58,4,0) -> 700 | R50: =SUMIF($B$3:$B$332,P50,$C$3:$C$332) -> 0 | S50: =Q50*R50 -> 0
A51: VINA RT 3 | B51: Kardus | C51: 2.1 | D51: 1000 | E51: 2100 | O51: 47 | P51: Styrofoam | Q51: =VLOOKUP(P51,KamiBox!$C$2:$F$58,4,0) -> 400 | R51: =SUMIF($B$3:$B$332,P51,$C$3:$C$332) -> 0 | S51: =Q51*R51 -> 0
A52: VINA RT 3 | B52: MIX A/Boncos | C52: 0.45 | D52: 500 | E52: 225 | O52: 48 | P52: Tembaga | Q52: =VLOOKUP(P52,KamiBox!$C$2:$F$58,4,0) -> 60000 | R52: =SUMIF($B$3:$B$332,P52,$C$3:$C$332) -> 0 | S52: =Q52*R52 -> 0
A53: BU LILIS | B53: Kaleng | C53: 0.35 | D53: 1500 | E53: 525 | O53: 49 | P53: Tetrapak/UBC | Q53: =VLOOKUP(P53,KamiBox!$C$2:$F$58,4,0) -> 150 | R53: =SUMIF($B$3:$B$332,P53,$C$3:$C$332) -> 0 | S53: =Q53*R53 -> 0
A54: SYIFA KAMILA | B54: Gabrukan | C54: 1.9 | D54: 1000 | E54: 1900 | O54: 50 | P54: Tutup Botol | Q54: =VLOOKUP(P54,KamiBox!$C$2:$F$58,4,0) -> 3000 | R54: =SUMIF($B$3:$B$332,P54,$C$3:$C$332) -> 5.7 | S54: =Q54*R54 -> 17100
A55: SYIFA KAMILA | B55: Tutup Botol | C55: 0.25 | D55: 2500 | E55: 625 | O55: 51 | P55: Tutup Galon | Q55: =VLOOKUP(P55,KamiBox!$C$2:$F$58,4,0) -> 4500 | R55: =SUMIF($B$3:$B$332,P55,$C$3:$C$332) -> 0.95 | S55: =Q55*R55 -> 4275
A56: BU IRMA | B56: MIX A/Boncos | C56: 0.5 | D56: 500 | E56: 250 | O56: 52 | P56: TV | Q56: =VLOOKUP(P56,KamiBox!$C$2:$F$58,4,0) -> 20000 | R56: =SUMIF($B$3:$B$332,P56,$C$3:$C$332) -> 0 | S56: =Q56*R56 -> 0
A57: BU IRMA | B57: Tutup Botol | C57: 0.1 | D57: 2500 | E57: 250 | O57: 53 | P57: Yakult | Q57: =VLOOKUP(P57,KamiBox!$C$2:$F$58,4,0) -> 1000 | R57: 0 | S57: =Q57*R57 -> 0
A58: BU IRMA | B58: Asoy | C58: 0.2 | D58: 500 | E58: 100 | O58: 54 | P58: Karung | Q58: =VLOOKUP(P58,KamiBox!$C$2:$F$58,4,0) -> 1200 | R58: =SUMIF($B$3:$B$332,P58,$C$3:$C$332) -> 0.1 | S58: =Q58*R58 -> 120
A59: BU IRMA | B59: Plastik Multilayer | C59: 0.15 | D59: 300 | E59: 45 | O59: 55 | P59: Baja Ringan | Q59: =VLOOKUP(P59,KamiBox!$C$2:$F$58,4,0) -> 2000 | R59: =SUMIF($B$3:$B$332,P59,$C$3:$C$332) -> 0 | S59: =Q59*R59 -> 0
A60: BU IRMA | B60: Botol PET bersih | C60: 0.5 | D60: 2800 | E60: 1400 | Q60: TOTAL | R60: =SUM(R4:R59) -> 652.8 | S60: =SUM(S6:S59) -> 1519560
A61: BU IRMA | B61: Kardus | C61: 1 | D61: 1000 | E61: 1000
A62: BU MINAH | B62: Emberan | C62: 0.4 | D62: 1000 | E62: 400
A63: BU MINAH | B63: Kaleng | C63: 0.45 | D63: 1500 | E63: 675
A64: BU MINAH | B64: Botol PET bersih | C64: 0.4 | D64: 2800 | E64: 1120
A65: BU MINAH | B65: Asoy | C65: 0.5 | D65: 500 | E65: 250
A66: BU MINAH | B66: Plastik Multilayer | C66: 0.95 | D66: 300 | E66: 285
A67: BU LILIS | B67: Kardus | C67: 1.3 | D67: 1000 | E67: 1300
A68: BU LILIS | B68: MIX A/Boncos | C68: 2.3 | D68: 500 | E68: 1150
A69: BU LILIS | B69: Kaleng | C69: 0.1 | D69: 1500 | E69: 150
A70: BU LILIS | B70: STAL/Kabin/Enamel | C70: 0.35 | D70: 1800 | E70: 630
A71: BU LILIS | B71: Botol Kaca Bening/Putih | C71: 1.15 | D71: 150 | E71: 173
A72: BU LILIS | B72: Emberan | C72: 3.25 | D72: 1000 | E72: 3250
... A321: BU RINA | B321: Botol PET bersih | C321: 2.1 | D321: 2800 | E321: 5880
A322: BANK SAMPAH DASANA UB | B322: Plastik Multilayer | C322: 18 | D322: 300 | E322: =C322*D322 -> 5400
A323: BANK SAMPAH DASANA UB | B323: Asoy | C323: 5.5 | D323: 500 | E323: =C323*D323 -> 2750
A324: BU YANTI BELA | B324: Gabrukan | C324: 4.65 | D324: 1000 | E324: 4650
A325: BU YANTI BELA | B325: Botol PET bersih | C325: 3.15 | D325: 2800 | E325: 8820
A326: BU YANTI BELA | B326: Plastik Multilayer | C326: 0.55 | D326: 300 | E326: 165
A327: BU YANTI BELA | B327: MIX A/Boncos | C327: 0.65 | D327: 500 | E327: 325
A328: BU YANTI BELA | B328: Kardus | C328: 13.85 | D328: 1000 | E328: 13850
A329: BU YANTI BELA | B329: Emberan | C329: 6.45 | D329: 1000 | E329: 6450
A330: BU YANTI BELA | B330: Asoy | C330: 0.6 | D330: 500 | E330: 300
A331: BU YANTI BELA | B331: Kaleng | C331: 0.4 | D331: 1500 | E331: 600
A332: BU YANTI BELA | B332: Botol Kaca Bening/Putih | C332: 2.9 | D332: 150 | E332: 435
C333: =SUM(C3:C332) -> 623.6

Sheet 1-8-26
A2: Nasabah | B2: Material | C2: Berat | D2: Harga | E2: Total | G2: Row Labels | H2: Sum of Berat | I2: Sum of Total | K2: Row Labels | L2: Sum of Berat | N2: Timbangan Kami Box | Q2: Sabtu, 1 Agustus 2026 | T2: Timbangan Non Kami Box | W2: Sabtu, 1 Agustus 2026
A3: DIPO | B3: Emberan | C3: 0.05 | D3: 1000 | E3: 50 | G3: BU ADMINI | H3: 15.35 | I3: 16663 | K3: Aluminium Rongsok | L3: 0.85 | N3: No | O3: Jenis Sampah | P3: Harga | Q3: Berat | R3: Total Harga | T3: No | U3: Jenis Sampah | V3: Harga | W3: Berat | X3: Total Harga
A4: DIPO | B4: Botol Kaca Bening/Putih | C4: 0.3 | D4: 150 | E4: 45 | G4: BU ANGGA | H4: 8.6 | I4: 8433 | K4: Asoy | L4: 14.15 | N4: 1 | O4: AC | P4: =VLOOKUP(O4,KamiBox!$C$2:$F$58,4,0) -> 200000 | Q4: =SUMIF($B$3:$B$338,O4,$C$3:$C$338) -> 0 | R4: =P4*Q4 -> 0 | T4: 1 | U4: Asoy | V4: =VLOOKUP(U4,KamiBox!$C$2:$F$58,4,0) -> 1500 | W4: =SUMIF($B$3:$B$346,U4,$C$3:$C$346) -> 14.15 | X4: =V4*W4 -> 21225
A5: DIPO | B5: Besi | C5: 0.15 | D5: 2500 | E5: 375 | G5: BU ANI | H5: 16.2 | I5: 15835 | K5: Besi | L5: 3.65 | N5: 2 | O5: Aki | P5: =VLOOKUP(O5,KamiBox!$C$2:$F$58,4,0) -> 9000 | Q5: =SUMIF($B$3:$B$338,O5,$C$3:$C$338) -> 0 | R5: =P5*Q5 -> 0 | T5: 2 | U5: Plastik PE | V5: 1700 | W5: =SUMIF($B$3:$B$346,U5,$C$3:$C$346) -> 0.15 | X5: =V5*W5 -> 255
A6: DIPO | B6: STAL/Kabin/Enamel | C6: 0.15 | D6: 1800 | E6: 270 | G6: BU BETRIA | H6: 34.65 | I6: 33440 | K6: Botol Kaca Bening/Putih | L6: 30.6 | N6: 3 | O6: Akrilik Putih | P6: =VLOOKUP(O6,KamiBox!$C$2:$F$58,4,0) -> 4000 | Q6: =SUMIF($B$3:$B$338,O6,$C$3:$C$338) -> 0 | R6: =P6*Q6 -> 0 | T6: 3 | U6: Plastik PP | V6: 1700 | W6: =SUMIF($B$3:$B$346,U6,$C$3:$C$346) -> 1.45 | X6: =V6*W6 -> 2465
A7: DIPO | B7: Kardus | C7: 0.8 | D7: 1000 | E7: 800 | G7: BU ECIN DWI | H7: 14.75 | I7: 16485 | K7: Botol PET bersih | L7: 48.15 | N7: 4 | O7: Alumunium | P7: =VLOOKUP(O7,KamiBox!$C$2:$F$58,4,0) -> 10000 | Q7: 0.85 | R7: =P7*Q7 -> 8500 | U7: TOTAL | W7: =SUM(W4:W6) -> 15.75 | X7: =SUM(X4:X6) -> 23945
A8: DIPO | B8: MIX A/Boncos | C8: 0.4 | D8: 500 | E8: 200 | G8: BU FATIMAH | H8: 4.75 | I8: 7240 | K8: Botol PET Kotor | L8: 6.15 | N8: 5 | O8: Arsip | P8: =VLOOKUP(O8,KamiBox!$C$2:$F$58,4,0) -> 1000 | Q8: =SUMIF($B$3:$B$338,O8,$C$3:$C$338) -> 0 | R8: =P8*Q8 -> 0
A9: DIPO | B9: Buku, majalah, brosur, koran | C9: 8 | D9: 800 | E9: 6400 | G9: BU FEBRI | H9: 3.35 | I9: 2353 | K9: Buku, majalah, brosur, koran | L9: 43.6 | N9: 6 | O9: Asoy | R9: =P9*Q9 -> 0
A10: DIPO | B10: Jelantah | C10: 0.6 | D10: 5000 | E10: 3000 | G10: BU HADIYANA | H10: 29.6 | I10: 40375 | K10: Emberan | L10: 41.55 | N10: 7 | O10: Besi | P10: =VLOOKUP(O10,KamiBox!$C$2:$F$58,4,0) -> 4000 | Q10: =SUMIF($B$3:$B$338,O10,$C$3:$C$338) -> 3.65 | R10: =P10*Q10 -> 14600
A11: BU NURLAYLI | B11: Jelantah | C11: 1.15 | D11: 5000 | E11: 5750 | G11: BU IDA AMANAH | H11: 7.65 | I11: 10110 | K11: Gabrukan | L11: 30.1 | N11: 8 | O11: Boncos Kotor | P11: =VLOOKUP(O11,KamiBox!$C$2:$F$58,4,0) -> 400 | Q11: =SUMIF($B$3:$B$338,O11,$C$3:$C$338) -> 0 | R11: =P11*Q11 -> 0
A12: BU NURLAYLI | B12: Emberan | C12: 0.4 | D12: 1000 | E12: 400 | G12: BU IRMA | H12: 7.8 | I12: 10548 | K12: Gelas PP Bersih (bening) | L12: 1.35 | N12: 9 | O12: Botol Kaca Hijau | P12: =VLOOKUP(O12,KamiBox!$C$2:$F$58,4,0) -> 100 | Q12: =SUMIF($B$3:$B$338,O12,$C$3:$C$338) -> 0 | R12: =P12*Q12 -> 0
A13: BU NURLAYLI | B13: Gelas PP Warna | C13: 0.05 | D13: 1600 | E13: 80 | G13: BU KAMIEM | H13: 5.05 | I13: 4695 | K13: Gelas PP Warna | L13: 2.5 | N13: 10 | O13: Botol Kaca Bening/Putih | P13: =VLOOKUP(O13,KamiBox!$C$2:$F$58,4,0) -> 200 | Q13: =SUMIF($B$3:$B$338,O13,$C$3:$C$338) -> 30.6 | R13: =P13*Q13 -> 6120
A14: BU NURLAYLI | B14: MIX A/Boncos | C14: 1.75 | D14: 500 | E14: 875 | G14: BU LILIS | H14: 31.75 | I14: 31445 | K14: HVS/Putihan | L14: 9.55 | N14: 11 | O14: Botol Kaca Campur | P14: =VLOOKUP(O14,KamiBox!$C$2:$F$58,4,0) -> 100 | Q14: =SUMIF($B$3:$B$338,O14,$C$3:$C$338) -> 0 | R14: =P14*Q14 -> 0
A15: BU NURLAYLI | B15: Plastik Multilayer | C15: 0.85 | D15: 300 | E15: 255 | G15: BU MIMIN | H15: 2.55 | I15: 3630 | K15: Jelantah | L15: 42.55 | N15: 12 | O15: Botol Kaca Coklat/Merah | P15: =VLOOKUP(O15,KamiBox!$C$2:$F$58,4,0) -> 800 | Q15: =SUMIF($B$3:$B$338,O15,$C$3:$C$338) -> 0 | R15: =P15*Q15 -> 0
A16: BU NURLAYLI | B16: Botol PET bersih | C16: 0.45 | D16: 2800 | E16: 1260 | G16: BU MINAH | H16: 26.15 | I16: 84323 | K16: Kabel Alumunium | L16: 0.35 | N16: 13 | O16: Botol PET bersih | P16: =VLOOKUP(O16,KamiBox!$C$2:$F$58,4,0) -> 5000 | Q16: 49.4 | R16: =P16*Q16 -> 247000
A17: BU IRMA | B17: HVS/Putihan | C17: 0.4 | D17: 1400 | E17: 560 | G17: BU NENI | H17: 5.45 | I17: 6180 | K17: Kaleng | L17: 10.2 | N17: 14 | O17: Botol PET Kotor | P17: =VLOOKUP(O17,KamiBox!$C$2:$F$58,4,0) -> 2500 | Q17: =SUMIF($B$3:$B$338,O17,$C$3:$C$338) -> 6.15 | R17: =P17*Q17 -> 15375
A18: BU IRMA | B18: Aluminium Rongsok | C18: 0.35 | D18: 8000 | E18: 2800 | G18: BU NITA | H18: 2.8 | I18: 5235 | K18: Kardus | L18: 165.75 | N18: 15 | O18: Botol Plastik Kemasan Campur | P18: =VLOOKUP(O18,KamiBox!$C$2:$F$58,4,0) -> 1000 | Q18: =SUMIF($B$3:$B$338,O18,$C$3:$C$338) -> 0 | R18: =P18*Q18 -> 0
A19: BU IRMA | B19: Botol Kaca Bening/Putih | C19: 0.75 | D19: 150 | E19: 113 | G19: BU NURLAYLI | H19: 4.65 | I19: 8620 | K19: Karung | L19: 2.75 | N19: 16 | O19: Buku, majalah, brosur, koran | P19: =VLOOKUP(O19,KamiBox!$C$2:$F$58,4,0) -> 1000 | Q19: =SUMIF($B$3:$B$338,O19,$C$3:$C$338) -> 43.6 | R19: =P19*Q19 -> 43600
A20: BU IRMA | B20: Kardus | C20: 0.6 | D20: 1000 | E20: 600 | G20: BU PURWANI | H20: 7.85 | I20: 6200 | K20: Kipas Angin | L20: 1 | N20: 17 | O20: Emberan | P20: =VLOOKUP(O20,KamiBox!$C$2:$F$58,4,0) -> 1200 | Q20: =SUMIF($B$3:$B$338,O20,$C$3:$C$338) -> 41.55 | R20: =P20*Q20 -> 49860
A21: BU IRMA | B21: Emberan | C21: 4.1 | D21: 1000 | E21: 4100 | G21: BU RATU TUTI | H21: 3.7 | I21: 2898 | K21: Kristal Putih | L21: 0.7 | N21: 18 | O21: Gabrukan | P21: =VLOOKUP(O21,KamiBox!$C$2:$F$58,4,0) -> 1000 | Q21: =SUMIF($B$3:$B$338,O21,$C$3:$C$338) -> 30.1 | R21: =P21*Q21 -> 30100
A22: BU IRMA | B22: Tutup Botol | C22: 0.1 | D22: 2500 | E22: 250 | G22: BU RINA | H22: 10.65 | I22: 20095 | K22: MIX A/Boncos | L22: 50.5 | N22: 19 | O22: Galon PC | P22: =VLOOKUP(O22,KamiBox!$C$2:$F$58,4,0) -> 3000 | Q22: =SUMIF($B$3:$B$338,O22,$C$3:$C$338) -> 0 | R22: =P22*Q22 -> 0
A23: BU IRMA | B23: Plastik Multilayer | C23: 0.6 | D23: 300 | E23: 180 | G23: BU RIRIS | H23: 12.35 | I23: 13805 | K23: Plastik Multilayer | L23: 55.5 | N23: 20 | O23: Gelas PP Bersih | P23: =VLOOKUP(O23,KamiBox!$C$2:$F$58,4,0) -> 4000 | Q23: 1.35 | R23: =P23*Q23 -> 5400
A24: BU IRMA | B24: Asoy | C24: 0.25 | D24: 500 | E24: 125 | G24: BU RUMIYATI | H24: 4.15 | I24: 7443 | K24: Plastik PE | L24: 0.15 | N24: 21 | O24: Gelas PP Warna | P24: =VLOOKUP(O24,KamiBox!$C$2:$F$58,4,0) -> 2000 | Q24: =SUMIF($B$3:$B$338,O24,$C$3:$C$338) -> 2.5 | R24: =P24*Q24 -> 5000
A25: BU IRMA | B25: Botol PET bersih | C25: 0.65 | D25: 2800 | E25: 1820 | G25: BU SANDRA | H25: 22.25 | I25: 35150 | K25: Plastik PP | L25: 1.45 | N25: 22 | O25: Handphone | P25: =VLOOKUP(O25,KamiBox!$C$2:$F$58,4,0) -> 5000 | Q25: =SUMIF($B$3:$B$338,O25,$C$3:$C$338) -> 0 | R25: =P25*Q25 -> 0
A26: MAMA ADAM | B26: Kardus | C26: 1.15 | D26: 1000 | E26: 1150 | G26: BU SARIYANTI | H26: 9.5 | I26: 9500 | K26: Seng/Kawat | L26: 0.15 | N26: 23 | O26: HVS/Putihan | P26: =VLOOKUP(O26,KamiBox!$C$2:$F$58,4,0) -> 2000 | Q26: =SUMIF($B$3:$B$338,O26,$C$3:$C$338) -> 9.55 | R26: =P26*Q26 -> 19100
A27: MAMA ADAM | B27: Plastik Multilayer | C27: 1.35 | D27: 300 | E27: 405 | G27: BU SARMIYAH | H27: 15.4 | I27: 32040 | K27: STAL/Kabin/Enamel | L27: 4.7 | N27: 24 | O27: Impact | P27: =VLOOKUP(O27,KamiBox!$C$2:$F$58,4,0) -> 700 | Q27: =SUMIF($B$3:$B$338,O27,$C$3:$C$338) -> 0 | R27: =P27*Q27 -> 0
A28: MAMA ADAM | B28: Gabrukan | C28: 0.65 | D28: 1000 | E28: 650 | G28: BU SUCI | H28: 12.5 | I28: 13160 | K28: Styrofoam | L28: 0.45 | N28: 25 | O28: Jelantah | Q28: 0 | R28: =P28*Q28 -> 0 | S28: 42.55
A29: BU IDA AMANAH | B29: Botol Kaca Bening/Putih | C29: 0.3 | D29: 150 | E29: 45 | G29: BU SUNARTI | H29: 30.15 | I29: 32038 | K29: Tutup Botol | L29: 4.85 | N29: 26 | O29: Kabel | P29: =VLOOKUP(O29,KamiBox!$C$2:$F$58,4,0) -> 1500 | Q29: 0.35 | R29: =P29*Q29 -> 525
A30: BU IDA AMANAH | B30: Besi | C30: 1.2 | D30: 2500 | E30: 3000 | G30: BU SURIYA | H30: 10.7 | I30: 44785 | K30: Tutup Galon | L30: 1.55 | N30: 27 | O30: Kabin | P30: =VLOOKUP(O30,KamiBox!$C$2:$F$58,4,0) -> 2000 | Q30: 4.7 | R30: =P30*Q30 -> 9400
A31: BU IDA AMANAH | B31: Seng/Kawat | C31: 0.15 | D31: 500 | E31: 75 | G31: BU TUNUT | H31: 5.8 | I31: 6405 | K31: Grand Total | L31: 574.8 | N31: 28 | O31: Kaca | P31: =VLOOKUP(O31,KamiBox!$C$2:$F$58,4,0) -> 100 | Q31: =SUMIF($B$3:$B$338,O31,$C$3:$C$338) -> 0 | R31: =P31*Q31 -> 0
A32: BU IDA AMANAH | B32: Plastik Multilayer | C32: 0.6 | D32: 300 | E32: 180 | G32: BU TUTI RT 17 | H32: 26.15 | I32: 30728 | N32: 29 | O32: Kaleng | P32: =VLOOKUP(O32,KamiBox!$C$2:$F$58,4,0) -> 2000 | Q32: =SUMIF($B$3:$B$338,O32,$C$3:$C$338) -> 10.2 | R32: =P32*Q32 -> 20400
A33: BU IDA AMANAH | B33: Tutup Botol | C33: 0.1 | D33: 2500 | E33: 250 | G33: BU WIWIN | H33: 14 | I33: 16980 | N33: 30 | O33: Kantung Semen | P33: =VLOOKUP(O33,KamiBox!$C$2:$F$58,4,0) -> 1800 | Q33: =SUMIF($B$3:$B$338,O33,$C$3:$C$338) -> 0 | R33: =P33*Q33 -> 0
A34: BU IDA AMANAH | B34: Emberan | C34: 1.75 | D34: 1000 | E34: 1750 | G34: BU YANTI BELA | H34: 14.45 | I34: 16973 | N34: 31 | O34: Kardus | P34: =VLOOKUP(O34,KamiBox!$C$2:$F$58,4,0) -> 1800 | Q34: =SUMIF($B$3:$B$338,O34,$C$3:$C$338) -> 165.75 | R34: =P34*Q34 -> 298350
A35: BU IDA AMANAH | B35: Botol PET bersih | C35: 0.7 | D35: 2800 | E35: 1960 | G35: BU YENVITRIATI | H35: 6.35 | I35: 9280 | N35: 32 | O35: Kaset CD | P35: =VLOOKUP(O35,KamiBox!$C$2:$F$58,4,0) -> 4000 | Q35: =SUMIF($B$3:$B$338,O35,$C$3:$C$338) -> 0 | R35: =P35*Q35 -> 0
A36: BU IDA AMANAH | B36: Kardus | C36: 2.85 | D36: 1000 | E36: 2850 | G36: Danang | H36: 2.65 | I36: 795 | N36: 33 | O36: Kipas Angin | P36: 20000 | Q36: =SUMIF($B$3:$B$338,O36,$C$3:$C$338) -> 1 | R36: =P36*Q36 -> 20000
A37: BU LILIS | B37: Kardus | C37: 10.75 | D37: 1000 | E37: 10750 | G37: DIPO | H37: 10.45 | I37: 11140 | N37: 34 | O37: Komputer | P37: =VLOOKUP(O37,KamiBox!$C$2:$F$58,4,0) -> 60000 | Q37: =SUMIF($B$3:$B$338,O37,$C$3:$C$338) -> 0 | R37: =P37*Q37 -> 0
A38: BU LILIS | B38: Aluminium Rongsok | C38: 0.1 | D38: 8000 | E38: 800 | G38: MAMA ADAM | H38: 3.15 | I38: 2205 | N38: 35 | O38: Kones | P38: =VLOOKUP(O38,KamiBox!$C$2:$F$58,4,0) -> 700 | Q38: =SUMIF($B$3:$B$338,O38,$C$3:$C$338) -> 0 | R38: =P38*Q38 -> 0
A39: BU LILIS | B39: Gelas PP Warna | C39: 0.5 | D39: 1600 | E39: 800 | G39: MAMA WAHYU | H39: 11.1 | I39: 6665 | N39: 36 | O39: Kristal Putih | P39: =VLOOKUP(O39,KamiBox!$C$2:$F$58,4,0) -> 4000 | Q39: =SUMIF($B$3:$B$338,O39,$C$3:$C$338) -> 0.7 | R39: =P39*Q39 -> 2800
A40: BU LILIS | B40: HVS/Putihan | C40: 1.55 | D40: 1400 | E40: 2170 | G40: MBA DIAN | H40: 14.55 | I40: 22583 | N40: 37 | O40: Kulkas | P40: =VLOOKUP(O40,KamiBox!$C$2:$F$58,4,0) -> 50000 | Q40: =SUMIF($B$3:$B$338,O40,$C$3:$C$338) -> 0 | R40: =P40*Q40 -> 0
A41: BU LILIS | B41: MIX A/Boncos | C41: 5.1 | D41: 500 | E41: 2550 | G41: MBAK NURHAYATI | H41: 11.25 | I41: 24758 | N41: 38 | O41: Kuningan | P41: =VLOOKUP(O41,KamiBox!$C$2:$F$58,4,0) -> 35000 | Q41: =SUMIF($B$3:$B$338,O41,$C$3:$C$338) -> 0 | R41: =P41*Q41 -> 0
A42: BU LILIS | B42: Botol Kaca Bening/Putih | C42: 0.7 | D42: 150 | E42: 105 | G42: OMA CARRISA | H42: 53.05 | I42: 54915 | N42: 39 | O42: Mesin Cuci | P42: =VLOOKUP(O42,KamiBox!$C$2:$F$58,4,0) -> 50000 | Q42: =SUMIF($B$3:$B$338,O42,$C$3:$C$338) -> 0 | R42: =P42*Q42 -> 0
A43: BU LILIS | B43: Kaleng | C43: 0.25 | D43: 1500 | E43: 375 | G43: PAK DANNY | H43: 12.2 | I43: 28020 | N43: 40 | O43: Mika | Q43: =SUMIF($B$3:$B$338,O43,$C$3:$C$338) -> 0 | R43: =P43*Q43 -> 0
A44: BU LILIS | B44: Gabrukan | C44: 0.2 | D44: 1000 | E44: 200 | G44: Pak Jamil | H44: 1.05 | I44: 315 | N44: 41 | O44: MIX A/Boncos | P44: =VLOOKUP(O44,KamiBox!$C$2:$F$58,4,0) -> 700 | Q44: =SUMIF($B$3:$B$338,O44,$C$3:$C$338) -> 50.5 | R44: =P44*Q44 -> 35350
A45: BU LILIS | B45: Plastik Multilayer | C45: 5.1 | D45: 300 | E45: 1530 | G45: PAK SUMARMAN | H45: 6.35 | I45: 5548 | N45: 42 | O45: Plastik Minyak goreng | Q45: =SUMIF($B$3:$B$338,O45,$C$3:$C$338) -> 0 | R45: =P45*Q45 -> 0
A46: BU LILIS | B46: Emberan | C46: 1.65 | D46: 1000 | E46: 1650 | G46: PAK SUPRAYITNO | H46: 2.95 | I46: 2625 | N46: 43 | O46: Plastik Multilayer | P46: =VLOOKUP(O46,KamiBox!$C$2:$F$58,4,0) -> 500 | Q46: 45.1 | R46: =P46*Q46 -> 22550 | S46: =55.5-45.1 -> 10.4
A47: BU LILIS | B47: Asoy | C47: 2.55 | D47: 500 | E47: 1275 | G47: PAK WAWAN | H47: 6.7 | I47: 10270 | N47: 44 | O47: Plastik PE | R47: =P47*Q47 -> 0
A48: BU LILIS | B48: Botol PET bersih | C48: 3.3 | D48: 2800 | E48: 9240 | G48: Popi | H48: 5.7 | I48: 3810 | N48: 45 | O48: Plastik PP | R48: =P48*Q48 -> 0
A49: BU RUMIYATI | B49: Botol PET bersih | C49: 2.4 | D49: 2800 | E49: 6720 | G49: Warbo | H49: 6.6 | I49: 2495 | N49: 46 | O49: PVC | P49: =VLOOKUP(O49,KamiBox!$C$2:$F$58,4,0) -> 900 | Q49: =SUMIF($B$3:$B$338,O49,$C$3:$C$338) -> 0 | R49: =P49*Q49 -> 0
A50: BU RUMIYATI | B50: Gabrukan | C50: 0.4 | D50: 1000 | E50: 400 | G50: Grand Total | H50: 574.8 | I50: 779234 | N50: 46 | O50: Seng/Kawat | P50: =VLOOKUP(O50,KamiBox!$C$2:$F$58,4,0) -> 700 | Q50: =SUMIF($B$3:$B$338,O50,$C$3:$C$338) -> 0.15 | R50: =P50*Q50 -> 105
A51: BU RUMIYATI | B51: Botol Kaca Bening/Putih | C51: 0.55 | D51: 150 | E51: 83 | N51: 47 | O51: Styrofoam | P51: =VLOOKUP(O51,KamiBox!$C$2:$F$58,4,0) -> 400 | Q51: =SUMIF($B$3:$B$338,O51,$C$3:$C$338) -> 0.45 | R51: =P51*Q51 -> 180
A52: BU RUMIYATI | B52: Plastik Multilayer | C52: 0.8 | D52: 300 | E52: 240 | N52: 48 | O52: Tembaga | P52: =VLOOKUP(O52,KamiBox!$C$2:$F$58,4,0) -> 60000 | Q52: =SUMIF($B$3:$B$338,O52,$C$3:$C$338) -> 0 | R52: =P52*Q52 -> 0
A53: BU FEBRI | B53: Asoy | C53: 0.15 | D53: 500 | E53: 75 | N53: 49 | O53: Tetrapak/UBC | P53: =VLOOKUP(O53,KamiBox!$C$2:$F$58,4,0) -> 150 | Q53: =SUMIF($B$3:$B$338,O53,$C$3:$C$338) -> 0 | R53: =P53*Q53 -> 0
A54: BU FEBRI | B54: Plastik Multilayer | C54: 0.2 | D54: 300 | E54: 60 | N54: 50 | O54: Tutup Botol | P54: =VLOOKUP(O54,KamiBox!$C$2:$F$58,4,0) -> 3000 | Q54: =SUMIF($B$3:$B$338,O54,$C$3:$C$338) -> 4.85 | R54: =P54*Q54 -> 14550
A55: BU FEBRI | B55: Botol PET Kotor | C55: 0.75 | D55: 1600 | E55: 1200 | G55: Keuntungan Penjualan | N55: 51 | O55: Tutup Galon | P55: =VLOOKUP(O55,KamiBox!$C$2:$F$58,4,0) -> 4500 | Q55: =SUMIF($B$3:$B$338,O55,$C$3:$C$338) -> 1.55 | R55: =P55*Q55 -> 6975
A56: BU FEBRI | B56: Botol Kaca Bening/Putih | C56: 1.45 | D56: 150 | E56: 218 | G56: =R60+X7-GETPIVOTDATA("Sum of Total",$G$2) -> 123851 | N56: 52 | O56: TV | P56: =VLOOKUP(O56,KamiBox!$C$2:$F$58,4,0) -> 20000 | Q56: =SUMIF($B$3:$B$338,O56,$C$3:$C$338) -> 0 | R56: =P56*Q56 -> 0
A57: BU FEBRI | B57: Emberan | C57: 0.8 | D57: 1000 | E57: 800 | N57: 53 | O57: Yakult | P57: =VLOOKUP(O57,KamiBox!$C$2:$F$58,4,0) -> 1000 | Q57: =SUMIF($B$3:$B$338,O57,$C$3:$C$338) -> 0 | R57: =P57*Q57 -> 0
A58: BU YANTI BELA | B58: Emberan | C58: 0.3 | D58: 1000 | E58: 300 | N58: 54 | O58: Karung | P58: =VLOOKUP(O58,KamiBox!$C$2:$F$58,4,0) -> 1200 | Q58: =SUMIF($B$3:$B$338,O58,$C$3:$C$338) -> 2.75 | R58: =P58*Q58 -> 3300
A59: BU YANTI BELA | B59: Botol PET bersih | C59: 1.8 | D59: 2800 | E59: 5040 | N59: 55 | O59: Baja Ringan | P59: =VLOOKUP(O59,KamiBox!$C$2:$F$58,4,0) -> 2000 | Q59: =SUMIF($B$3:$B$338,O59,$C$3:$C$338) -> 0 | R59: =P59*Q59 -> 0
A60: BU YANTI BELA | B60: Botol Kaca Bening/Putih | C60: 0.25 | D60: 150 | E60: 38 | P60: TOTAL | Q60: =SUM(Q4:Q59) -> 507.35 | R60: =SUM(R6:R59) -> 879140
A61: BU YANTI BELA | B61: Kardus | C61: 0.2 | D61: 1000 | E61: 200
A62: BU YANTI BELA | B62: MIX A/Boncos | C62: 0.9 | D62: 500 | E62: 450
A63: BU YANTI BELA | B63: Asoy | C63: 0.2 | D63: 500 | E63: 100
A64: BU YANTI BELA | B64: Emberan | C64: 2 | D64: 1000 | E64: 2000
A65: BU YANTI BELA | B65: Kaleng | C65: 0.45 | D65: 1500 | E65: 675
A66: BU TUNUT | B66: Kaleng | C66: 0.3 | D66: 1500 | E66: 450
A67: BU TUNUT | B67: Emberan | C67: 0.6 | D67: 1000 | E67: 600
A68: BU TUNUT | B68: Plastik Multilayer | C68: 0.25 | D68: 300 | E68: 75
A69: BU TUNUT | B69: Asoy | C69: 0.3 | D69: 500 | E69: 150
A70: BU TUNUT | B70: Plastik PE | C70: 0.05 | D70: 800 | E70: 40
A71: BU TUNUT | B71: Tutup Galon | C71: 0.1 | D71: 3500 | E71: 350
A72: BU TUNUT | B72: Botol PET bersih | C72: 0.3 | D72: 2800 | E72: 840
... A332: BU ECIN DWI | B332: Kardus | C332: 8.6 | D332: 1000 | E332: 8600
A333: Danang | B333: Plastik Multilayer | C333: =0.95+1.7 -> 2.65 | D333: 300 | E333: =C333*D333 -> 795
A334: Popi | B334: Kardus | C334: 3 | D334: 1000 | E334: =C334*D334 -> 3000
A335: Popi | B335: Plastik Multilayer | C335: =2.25+0.45 -> 2.7 | D335: 300 | E335: =C335*D335 -> 810
A336: Pak Jamil | B336: Plastik Multilayer | C336: =0.5+0.55 -> 1.05 | D336: 300 | E336: =C336*D336 -> 315
A337: Warbo | B337: Plastik Multilayer | C337: 3.65 | D337: 300 | E337: =C337*D337 -> 1095
A338: Warbo | B338: Gabrukan | C338: 2.95 | D338: 1000 | E338: 1400

Sheet 11-07-26
A2: Nasabah | B2: Material | C2: Berat | D2: Harga | E2: Total | G2: Row Labels | H2: Sum of Berat | I2: Sum of Total | K2: Row Labels | L2: Sum of Berat | N2: Timbangan Kami Box | Q2: Sabtu, 11 Juli 2026 | T2: Timbangan Non Kami Box | W2: Sabtu, 11 Juli 2026 | Z2: Timbangan Non Kami Box | AC2: Sabtu, 11 Juli 2026
A3: MBA DIAN | B3: Baja Ringan | C3: 0.55 | D3: 1500 | E3: =C3*D3 -> 825 | G3: AKHSAN | H3: 12.2 | I3: 16305 | K3: Aki | L3: 2.7 | N3: No | O3: Jenis Sampah | P3: Harga | Q3: Berat | R3: Total Harga | T3: No | U3: Jenis Sampah | V3: Harga | W3: Berat | X3: Total Harga | Z3: No | AA3: Jenis Sampah | AB3: Harga | AC3: Berat | AD3: Total Harga | AF3: Keuntungan Jelantah
A4: BU FEBRI | B4: PVC | C4: 1.1 | D4: 400 | E4: =C4*D4 -> 440 | G4: BU ANI | H4: 6 | I4: 6513 | K4: Aluminium Rongsok | L4: 0.45 | N4: 1 | O4: AC | P4: =VLOOKUP(O4,KamiBox!$C$2:$F$58,4,0) -> 200000 | Q4: =SUMIF($B$3:$B$346,O4,$C$3:$C$346) -> 0 | R4: =P4*Q4 -> 0 | T4: 1 | U4: Asoy | V4: =VLOOKUP(U4,KamiBox!$C$2:$F$58,4,0) -> 1500 | W4: =SUMIF($B$3:$B$346,U4,$C$3:$C$346) -> 19.7 | X4: =V4*W4 -> 29550 | Z4: 1 | AA4: Jelantah | AB4: 8800 | AC4: =(17*9)+15 -> 168 | AD4: 1482000 | AE4: 1080250 | AF4: =AD4-AE4 -> 401750
A5: BU SARTI | B5: Gabrukan | C5: 0.3 | D5: 1000 | E5: 300 | G5: BU ANI RW 21 | H5: 15.2 | I5: 106400 | K5: Asoy | L5: 19.7 | M5: =2.7+4.15 -> 6.85 | N5: 2 | O5: Aki | P5: =VLOOKUP(O5,KamiBox!$C$2:$F$58,4,0) -> 9000 | Q5: =SUMIF($B$3:$B$346,O5,$C$3:$C$346) -> 2.7 | R5: =P5*Q5 -> 24300 | T5: 2 | U5: Plastik PE | V5: 1700 | W5: =SUMIF($B$3:$B$346,U5,$C$3:$C$346) -> 0.6 | X5: =V5*W5 -> 1020
A6: BU SARTI | B6: Plastik Multilayer | C6: 0.4 | D6: 300 | E6: 120 | G6: BU ANWAR | H6: 5.73 | I6: 6345 | K6: Baja Ringan | L6: 0.55 | N6: 3 | O6: Akrilik Putih | P6: =VLOOKUP(O6,KamiBox!$C$2:$F$58,4,0) -> 4000 | Q6: =SUMIF($B$3:$B$346,O6,$C$3:$C$346) -> 0 | R6: =P6*Q6 -> 0 | T6: 3 | U6: Plastik PP | V6: 1700 | W6: =SUMIF($B$3:$B$346,U6,$C$3:$C$346) -> 4.15 | X6: =V6*W6 -> 7055
A7: BU SARTI | B7: Jelantah | C7: 2.15 | D7: 5000 | E7: 10750 | G7: BU BETRIA | H7: 12.3 | I7: 16223 | K7: Besi | L7: 9.4 | N7: 4 | O7: Alumunium | P7: =VLOOKUP(O7,KamiBox!$C$2:$F$58,4,0) -> 10000 | Q7: =GETPIVOTDATA("Berat",$K$2,"Material","Aluminium Rongsok") -> 0.45 | R7: =P7*Q7 -> 4500 | U7: TOTAL | W7: =SUM(W4:W6) -> 24.45 | X7: =SUM(X4:X6) -> 37625
A8: BU SARTI | B8: Emberan | C8: 0.55 | D8: 1000 | E8: 550 | G8: BU ECIN DWI | H8: 31.05 | I8: 34575 | K8: Botol Kaca Bening/Putih | L8: 22.95 | N8: 5 | O8: Arsip | P8: =VLOOKUP(O8,KamiBox!$C$2:$F$58,4,0) -> 1000 | Q8: =SUMIF($B$3:$B$346,O8,$C$3:$C$346) -> 0 | R8: =P8*Q8 -> 0
A9: BU SARTI | B9: Asoy | C9: 0.2 | D9: 500 | E9: 100 | G9: BU FATIMAH | H9: 2.15 | I9: 2150 | K9: Botol PET bersih | L9: 55.38 | M9: =6.35+3.6+2.65+2.85+2.8+3.15+4.05+5.4+4.9+4.2+4+4.9+6.25+3.3+0.1 -> 58.5 | N9: 6 | O9: Asoy | R9: =P9*Q9 -> 0
A10: BU SARTI | B10: Buku, majalah, brosur, koran | C10: 0.9 | D10: 800 | E10: 720 | G10: BU FEBRI | H10: 4.8 | I10: 2893 | K10: Botol PET Kotor | L10: 13.33 | N10: 7 | O10: Besi | P10: =VLOOKUP(O10,KamiBox!$C$2:$F$58,4,0) -> 4000 | Q10: =SUMIF($B$3:$B$346,O10,$C$3:$C$346) -> 9.4 | R10: =P10*Q10 -> 37600
A11: BU SARTI | B11: MIX A/Boncos | C11: 0.2 | D11: 500 | E11: 100 | G11: BU HADIYANA | H11: 27.15 | I11: 47675 | K11: Buku, majalah, brosur, koran | L11: 36.85 | N11: 8 | O11: Boncos Kotor | P11: =VLOOKUP(O11,KamiBox!$C$2:$F$58,4,0) -> 400 | Q11: =SUMIF($B$3:$B$346,O11,$C$3:$C$346) -> 0 | R11: =P11*Q11 -> 0
A12: BU SARTI | B12: Kardus | C12: 7.85 | D12: 1000 | E12: 7850 | G12: BU HARTINAH | H12: 14.55 | I12: 10828 | K12: Emberan | L12: 68.65 | N12: 9 | O12: Botol Kaca Hijau | P12: =VLOOKUP(O12,KamiBox!$C$2:$F$58,4,0) -> 100 | Q12: =SUMIF($B$3:$B$346,O12,$C$3:$C$346) -> 0 | R12: =P12*Q12 -> 0
A13: BU NURLAYLI | B13: Asoy | C13: 0.5 | D13: 500 | E13: 250 | G13: BU IRMA | H13: 5.5 | I13: 5235 | K13: Gabrukan | L13: 29 | N13: 10 | O13: Botol Kaca Bening/Putih | P13: =VLOOKUP(O13,KamiBox!$C$2:$F$58,4,0) -> 200 | Q13: =SUMIF($B$3:$B$346,O13,$C$3:$C$346) -> 22.95 | R13: =P13*Q13 -> 4590
A14: BU NURLAYLI | B14: Botol Kaca Bening/Putih | C14: 0.55 | D14: 150 | E14: 83 | G14: BU LINDA RW 19 | H14: 10.6 | I14: 13000 | K14: Gelas PP Bersih (bening) | L14: 0.3 | N14: 11 | O14: Botol Kaca Campur | P14: =VLOOKUP(O14,KamiBox!$C$2:$F$58,4,0) -> 100 | Q14: =SUMIF($B$3:$B$346,O14,$C$3:$C$346) -> 0 | R14: =P14*Q14 -> 0
A15: BU NURLAYLI | B15: MIX A/Boncos | C15: 0.6 | D15: 500 | E15: 300 | G15: BU MINAH | H15: 2.45 | I15: 4090 | K15: Gelas PP Warna | L15: 2.15 | N15: 12 | O15: Botol Kaca Coklat/Merah | P15: =VLOOKUP(O15,KamiBox!$C$2:$F$58,4,0) -> 800 | Q15: =SUMIF($B$3:$B$346,O15,$C$3:$C$346) -> 0 | R15: =P15*Q15 -> 0
A16: BU NURLAYLI | B16: Plastik Multilayer | C16: 0.45 | D16: 300 | E16: 135 | G16: BU NATIRA SALMAWATI | H16: 11 | I16: 15258 | K16: HVS/Putihan | L16: 7.15 | N16: 13 | O16: Botol PET bersih | P16: =VLOOKUP(O16,KamiBox!$C$2:$F$58,4,0) -> 5000 | Q16: 58.5 | R16: =P16*Q16 -> 292500
A17: BU IRMA | B17: Emberan | C17: 0.4 | D17: 1000 | E17: 400 | G17: BU NENI | H17: 10.95 | I17: 20150 | K17: Jelantah | L17: 82.1 | M17: 60.25 | N17: 14 | O17: Botol PET Kotor | P17: =VLOOKUP(O17,KamiBox!$C$2:$F$58,4,0) -> 2500 | Q17: =SUMIF($B$3:$B$346,O17,$C$3:$C$346) -> 13.33 | R17: =P17*Q17 -> 33325
A18: BU IRMA | B18: Plastik PE | C18: 0.2 | D18: 800 | E18: 160 | G18: BU NURJANAH | H18: 5.45 | I18: 6855 | K18: Kabel Alumunium | L18: 3.5 | M18: =GETPIVOTDATA("Berat",$K$2,"Material","Jelantah")-M17 -> 21.85 | N18: 15 | O18: Botol Plastik Kemasan Campur | P18: =VLOOKUP(O18,KamiBox!$C$2:$F$58,4,0) -> 1000 | Q18: =SUMIF($B$3:$B$346,O18,$C$3:$C$346) -> 0 | R18: =P18*Q18 -> 0
A19: BU IRMA | B19: Kardus | C19: 0.6 | D19: 1000 | E19: 600 | G19: BU NURLAYLI | H19: 2.1 | I19: 768 | K19: Kaleng | L19: 13.45 | N19: 16 | O19: Buku, majalah, brosur, koran | P19: =VLOOKUP(O19,KamiBox!$C$2:$F$58,4,0) -> 1000 | Q19: =SUMIF($B$3:$B$346,O19,$C$3:$C$346) -> 36.85 | R19: =P19*Q19 -> 36850
A20: BU IRMA | B20: Buku, majalah, brosur, koran | C20: 3.6 | D20: 800 | E20: 2880 | G20: BU RATIH | H20: 8.05 | I20: 7825 | K20: Kardus | L20: 156.9 | N20: 17 | O20: Emberan | P20: =VLOOKUP(O20,KamiBox!$C$2:$F$58,4,0) -> 1200 | Q20: =SUMIF($B$3:$B$346,O20,$C$3:$C$346) -> 68.65 | R20: =P20*Q20 -> 82380
A21: BU IRMA | B21: Tutup Botol | C21: 0.05 | D21: 2500 | E21: 125 | G21: BU RINA | H21: 1.55 | I21: 7750 | K21: Karung | L21: 1.3 | N21: 18 | O21: Gabrukan | P21: =VLOOKUP(O21,KamiBox!$C$2:$F$58,4,0) -> 1000 | Q21: =SUMIF($B$3:$B$346,O21,$C$3:$C$346) -> 29 | R21: =P21*Q21 -> 29000
A22: BU IRMA | B22: Plastik Multilayer | C22: 0.3 | D22: 300 | E22: 90 | G22: BU RINDRA | H22: 5.05 | I22: 6680 | K22: Kristal Putih | L22: 0.4 | N22: 19 | O22: Galon PC | P22: =VLOOKUP(O22,KamiBox!$C$2:$F$58,4,0) -> 3000 | Q22: =SUMIF($B$3:$B$346,O22,$C$3:$C$346) -> 0 | R22: =P22*Q22 -> 0
A23: BU IRMA | B23: Botol PET bersih | C23: 0.35 | D23: 2800 | E23: 980 | G23: BU RUMIYATI | H23: 6.7 | I23: 9775 | K23: MIX A/Boncos | L23: 36.1 | N23: 20 | O23: Gelas PP Bersih | P23: =VLOOKUP(O23,KamiBox!$C$2:$F$58,4,0) -> 4000 | Q23: =GETPIVOTDATA("Berat",$K$2,"Material","Gelas PP Bersih (bening)") -> 0.3 | R23: =P23*Q23 -> 1200
A24: KAS | B24: Plastik PP | C24: 1.35 | D24: 1000 | E24: 1350 | G24: BU SANDRA | H24: 32.93 | I24: 36074 | K24: Plastik Multilayer | L24: 33.97 | M24: =7.9+9.45+6.9+9.25+8.05+8+7.85+6.1 -> 63.5 | N24: 21 | O24: Gelas PP Warna | P24: =VLOOKUP(O24,KamiBox!$C$2:$F$58,4,0) -> 2000 | Q24: =SUMIF($B$3:$B$346,O24,$C$3:$C$346) -> 2.15 | R24: =P24*Q24 -> 4300
A25: KAS | B25: Asoy | C25: 2.3 | D25: 500 | E25: 1150 | G25: BU SARIYANTI | H25: 6.5 | I25: 5440 | K25: Plastik PE | L25: 0.6 | N25: 22 | O25: Handphone | P25: =VLOOKUP(O25,KamiBox!$C$2:$F$58,4,0) -> 5000 | Q25: =SUMIF($B$3:$B$346,O25,$C$3:$C$346) -> 0 | R25: =P25*Q25 -> 0
A26: KAS | B26: Kristal Putih | C26: 0.4 | D26: 2700 | E26: 1080 | G26: BU SARTI | H26: 12.55 | I26: 20490 | K26: Plastik PP | L26: 4.15 | N26: 23 | O26: HVS/Putihan | P26: =VLOOKUP(O26,KamiBox!$C$2:$F$58,4,0) -> 2000 | Q26: =SUMIF($B$3:$B$346,O26,$C$3:$C$346) -> 7.15 | R26: =P26*Q26 -> 14300
A27: BU TETTY HAMDI | B27: STAL/Kabin/Enamel | C27: 0.65 | D27: 1800 | E27: 1170 | G27: BU SITI ALFIYAH | H27: 10.4 | I27: 12005 | K27: PVC | L27: 2.6 | N27: 24 | O27: Impact | P27: =VLOOKUP(O27,KamiBox!$C$2:$F$58,4,0) -> 700 | Q27: =SUMIF($B$3:$B$346,O27,$C$3:$C$346) -> 0 | R27: =P27*Q27 -> 0
A28: BU TETTY HAMDI | B28: Plastik Multilayer | C28: 1 | D28: 300 | E28: 300 | G28: BU SRI RETNO | H28: 35.35 | I28: 36000 | K28: Selang | L28: 1.1 | N28: 25 | O28: Jelantah
A29: BU TETTY HAMDI | B29: Botol Kaca Bening/Putih | C29: 0.6 | D29: 150 | E29: 90 | G29: BU SUHERMIATI | H29: 4.85 | I29: 5815 | K29: Seng/Kawat | L29: 0.3 | N29: 26 | O29: Kabel | P29: =VLOOKUP(O29,KamiBox!$C$2:$F$58,4,0) -> 1500 | Q29: =GETPIVOTDATA("Berat",$K$2,"Material","Kabel Alumunium") -> 3.5 | R29: =P29*Q29 -> 5250
A30: BU TETTY HAMDI | B30: MIX A/Boncos | C30: 0.75 | D30: 500 | E30: 375 | G30: BU SURIYA | H30: 2.85 | I30: 2860 | K30: STAL/Kabin/Enamel | L30: 9.7 | N30: 27 | O30: Kabin | P30: =VLOOKUP(O30,KamiBox!$C$2:$F$58,4,0) -> 2000 | Q30: =GETPIVOTDATA("Berat",$K$2,"Material","STAL/Kabin/Enamel") -> 9.7 | R30: =P30*Q30 -> 19400
A31: BU TETTY HAMDI | B31: Gabrukan | C31: 1.2 | D31: 1000 | E31: 1200 | G31: BU TERMIN | H31: 5.55 | I31: 9385 | K31: Tutup Botol | L31: 4.85 | M31: =3.85+11.1 -> 14.95 | N31: 28 | O31: Kaca | P31: =VLOOKUP(O31,KamiBox!$C$2:$F$58,4,0) -> 100 | Q31: =SUMIF($B$3:$B$346,O31,$C$3:$C$346) -> 0 | R31: =P31*Q31 -> 0
A32: BU TETTY HAMDI | B32: Emberan | C32: 0.4 | D32: 1000 | E32: 400 | G32: BU TETTY HAMDI | H32: 14.9 | I32: 14260 | K32: Tutup Galon | L32: 1.63 | M32: 2.4 | N32: 29 | O32: Kaleng | P32: =VLOOKUP(O32,KamiBox!$C$2:$F$58,4,0) -> 2000 | Q32: =SUMIF($B$3:$B$346,O32,$C$3:$C$346) -> 13.45 | R32: =P32*Q32 -> 26900
A33: BU TETTY HAMDI | B33: Tutup Botol | C33: 0.1 | D33: 2500 | E33: 250 | G33: BU TUNUT | H33: 26.7 | I33: 32480 | K33: Grand Total | L33: 621.21 | N33: 30 | O33: Kantung Semen | P33: =VLOOKUP(O33,KamiBox!$C$2:$F$58,4,0) -> 1800 | Q33: =SUMIF($B$3:$B$346,O33,$C$3:$C$346) -> 0 | R33: =P33*Q33 -> 0
A34: BU TETTY HAMDI | B34: Kaleng | C34: 0.55 | D34: 1500 | E34: 825 | G34: BU WIDODO | H34: 2.75 | I34: 6758 | N34: 31 | O34: Kardus | P34: =VLOOKUP(O34,KamiBox!$C$2:$F$58,4,0) -> 1800 | Q34: =SUMIF($B$3:$B$346,O34,$C$3:$C$346) -> 156.9 | R34: =P34*Q34 -> 282420
A35: BU TETTY HAMDI | B35: Kardus | C35: 9.65 | D35: 1000 | E35: 9650 | G35: BU WIWIN | H35: 12.55 | I35: 17353 | N35: 32 | O35: Kaset CD | P35: =VLOOKUP(O35,KamiBox!$C$2:$F$58,4,0) -> 4000 | Q35: =SUMIF($B$3:$B$346,O35,$C$3:$C$346) -> 0 | R35: =P35*Q35 -> 0
A36: BU ANI | B36: Plastik Multilayer | C36: 0.7 | D36: 300 | E36: 210 | G36: BU YANTI | H36: 16.4 | I36: 18073 | N36: 33 | O36: Komputer | P36: =VLOOKUP(O36,KamiBox!$C$2:$F$58,4,0) -> 60000 | Q36: =SUMIF($B$3:$B$346,O36,$C$3:$C$346) -> 0 | R36: =P36*Q36 -> 0
A37: BU ANI | B37: Botol Kaca Bening/Putih | C37: 0.85 | D37: 150 | E37: 128 | G37: BU YANTI BELA | H37: 22.5 | I37: 26158 | K37: Keuntungan Penjualan | N37: 34 | O37: Kones | P37: =VLOOKUP(O37,KamiBox!$C$2:$F$58,4,0) -> 700 | Q37: =SUMIF($B$3:$B$346,O37,$C$3:$C$346) -> 0 | R37: =P37*Q37 -> 0
A38: BU ANI | B38: Gelas PP Warna | C38: 0.45 | D38: 1600 | E38: 720 | G38: BU YENVITRIATI | H38: 10.7 | I38: 16705 | K38: =R59+X7+AF4 -> 1434360 | N38: 35 | O38: Kristal Putih | P38: =VLOOKUP(O38,KamiBox!$C$2:$F$58,4,0) -> 4000 | Q38: =SUMIF($B$3:$B$346,O38,$C$3:$C$346) -> 0.4 | R38: =P38*Q38 -> 1600
A39: BU ANI | B39: Emberan | C39: 0.45 | D39: 1000 | E39: 450 | G39: DAME | H39: 26.3 | I39: 46575 | K39: =K38-GETPIVOTDATA("Total",$G$2) -> 273768 | N39: 36 | O39: Kulkas | P39: =VLOOKUP(O39,KamiBox!$C$2:$F$58,4,0) -> 50000 | Q39: =SUMIF($B$3:$B$346,O39,$C$3:$C$346) -> 0 | R39: =P39*Q39 -> 0
A40: BU ANI | B40: Botol PET bersih | C40: 0.85 | D40: 2800 | E40: 2380 | G40: DANANG | H40: 1.5 | I40: 450 | N40: 37 | O40: Kuningan | P40: =VLOOKUP(O40,KamiBox!$C$2:$F$58,4,0) -> 35000 | Q40: =SUMIF($B$3:$B$346,O40,$C$3:$C$346) -> 0 | R40: =P40*Q40 -> 0
A41: BU ANI | B41: Kaleng | C41: 0.95 | D41: 1500 | E41: 1425 | G41: ESHAN | H41: 15.3 | I41: 45770 | N41: 38 | O41: Mesin Cuci | P41: =VLOOKUP(O41,KamiBox!$C$2:$F$58,4,0) -> 50000 | Q41: =SUMIF($B$3:$B$346,O41,$C$3:$C$346) -> 0 | R41: =P41*Q41 -> 0
A42: BU ANI | B42: MIX A/Boncos | C42: 1.1 | D42: 500 | E42: 550 | G42: KAS | H42: 4.05 | I42: 3580 | N42: 39 | O42: Mika | Q42: =SUMIF($B$3:$B$346,O42,$C$3:$C$346) -> 0 | R42: =P42*Q42 -> 0
A43: BU ANI | B43: Kardus | C43: 0.65 | D43: 1000 | E43: 650 | G43: MAMA ADAM | H43: 6.8 | I43: 6335 | N43: 40 | O43: MIX A/Boncos | P43: =VLOOKUP(O43,KamiBox!$C$2:$F$58,4,0) -> 700 | Q43: =SUMIF($B$3:$B$346,O43,$C$3:$C$346) -> 36.1 | R43: =P43*Q43 -> 25270
A44: BU FEBRI | B44: Kardus | C44: 1.2 | D44: 1000 | E44: 1200 | G44: MBA DIAN | H44: 17.15 | I44: 31965 | N44: 41 | O44: Plastik Minyak goreng | Q44: =SUMIF($B$3:$B$346,O44,$C$3:$C$346) -> 0 | R44: =P44*Q44 -> 0
A45: BU FEBRI | B45: Botol Kaca Bening/Putih | C45: 1.25 | D45: 150 | E45: 188 | G45: OMA CARRISA | H45: 14.55 | I45: 16898 | N45: 42 | O45: Plastik Multilayer | P45: =VLOOKUP(O45,KamiBox!$C$2:$F$58,4,0) -> 500 | Q45: 63.5 | R45: =P45*Q45 -> 31750
A46: BU FEBRI | B46: Plastik Multilayer | C46: 0.25 | D46: 300 | E46: 75 | G46: PAK JAMIL | H46: 2.73 | I46: 3068 | N46: 43 | O46: Plastik PE | R46: =P46*Q46 -> 0
A47: BU FEBRI | B47: Emberan | C47: 0.5 | D47: 1000 | E47: 500 | G47: PAK SUMARMAN | H47: 4.4 | I47: 6070 | N47: 44 | O47: Plastik PP | R47: =P47*Q47 -> 0
A48: BU FEBRI | B48: Kabel Alumunium | C48: 0.15 | D48: 1400 | E48: 210 | G48: PAK WAWAN | H48: 6.55 | I48: 12580 | N48: 45 | O48: PVC | P48: =VLOOKUP(O48,KamiBox!$C$2:$F$58,4,0) -> 900 | Q48: =SUMIF($B$3:$B$346,O48,$C$3:$C$346) -> 3.7 | R48: =P48*Q48 -> 3330
A49: BU FEBRI | B49: Plastik PE | C49: 0.35 | D49: 800 | E49: 280 | G49: POPI | H49: 0.5 | I49: 150 | N49: 46 | O49: Seng/Kawat | P49: =VLOOKUP(O49,KamiBox!$C$2:$F$58,4,0) -> 700 | Q49: =SUMIF($B$3:$B$346,O49,$C$3:$C$346) -> 0.3 | R49: =P49*Q49 -> 210
A50: VENA | B50: Kardus | C50: 0.35 | D50: 1000 | E50: 350 | G50: SAHABAT QUR'AN | H50: 17.05 | I50: 16180 | N50: 46 | O50: Styrofoam | P50: =VLOOKUP(O50,KamiBox!$C$2:$F$58,4,0) -> 400 | Q50: =SUMIF($B$3:$B$346,O50,$C$3:$C$346) -> 0 | R50: =P50*Q50 -> 0
A51: VENA | B51: Botol PET bersih | C51: 0.2 | D51: 2800 | E51: 560 | G51: SELLY | H51: 29.42 | I51: 36629 | N51: 47 | O51: Tembaga | P51: =VLOOKUP(O51,KamiBox!$C$2:$F$58,4,0) -> 60000 | Q51: =SUMIF($B$3:$B$346,O51,$C$3:$C$346) -> 0 | R51: =P51*Q51 -> 0
A52: VENA | B52: Aluminium Rongsok | C52: 0.1 | D52: 8000 | E52: 800 | G52: VENA | H52: 3.45 | I52: 3465 | N52: 48 | O52: Tetrapak/UBC | P52: =VLOOKUP(O52,KamiBox!$C$2:$F$58,4,0) -> 150 | Q52: =SUMIF($B$3:$B$346,O52,$C$3:$C$346) -> 0 | R52: =P52*Q52 -> 0
A53: VENA | B53: Asoy | C53: 0.1 | D53: 500 | E53: 50 | G53: VINA | H53: 3.9 | I53: 3878 | N53: 49 | O53: Tutup Botol | P53: =VLOOKUP(O53,KamiBox!$C$2:$F$58,4,0) -> 3000 | Q53: 14.95 | R53: =P53*Q53 -> 44850
A54: VENA | B54: Plastik Multilayer | C54: 0.6 | D54: 300 | E54: 180 | G54: WARBO | H54: 4.5 | I54: 4500 | N54: 50 | O54: Tutup Galon | P54: =VLOOKUP(O54,KamiBox!$C$2:$F$58,4,0) -> 4500 | Q54: 2.4 | R54: =P54*Q54 -> 10800
A55: VENA | B55: MIX A/Boncos | C55: 1.15 | D55: 500 | E55: 575 | G55: Bu Tria Blok Uc | H55: 45.05 | I55: 315350 | N55: 51 | O55: TV | P55: =VLOOKUP(O55,KamiBox!$C$2:$F$58,4,0) -> 20000 | Q55: =SUMIF($B$3:$B$346,O55,$C$3:$C$346) -> 0 | R55: =P55*Q55 -> 0
A56: VENA | B56: Emberan | C56: 0.95 | D56: 1000 | E56: 950 | G56: Grand Total | H56: 621.21 | I56: 1160592 | N56: 52 | O56: Yakult | P56: =VLOOKUP(O56,KamiBox!$C$2:$F$58,4,0) -> 1000 | Q56: =SUMIF($B$3:$B$346,O56,$C$3:$C$346) -> 0 | R56: =P56*Q56 -> 0
A57: BU SITI ALFIYAH | B57: Asoy | C57: 1.85 | D57: 500 | E57: 925 | N57: 53 | O57: Karung | P57: =VLOOKUP(O57,KamiBox!$C$2:$F$58,4,0) -> 1200 | Q57: =SUMIF($B$3:$B$346,O57,$C$3:$C$346) -> 1.3 | R57: =P57*Q57 -> 1560
A58: BU SITI ALFIYAH | B58: Botol PET Kotor | C58: 0.7 | D58: 1600 | E58: 1120 | N58: 54 | O58: Baja Ringan | P58: =VLOOKUP(O58,KamiBox!$C$2:$F$58,4,0) -> 2000 | Q58: =SUMIF($B$3:$B$346,O58,$C$3:$C$346) -> 0.55 | R58: =P58*Q58 -> 1100
A59: BU SITI ALFIYAH | B59: Plastik Multilayer | C59: 0.85 | D59: 300 | E59: 255 | P59: TOTAL | Q59: =SUM(Q4:Q58) -> 558.18 | R59: =SUM(R6:R58) -> 994985
A60: BU SITI ALFIYAH | B60: Buku, majalah, brosur, koran | C60: 0.85 | D60: 800 | E60: 680
A61: BU SITI ALFIYAH | B61: STAL/Kabin/Enamel | C61: 2.05 | D61: 1800 | E61: 3690
A62: BU SITI ALFIYAH | B62: MIX A/Boncos | C62: 1.85 | D62: 500 | E62: 925
A63: BU SITI ALFIYAH | B63: Kardus | C63: 1.05 | D63: 1000 | E63: 1050
A64: BU SITI ALFIYAH | B64: Botol PET bersih | C64: 1.2 | D64: 2800 | E64: 3360
A65: PAK WAWAN | B65: Kardus | C65: 3.2 | D65: 1000 | E65: 3200
A66: PAK WAWAN | B66: Botol PET bersih | C66: 3.35 | D66: 2800 | E66: 9380
A67: BU HARTINAH | B67: Botol Kaca Bening/Putih | C67: 2.65 | D67: 150 | E67: 398
A68: BU HARTINAH | B68: Kaleng | C68: 0.45 | D68: 1500 | E68: 675
A69: BU HARTINAH | B69: Emberan | C69: 3.45 | D69: 1000 | E69: 3450
A70: BU HARTINAH | B70: STAL/Kabin/Enamel | C70: 1.1 | D70: 1800 | E70: 1980
A71: BU HARTINAH | B71: Gabrukan | C71: 0.35 | D71: 1000 | E71: 350
... A339: SELLY | B339: Gelas PP Bersih (bening) | C339: 0.3 | D339: 3500 | E339: 1050
A340: PAK JAMIL | B340: Plastik Multilayer | C340: 1 | D340: 300 | E340: =C340*D340 -> 300 | F340: Warmindo
A341: PAK JAMIL | B341: Botol PET Kotor | C341: =1+0.73 -> 1.73 | D341: 1600 | E341: =C341*D341 -> 2768 | F341: Warmindo
A342: DANANG | B342: Plastik Multilayer | C342: 1.5 | D342: 300 | E342: =C342*D342 -> 450 | F342: Warmindo
A343: WARBO | B343: Gabrukan | C343: 4.5 | D343: 1000 | E343: =C343*D343 -> 4500 | F343: Warmindo
A344: POPI | B344: Plastik Multilayer | C344: 0.5 | D344: 300 | E344: =C344*D344 -> 150 | F344: Warmindo
A345: BU ANI RW 21 | B345: Jelantah | C345: 15.2 | D345: 7000 | E345: =C345*D345 -> 106400
A346: Bu Tria Blok Uc | B346: Jelantah | C346: =14.2+13.9+13.85+3.1 -> 45.05 | D346: 7000 | E346: =C346*D346 -> 315350
A347: UB | C347: 46
D349: JELANTAH
D350: titipan (UB, UC, RW 21) | E350: Nasabah (21 Juni, 11 Juli)
D351: =(46+15.2+45.05)*7000 -> 743750 | E351: =(45.45+21.85)*5000 -> 336500
E352: =D351+E351 -> 1080250

Sheet 21-6-26
A2: Nasabah | B2: Material | C2: Berat | D2: Harga | E2: Total | G2: Row Labels | H2: Sum of Berat | I2: Sum of Total | K2: Row Labels | L2: Sum of Berat | N2: Timbangan Kami Box | Q2: Minggu, 21 Juni 2026 | T2: Timbangan Non Kami Box | W2: Minggu, 21 Juni 2026
A3: Aruna RT 5 | B3: Jelantah | C3: 8.95 | D3: 5000 | E3: 44750 | G3: Aruna RT 5 | H3: 8.95 | I3: 44750 | K3: Aluminium Rongsok | L3: 0.4 | N3: No | O3: Jenis Sampah | P3: Harga | Q3: Berat | R3: Total Harga | T3: No | U3: Jenis Sampah | V3: Harga | W3: Berat | X3: Total Harga
A4: Bu Admini | B4: Kardus | C4: 1.2 | D4: 1000 | E4: 1200 | G4: Bu Admini | H4: 6.6 | I4: 7200 | K4: Asoy | L4: 13.1 | N4: 1 | O4: AC | P4: =VLOOKUP(O4,KamiBox!$C$2:$F$58,4,0) -> 200000 | Q4: =SUMIF($B$3:$B$394,O4,$C$3:$C$394) -> 0 | R4: =P4*Q4 -> 0 | T4: 1 | U4: AC | V4: =VLOOKUP(U4,KamiBox!$C$2:$F$58,4,0) -> 200000 | X4: =V4*W4 -> 0
A5: Bu Admini | B5: Gelas PP Warna | C5: 0.9 | D5: 1600 | E5: 1440 | G5: Bu Angga | H5: 10.7 | I5: 26193 | K5: Besi | L5: 25.85 | N5: 2 | O5: Aki | P5: =VLOOKUP(O5,KamiBox!$C$2:$F$58,4,0) -> 9000 | Q5: =SUMIF($B$3:$B$394,O5,$C$3:$C$394) -> 0 | R5: =P5*Q5 -> 0 | T5: 2 | U5: Aki | V5: =VLOOKUP(U5,KamiBox!$C$2:$F$58,4,0) -> 9000 | X5: =V5*W5 -> 0
A6: Bu Admini | B6: MIX A/Boncos | C6: 2.3 | D6: 500 | E6: 1150 | G6: Bu Ani | H6: 9.15 | I6: 9943 | K6: Botol Kaca Bening/Putih | L6: 23.65 | N6: 3 | O6: Akrilik Putih | P6: =VLOOKUP(O6,KamiBox!$C$2:$F$58,4,0) -> 4000 | Q6: =SUMIF($B$3:$B$394,O6,$C$3:$C$394) -> 0 | R6: =P6*Q6 -> 0 | T6: 3 | U6: Akrilik Putih | V6: =VLOOKUP(U6,KamiBox!$C$2:$F$58,4,0) -> 4000 | X6: =V6*W6 -> 0
A7: Bu Admini | B7: Plastik Multilayer | C7: 1.1 | D7: 300 | E7: 330 | G7: Bu Betria | H7: 20.95 | I7: 19083 | K7: Botol Kaca Coklat/Merah | L7: 0.8 | N7: 4 | O7: Alumunium | P7: =VLOOKUP(O7,KamiBox!$C$2:$F$58,4,0) -> 10000 | Q7: 0.4 | R7: =P7*Q7 -> 4000 | T7: 4 | U7: Alumunium | V7: =VLOOKUP(U7,KamiBox!$C$2:$F$58,4,0) -> 10000 | X7: =V7*W7 -> 0
A8: Bu Admini | B8: Botol PET bersih | C8: 1.1 | D8: 2800 | E8: 3080 | G8: Bu Dida | H8: 16 | I8: 25413 | K8: Botol Kaca Hijau | L8: 8 | N8: 5 | O8: Arsip | P8: =VLOOKUP(O8,KamiBox!$C$2:$F$58,4,0) -> 1000 | Q8: =SUMIF($B$3:$B$394,O8,$C$3:$C$394) -> 0 | R8: =P8*Q8 -> 0 | T8: 5 | U8: Arsip | V8: =VLOOKUP(U8,KamiBox!$C$2:$F$58,4,0) -> 1000 | X8: =V8*W8 -> 0
A9: Bu Angga | B9: Botol Kaca Bening/Putih | C9: 0.35 | D9: 150 | E9: 53 | G9: Bu Ecin Dwi | H9: 17 | I9: 21273 | K9: Botol PET bersih | L9: 57.45 | N9: 6 | O9: Asoy | Q9: 0 | R9: =P9*Q9 -> 0 | S9: =W9-Q9 -> 16.05 | T9: 6 | U9: Asoy | V9: =VLOOKUP(U9,KamiBox!$C$2:$F$58,4,0) -> 1500 | W9: 16.05 | X9: 24825 | Y9: Pak Muslih
A10: Bu Angga | B10: Plastik PP | C10: 0.1 | D10: 1000 | E10: 100 | G10: Bu Fatimah | H10: 13.95 | I10: 15150 | K10: Botol PET Kotor | L10: 4.85 | N10: 7 | O10: Besi | P10: =VLOOKUP(O10,KamiBox!$C$2:$F$58,4,0) -> 4000 | Q10: =SUMIF($B$3:$B$394,O10,$C$3:$C$394) -> 25.85 | R10: =P10*Q10 -> 103400 | S10: =S9-1.95 -> 14.1 | T10: 7 | U10: Besi | V10: =VLOOKUP(U10,KamiBox!$C$2:$F$58,4,0) -> 4000 | X10: =V10*W10 -> 0
A11: Bu Angga | B11: Kaleng | C11: 0.75 | D11: 1500 | E11: 1125 | G11: Bu Fisca | H11: 10.55 | I11: 11880 | K11: Buku, majalah, brosur, koran | L11: 98.15 | N11: 8 | O11: Boncos Kotor | P11: =VLOOKUP(O11,KamiBox!$C$2:$F$58,4,0) -> 400 | Q11: =SUMIF($B$3:$B$394,O11,$C$3:$C$394) -> 0 | R11: =P11*Q11 -> 0 | T11: 8 | U11: Boncos Kotor | V11: =VLOOKUP(U11,KamiBox!$C$2:$F$58,4,0) -> 400 | X11: =V11*W11 -> 0
A12: Bu Angga | B12: Asoy | C12: 0.1 | D12: 500 | E12: 50 | G12: Bu Hadiyana | H12: 59.7 | I12: 86060 | K12: Emberan | L12: 93.68 | N12: 9 | O12: Botol Kaca Hijau | P12: =VLOOKUP(O12,KamiBox!$C$2:$F$58,4,0) -> 100 | Q12: =SUMIF($B$3:$B$394,O12,$C$3:$C$394) -> 8 | R12: =P12*Q12 -> 800 | T12: 9 | U12: Botol Kaca Hijau | V12: =VLOOKUP(U12,KamiBox!$C$2:$F$58,4,0) -> 100 | X12: =V12*W12 -> 0
A13: Bu Angga | B13: Plastik Multilayer | C13: 0.7 | D13: 300 | E13: 210 | G13: Bu Halimah | H13: 6.8 | I13: 8945 | K13: Gabrukan | L13: 37.7 | N13: 10 | O13: Botol Kaca Bening/Putih | P13: =VLOOKUP(O13,KamiBox!$C$2:$F$58,4,0) -> 200 | Q13: =SUMIF($B$3:$B$394,O13,$C$3:$C$394) -> 23.65 | R13: =P13*Q13 -> 4730 | T13: 10 | U13: Botol Kaca Bening/Putih | V13: =VLOOKUP(U13,KamiBox!$C$2:$F$58,4,0) -> 200 | X13: =V13*W13 -> 0
A14: Bu Angga | B14: Jelantah | C14: 3.75 | D14: 5000 | E14: 18750 | G14: Bu Hartinah | H14: 12.6 | I14: 11160 | K14: Gelas PP Bersih (bening) | L14: 3.8 | N14: 11 | O14: Botol Kaca Campur | P14: =VLOOKUP(O14,KamiBox!$C$2:$F$58,4,0) -> 100 | Q14: =SUMIF($B$3:$B$394,O14,$C$3:$C$394) -> 0 | R14: =P14*Q14 -> 0 | T14: 11 | U14: Botol Kaca Campur | V14: =VLOOKUP(U14,KamiBox!$C$2:$F$58,4,0) -> 100 | X14: =V14*W14 -> 0
A15: Bu Angga | B15: Emberan | C15: 0.25 | D15: 1000 | E15: 250 | G15: Bu Ida Amanah | H15: 6.65 | I15: 7288 | K15: Gelas PP Warna | L15: 4.55 | N15: 12 | O15: Botol Kaca Coklat/Merah | P15: =VLOOKUP(O15,KamiBox!$C$2:$F$58,4,0) -> 800 | Q15: =SUMIF($B$3:$B$394,O15,$C$3:$C$394) -> 0.8 | R15: =P15*Q15 -> 640 | T15: 12 | U15: Botol Kaca Coklat/Merah | V15: =VLOOKUP(U15,KamiBox!$C$2:$F$58,4,0) -> 800 | X15: =V15*W15 -> 0
A16: Bu Angga | B16: MIX A/Boncos | C16: 1.45 | D16: 500 | E16: 725 | G16: Bu Irma | H16: 3.1 | I16: 2230 | K16: HVS/Putihan | L16: 1.8 | N16: 13 | O16: Botol PET bersih | P16: =VLOOKUP(O16,KamiBox!$C$2:$F$58,4,0) -> 5000 | Q16: 4.3 | R16: =P16*Q16 -> 21500 | S16: 57.45 | T16: 13 | U16: Botol PET bersih | V16: 5500 | W16: 62 | X16: 342000 | Y16: Pak Surat
A17: Bu Angga | B17: Kardus | C17: 0.9 | D17: 1000 | E17: 900 | G17: Bu Kamiem | H17: 7.65 | I17: 15285 | K17: Jelantah | L17: 91.45 | M17: =C383 -> 46 | N17: 14 | O17: Botol PET Kotor | P17: =VLOOKUP(O17,KamiBox!$C$2:$F$58,4,0) -> 2500 | Q17: =SUMIF($B$3:$B$394,O17,$C$3:$C$394) -> 4.85 | R17: =P17*Q17 -> 12125 | T17: 14 | U17: Botol PET Kotor | V17: =VLOOKUP(U17,KamiBox!$C$2:$F$58,4,0) -> 2500 | X17: =V17*W17 -> 0
A18: Bu Angga | B18: Botol PET bersih | C18: 0.85 | D18: 2800 | E18: 2380 | G18: Bu Lilis | H18: 44.4 | I18: 53002 | K18: Kabel Alumunium | L18: 2.25 | M18: =GETPIVOTDATA("Berat",$K$2,"Material","Jelantah")-M17 -> 45.45 | N18: 15 | O18: Botol Plastik Kemasan Campur | P18: =VLOOKUP(O18,KamiBox!$C$2:$F$58,4,0) -> 1000 | Q18: =SUMIF($B$3:$B$394,O18,$C$3:$C$394) -> 0 | R18: =P18*Q18 -> 0 | T18: 15 | U18: Botol Plastik Kemasan Campur | V18: =VLOOKUP(U18,KamiBox!$C$2:$F$58,4,0) -> 1000 | X18: =V18*W18 -> 0
A19: Bu Angga | B19: Gabrukan | C19: 1.4 | D19: 1000 | E19: 1400 | G19: Bu Mimin | H19: 5.05 | I19: 6130 | K19: Kaleng | L19: 12.9 | M19: =M18*5000 -> 227250 | N19: 16 | O19: Buku, majalah, brosur, koran | P19: =VLOOKUP(O19,KamiBox!$C$2:$F$58,4,0) -> 1000 | Q19: =SUMIF($B$3:$B$394,O19,$C$3:$C$394) -> 98.15 | R19: =P19*Q19 -> 98150 | T19: 16 | U19: Buku, majalah, brosur, koran | V19: =VLOOKUP(U19,KamiBox!$C$2:$F$58,4,0) -> 1000 | X19: =V19*W19 -> 0
A20: Bu Angga | B20: Tutup Botol | C20: 0.1 | D20: 2500 | E20: 250 | G20: Bu Minah | H20: 1.5 | I20: 1970 | K20: Kardus | L20: 168.7 | N20: 17 | O20: Emberan | P20: =VLOOKUP(O20,KamiBox!$C$2:$F$58,4,0) -> 1200 | Q20: =SUMIF($B$3:$B$394,O20,$C$3:$C$394) -> 93.68 | R20: =P20*Q20 -> 112416 | T20: 17 | U20: Emberan | V20: =VLOOKUP(U20,KamiBox!$C$2:$F$58,4,0) -> 1200 | X20: =V20*W20 -> 0
A21: Bu Ani | B21: Plastik Multilayer | C21: 0.5 | D21: 300 | E21: 150 | G21: Bu Nining | H21: 10.28 | I21: 8220 | K21: Karung | L21: 3.8 | N21: 18 | O21: Gabrukan | P21: =VLOOKUP(O21,KamiBox!$C$2:$F$58,4,0) -> 1000 | Q21: 35.7 | R21: =P21*Q21 -> 35700 | T21: 18 | U21: Gabrukan | V21: =VLOOKUP(U21,KamiBox!$C$2:$F$58,4,0) -> 1000 | X21: =V21*W21 -> 0
A22: Bu Ani | B22: Botol Kaca Bening/Putih | C22: 0.95 | D22: 150 | E22: 143 | G22: Bu Nita | H22: 2.75 | I22: 3545 | K22: Kones | L22: 1.4 | N22: 19 | O22: Galon PC | P22: =VLOOKUP(O22,KamiBox!$C$2:$F$58,4,0) -> 3000 | Q22: =SUMIF($B$3:$B$394,O22,$C$3:$C$394) -> 0 | R22: =P22*Q22 -> 0 | T22: 19 | U22: Galon PC | V22: =VLOOKUP(U22,KamiBox!$C$2:$F$58,4,0) -> 3000 | X22: =V22*W22 -> 0
A23: Bu Ani | B23: Emberan | C23: 1.05 | D23: 1000 | E23: 1050 | G23: Bu Nurhayati | H23: 2.15 | I23: 1820 | K23: Kristal Putih | L23: 1.75 | N23: 20 | O23: Gelas PP Bersih | P23: =VLOOKUP(O23,KamiBox!$C$2:$F$58,4,0) -> 4000 | Q23: 3.8 | R23: =P23*Q23 -> 15200 | T23: 20 | U23: Gelas PP Bersih | V23: =VLOOKUP(U23,KamiBox!$C$2:$F$58,4,0) -> 4000 | X23: =V23*W23 -> 0
A24: Bu Ani | B24: Botol PET bersih | C24: 1.5 | D24: 2800 | E24: 4200 | G24: Bu Nurjanah | H24: 8.65 | I24: 9815 | K24: MIX A/Boncos | L24: 45.55 | N24: 21 | O24: Gelas PP Warna | P24: =VLOOKUP(O24,KamiBox!$C$2:$F$58,4,0) -> 2000 | Q24: =SUMIF($B$3:$B$394,O24,$C$3:$C$394) -> 4.55 | R24: =P24*Q24 -> 9100 | T24: 21 | U24: Gelas PP Warna | V24: =VLOOKUP(U24,KamiBox!$C$2:$F$58,4,0) -> 2000 | X24: =V24*W24 -> 0
A25: Bu Ani | B25: MIX A/Boncos | C25: 1.5 | D25: 500 | E25: 750 | G25: Bu Nurlayli | H25: 4.2 | I25: 6708 | K25: Plastik Multilayer | L25: 87.4 | N25: 22 | O25: Handphone | P25: =VLOOKUP(O25,KamiBox!$C$2:$F$58,4,0) -> 5000 | Q25: =SUMIF($B$3:$B$394,O25,$C$3:$C$394) -> 0 | R25: =P25*Q25 -> 0 | T25: 22 | U25: Handphone | V25: =VLOOKUP(U25,KamiBox!$C$2:$F$58,4,0) -> 5000 | X25: =V25*W25 -> 0
A26: Bu Ani | B26: Kardus | C26: 3.65 | D26: 1000 | E26: 3650 | G26: Bu Purwani | H26: 7.9 | I26: 7810 | K26: Plastik PE | L26: 2.1 | N26: 23 | O26: HVS/Putihan | P26: =VLOOKUP(O26,KamiBox!$C$2:$F$58,4,0) -> 2000 | Q26: =SUMIF($B$3:$B$394,O26,$C$3:$C$394) -> 1.8 | R26: =P26*Q26 -> 3600 | T26: 23 | U26: HVS/Putihan | V26: =VLOOKUP(U26,KamiBox!$C$2:$F$58,4,0) -> 2000 | X26: =V26*W26 -> 0
A27: Bu Betria | B27: Kaleng | C27: 0.7 | D27: 1500 | E27: 1050 | G27: Bu Ratu Tuti | H27: 2.95 | I27: 4330 | K27: Plastik PP | L27: 11.05 | N27: 24 | O27: Impact | P27: =VLOOKUP(O27,KamiBox!$C$2:$F$58,4,0) -> 700 | Q27: =SUMIF($B$3:$B$394,O27,$C$3:$C$394) -> 0 | R27: =P27*Q27 -> 0 | T27: 24 | U27: Impact | V27: =VLOOKUP(U27,KamiBox!$C$2:$F$58,4,0) -> 700 | X27: =V27*W27 -> 0
A28: Bu Betria | B28: Botol Kaca Bening/Putih | C28: 1.45 | D28: 150 | E28: 218 | G28: Bu Riris | H28: 6.35 | I28: 7415 | K28: STAL/Kabin/Enamel | L28: 17.2 | N28: 25 | O28: Jelantah | P28: =VLOOKUP(O28,KamiBox!$C$2:$F$58,4,0) -> 7000 | Q28: 0 | R28: =P28*Q28 -> 0 | T28: 25 | U28: Jelantah | V28: =VLOOKUP(U28,KamiBox!$C$2:$F$58,4,0) -> 7000 | W28: =45.45+46 -> 91.45 | Y28: Titipan
A29: Bu Betria | B29: Botol PET Kotor | C29: 0.25 | D29: 1600 | E29: 400 | G29: Bu Rumiyati | H29: 2.45 | I29: 2075 | K29: Styrofoam | L29: 0.25 | N29: 26 | O29: Kabel | P29: =VLOOKUP(O29,KamiBox!$C$2:$F$58,4,0) -> 1500 | Q29: 2.25 | R29: =P29*Q29 -> 3375 | T29: 26 | U29: Kabel | V29: =VLOOKUP(U29,KamiBox!$C$2:$F$58,4,0) -> 1500 | X29: =V29*W29 -> 0
A30: Bu Betria | B30: MIX A/Boncos | C30: 3.7 | D30: 500 | E30: 1850 | G30: Bu Sandra | H30: 7.75 | I30: 6565 | K30: Tutup Botol | L30: 5.55 | N30: 27 | O30: Kabin | P30: =VLOOKUP(O30,KamiBox!$C$2:$F$58,4,0) -> 2000 | Q30: 17.2 | R30: =P30*Q30 -> 34400 | T30: 27 | U30: Kabin | V30: =VLOOKUP(U30,KamiBox!$C$2:$F$58,4,0) -> 2000 | X30: =V30*W30 -> 0
A31: Bu Betria | B31: Plastik Multilayer | C31: 2.75 | D31: 300 | E31: 825 | G31: Bu Sariyanti | H31: 6.45 | I31: 6695 | K31: Tutup Galon | L31: 0.55 | N31: 28 | O31: Kaca | P31: =VLOOKUP(O31,KamiBox!$C$2:$F$58,4,0) -> 100 | Q31: =SUMIF($B$3:$B$394,O31,$C$3:$C$394) -> 0 | R31: =P31*Q31 -> 0 | T31: 28 | U31: Kaca | V31: =VLOOKUP(U31,KamiBox!$C$2:$F$58,4,0) -> 100 | X31: =V31*W31 -> 0
A32: Bu Betria | B32: Buku, majalah, brosur, koran | C32: 3.45 | D32: 800 | E32: 2760 | G32: Bu Sarmiyah | H32: 11.3 | I32: 30020 | K32: Grand Total | L32: 825.68 | N32: 29 | O32: Kaleng | P32: =VLOOKUP(O32,KamiBox!$C$2:$F$58,4,0) -> 2000 | Q32: =SUMIF($B$3:$B$394,O32,$C$3:$C$394) -> 12.9 | R32: =P32*Q32 -> 25800 | T32: 29 | U32: Kaleng | V32: =VLOOKUP(U32,KamiBox!$C$2:$F$58,4,0) -> 2000 | X32: =V32*W32 -> 0
A33: Bu Betria | B33: Kardus | C33: 5.15 | D33: 1000 | E33: 5150 | G33: Bu Satini | H33: 13.6 | I33: 13880 | N33: 30 | O33: Kantung Semen | P33: =VLOOKUP(O33,KamiBox!$C$2:$F$58,4,0) -> 1800 | Q33: =SUMIF($B$3:$B$394,O33,$C$3:$C$394) -> 0 | R33: =P33*Q33 -> 0 | T33: 30 | U33: Kantung Semen | V33: =VLOOKUP(U33,KamiBox!$C$2:$F$58,4,0) -> 1800 | X33: =V33*W33 -> 0
A34: Bu Betria | B34: Botol PET bersih | C34: 1.85 | D34: 2800 | E34: 5180 | G34: Bu Suci | H34: 8.85 | I34: 8690 | N34: 31 | O34: Kardus | P34: =VLOOKUP(O34,KamiBox!$C$2:$F$58,4,0) -> 1800 | Q34: =SUMIF($B$3:$B$394,O34,$C$3:$C$394) -> 168.7 | R34: =P34*Q34 -> 303660 | T34: 31 | U34: Kardus | V34: =VLOOKUP(U34,KamiBox!$C$2:$F$58,4,0) -> 1800 | X34: =V34*W34 -> 0
A35: Bu Betria | B35: Emberan | C35: 1.65 | D35: 1000 | E35: 1650 | G35: Bu Suhermiati | H35: 24.65 | I35: 20800 | K35: Keuntungan Penjualan | N35: 32 | O35: Kaset CD | P35: =VLOOKUP(O35,KamiBox!$C$2:$F$58,4,0) -> 4000 | Q35: =SUMIF($B$3:$B$394,O35,$C$3:$C$394) -> 0 | R35: =P35*Q35 -> 0 | T35: 32 | U35: Kaset CD | V35: =VLOOKUP(U35,KamiBox!$C$2:$F$58,4,0) -> 4000 | X35: =V35*W35 -> 0
A36: Bu Dida | B36: Besi | C36: 6.35 | D36: 2500 | E36: 15875 | G36: Bu Sukayah | H36: 8.8 | I36: 6720 | K36: =X58+R58-GETPIVOTDATA("Sum of Total",$G$2) -> -69134 | N36: 33 | O36: Komputer | P36: =VLOOKUP(O36,KamiBox!$C$2:$F$58,4,0) -> 60000 | Q36: =SUMIF($B$3:$B$394,O36,$C$3:$C$394) -> 0 | R36: =P36*Q36 -> 0 | T36: 33 | U36: Komputer | V36: =VLOOKUP(U36,KamiBox!$C$2:$F$58,4,0) -> 60000 | X36: =V36*W36 -> 0
A37: Bu Dida | B37: Botol Kaca Bening/Putih | C37: 1.95 | D37: 150 | E37: 293 | G37: Bu Suriya | H37: 7.7 | I37: 8510 | N37: 34 | O37: Kones | P37: =VLOOKUP(O37,KamiBox!$C$2:$F$58,4,0) -> 700 | Q37: =SUMIF($B$3:$B$394,O37,$C$3:$C$394) -> 1.4 | R37: =P37*Q37 -> 980 | T37: 34 | U37: Kones | V37: =VLOOKUP(U37,KamiBox!$C$2:$F$58,4,0) -> 700 | X37: =V37*W37 -> 0
A38: Bu Dida | B38: Tutup Botol | C38: 0.05 | D38: 2500 | E38: 125 | G38: Bu Wiwin | H38: 32.4 | I38: 122373 | N38: 35 | O38: Kristal Putih | P38: =VLOOKUP(O38,KamiBox!$C$2:$F$58,4,0) -> 4000 | Q38: =SUMIF($B$3:$B$394,O38,$C$3:$C$394) -> 1.75 | R38: =P38*Q38 -> 7000 | T38: 35 | U38: Kristal Putih | V38: =VLOOKUP(U38,KamiBox!$C$2:$F$58,4,0) -> 4000 | X38: =V38*W38 -> 0
A39: Bu Dida | B39: Aluminium Rongsok | C39: 0.1 | D39: 8000 | E39: 800 | G39: Bu Wuri | H39: 17.45 | I39: 17135 | N39: 36 | O39: Kulkas | P39: =VLOOKUP(O39,KamiBox!$C$2:$F$58,4,0) -> 50000 | Q39: =SUMIF($B$3:$B$394,O39,$C$3:$C$394) -> 0 | R39: =P39*Q39 -> 0 | T39: 36 | U39: Kulkas | V39: =VLOOKUP(U39,KamiBox!$C$2:$F$58,4,0) -> 50000 | X39: =V39*W39 -> 0
A40: Bu Dida | B40: Asoy | C40: 0.2 | D40: 500 | E40: 100 | G40: Bu Yanti Bela | H40: 30.85 | I40: 39145 | N40: 37 | O40: Kuningan | P40: =VLOOKUP(O40,KamiBox!$C$2:$F$58,4,0) -> 35000 | Q40: =SUMIF($B$3:$B$394,O40,$C$3:$C$394) -> 0 | R40: =P40*Q40 -> 0 | T40: 37 | U40: Kuningan | V40: =VLOOKUP(U40,KamiBox!$C$2:$F$58,4,0) -> 35000 | X40: =V40*W40 -> 0
A41: Bu Dida | B41: Plastik Multilayer | C41: 1.05 | D41: 300 | E41: 315 | G41: Bu Yanti Warmindo | H41: 1.45 | I41: 435 | N41: 38 | O41: Mesin Cuci | P41: =VLOOKUP(O41,KamiBox!$C$2:$F$58,4,0) -> 50000 | Q41: =SUMIF($B$3:$B$394,O41,$C$3:$C$394) -> 0 | R41: =P41*Q41 -> 0 | T41: 38 | U41: Mesin Cuci | V41: =VLOOKUP(U41,KamiBox!$C$2:$F$58,4,0) -> 50000 | X41: =V41*W41 -> 0
A42: Bu Dida | B42: Emberan | C42: 1.95 | D42: 1000 | E42: 1950 | G42: Bu Yenvitriati | H42: 6.9 | I42: 9640 | N42: 39 | O42: Mika | Q42: =SUMIF($B$3:$B$394,O42,$C$3:$C$394) -> 0 | R42: =P42*Q42 -> 0 | T42: 39 | U42: Mika | X42: =V42*W42 -> 0
A43: Bu Dida | B43: Botol PET bersih | C43: 1.35 | D43: 2800 | E43: 3780 | G43: Dipo | H43: 10.1 | I43: 7990 | N43: 40 | O43: MIX A/Boncos | P43: =VLOOKUP(O43,KamiBox!$C$2:$F$58,4,0) -> 700 | Q43: =SUMIF($B$3:$B$394,O43,$C$3:$C$394) -> 45.55 | R43: =P43*Q43 -> 31885 | T43: 40 | U43: MIX A/Boncos | V43: =VLOOKUP(U43,KamiBox!$C$2:$F$58,4,0) -> 700 | X43: =V43*W43 -> 0
A44: Bu Dida | B44: Kardus | C44: 1.35 | D44: 1000 | E44: 1350 | G44: Gloria RT 5 | H44: 13.2 | I44: 13200 | N44: 41 | O44: Plastik Minyak goreng | Q44: =SUMIF($B$3:$B$394,O44,$C$3:$C$394) -> 0 | R44: =P44*Q44 -> 0 | T44: 41 | U44: Plastik Minyak goreng | X44: =V44*W44 -> 0
A45: Bu Dida | B45: MIX A/Boncos | C45: 1.65 | D45: 500 | E45: 825 | G45: Joel RT 6 | H45: 46.8 | I45: 39585 | N45: 42 | O45: Plastik Multilayer | P45: =VLOOKUP(O45,KamiBox!$C$2:$F$58,4,0) -> 500 | Q45: 68.8 | R45: =P45*Q45 -> 34400 | T45: 42 | U45: Plastik Multilayer | V45: =VLOOKUP(U45,KamiBox!$C$2:$F$58,4,0) -> 500 | W45: 18.6 | Y45: Masuk Bulan Depan
A46: Bu Ecin Dwi | B46: Gabrukan | C46: 1.1 | D46: 1000 | E46: 1100 | G46: Karang Taruna | H46: 11.5 | I46: 10800 | N46: 43 | O46: Plastik PE | P46: 1000 | Q46: =SUMIF($B$3:$B$394,O46,$C$3:$C$394) -> 2.1 | R46: =P46*Q46 -> 2100 | T46: 43 | U46: Plastik PE | V46: =VLOOKUP(U46,KamiBox!$C$2:$F$58,4,0) -> 1700 | X46: =V46*W46 -> 0
A47: Bu Ecin Dwi | B47: Botol Kaca Bening/Putih | C47: 0.55 | D47: 150 | E47: 83 | G47: Kas | H47: 1.45 | I47: 3915 | N47: 44 | O47: Plastik PP | P47: 1000 | Q47: =SUMIF($B$3:$B$394,O47,$C$3:$C$394) -> 11.05 | R47: =P47*Q47 -> 11050 | T47: 44 | U47: Plastik PP | V47: =VLOOKUP(U47,KamiBox!$C$2:$F$58,4,0) -> 1700 | W47: 0.3 | X47: 510 | Y47: Pak Muslih
A48: Bu Ecin Dwi | B48: Kaleng | C48: 0.2 | D48: 1500 | E48: 300 | G48: Mama Adam | H48: 3.95 | I48: 2725 | N48: 45 | O48: PVC | P48: =VLOOKUP(O48,KamiBox!$C$2:$F$58,4,0) -> 900 | Q48: =SUMIF($B$3:$B$394,O48,$C$3:$C$394) -> 0 | R48: =P48*Q48 -> 0 | T48: 45 | U48: PVC | V48: =VLOOKUP(U48,KamiBox!$C$2:$F$58,4,0) -> 900 | X48: =V48*W48 -> 0
A49: Bu Ecin Dwi | B49: Emberan | C49: 0.35 | D49: 1000 | E49: 350 | G49: Mama Wahyu | H49: 9.6 | I49: 5150 | N49: 46 | O49: Seng/Kawat | P49: =VLOOKUP(O49,KamiBox!$C$2:$F$58,4,0) -> 700 | Q49: =SUMIF($B$3:$B$394,O49,$C$3:$C$394) -> 0 | R49: =P49*Q49 -> 0 | T49: 46 | U49: Seng/Kawat | V49: =VLOOKUP(U49,KamiBox!$C$2:$F$58,4,0) -> 700 | X49: =V49*W49 -> 0
A50: Bu Ecin Dwi | B50: STAL/Kabin/Enamel | C50: 1.95 | D50: 1800 | E50: 3510 | G50: Mba Dian | H50: 38.5 | I50: 49053 | N50: 47 | O50: Styrofoam | P50: =VLOOKUP(O50,KamiBox!$C$2:$F$58,4,0) -> 400 | Q50: =SUMIF($B$3:$B$394,O50,$C$3:$C$394) -> 0.25 | R50: =P50*Q50 -> 100 | T50: 47 | U50: Styrofoam | V50: =VLOOKUP(U50,KamiBox!$C$2:$F$58,4,0) -> 400 | X50: =V50*W50 -> 0
A51: Bu Ecin Dwi | B51: Tutup Galon | C51: 0.1 | D51: 3500 | E51: 350 | G51: Mbak Nurhayati | H51: 39.55 | I51: 65783 | N51: 48 | O51: Tembaga | P51: =VLOOKUP(O51,KamiBox!$C$2:$F$58,4,0) -> 60000 | Q51: =SUMIF($B$3:$B$394,O51,$C$3:$C$394) -> 0 | R51: =P51*Q51 -> 0 | T51: 48 | U51: Tembaga | V51: =VLOOKUP(U51,KamiBox!$C$2:$F$58,4,0) -> 60000 | X51: =V51*W51 -> 0
A52: Bu Ecin Dwi | B52: Tutup Botol | C52: 0.15 | D52: 2500 | E52: 375 | G52: Oma Carrisa | H52: 11.15 | I52: 15935 | N52: 49 | O52: Tetrapak/UBC | P52: =VLOOKUP(O52,KamiBox!$C$2:$F$58,4,0) -> 150 | Q52: =SUMIF($B$3:$B$394,O52,$C$3:$C$394) -> 0 | R52: =P52*Q52 -> 0 | T52: 49 | U52: Tetrapak/UBC | V52: =VLOOKUP(U52,KamiBox!$C$2:$F$58,4,0) -> 150 | X52: =V52*W52 -> 0
A53: Bu Ecin Dwi | B53: Botol PET bersih | C53: 0.75 | D53: 2800 | E53: 2100 | G53: Pak Soleh | H53: 9.7 | I53: 12585 | N53: 50 | O53: Tutup Botol | P53: =VLOOKUP(O53,KamiBox!$C$2:$F$58,4,0) -> 3000 | Q53: =SUMIF($B$3:$B$394,O53,$C$3:$C$394) -> 5.55 | R53: =P53*Q53 -> 16650 | T53: 50 | U53: Tutup Botol | V53: =VLOOKUP(U53,KamiBox!$C$2:$F$58,4,0) -> 3000 | X53: =V53*W53 -> 0
A54: Bu Ecin Dwi | B54: Plastik Multilayer | C54: 1.6 | D54: 300 | E54: 480 | G54: Pak Wawan | H54: 8.65 | I54: 10960 | N54: 51 | O54: Tutup Galon | P54: =VLOOKUP(O54,KamiBox!$C$2:$F$58,4,0) -> 4500 | Q54: =SUMIF($B$3:$B$394,O54,$C$3:$C$394) -> 0.55 | R54: =P54*Q54 -> 2475 | T54: 51 | U54: Tutup Galon | V54: =VLOOKUP(U54,KamiBox!$C$2:$F$58,4,0) -> 4500 | X54: =V54*W54 -> 0
A55: Bu Ecin Dwi | B55: Gelas PP Bersih (bening) | C55: 0.95 | D55: 3500 | E55: 3325 | G55: Sahabat Qur'An | H55: 15.45 | I55: 14325 | N55: 52 | O55: TV | P55: =VLOOKUP(O55,KamiBox!$C$2:$F$58,4,0) -> 20000 | Q55: =SUMIF($B$3:$B$394,O55,$C$3:$C$394) -> 0 | R55: =P55*Q55 -> 0 | T55: 52 | U55: TV | V55: =VLOOKUP(U55,KamiBox!$C$2:$F$58,4,0) -> 20000 | X55: =V55*W55 -> 0
A56: Bu Ecin Dwi | B56: Kardus | C56: 9.3 | D56: 1000 | E56: 9300 | G56: Selly | H56: 16.7 | I56: 20945 | N56: 53 | O56: Yakult | P56: =VLOOKUP(O56,KamiBox!$C$2:$F$58,4,0) -> 1000 | Q56: =SUMIF($B$3:$B$394,O56,$C$3:$C$394) -> 0 | R56: =P56*Q56 -> 0 | T56: 53 | U56: Yakult | V56: =VLOOKUP(U56,KamiBox!$C$2:$F$58,4,0) -> 1000 | X56: =V56*W56 -> 0
A57: Bu Fatimah | B57: Botol PET Kotor | C57: 2 | D57: 1600 | E57: 3200 | G57: Vena | H57: 3.7 | I57: 3090 | N57: 54 | O57: Karung | P57: =VLOOKUP(O57,KamiBox!$C$2:$F$58,4,0) -> 1200 | Q57: =SUMIF($B$3:$B$394,O57,$C$3:$C$394) -> 3.8 | R57: =P57*Q57 -> 4560 | T57: 54 | U57: Karung | V57: =VLOOKUP(U57,KamiBox!$C$2:$F$58,4,0) -> 1200 | X57: =V57*W57 -> 0
A58: Bu Fatimah | B58: Gabrukan | C58: 4.8 | D58: 1000 | E58: 4800 | G58: Vina RT 3 | H58: 12.35 | I58: 5188 | P58: TOTAL | Q58: =SUM(Q4:Q57) -> 647.38 | R58: =SUM(R4:R57) -> 899796 | V58: TOTAL | W58: =SUM(W4:W57) -> 188.4 | X58: =SUM(X4:X57) -> 367335
A59: Bu Fatimah | B59: Kardus | C59: 7.15 | D59: 1000 | E59: 7150 | G59: Warbi Warmindo | H59: 2.1 | I59: 6305
A60: Bu Fisca | B60: MIX A/Boncos | C60: 0.35 | D60: 500 | E60: 175 | G60: Bank Sampah Dasana UB | H60: 63.6 | I60: 327280
A61: Bu Fisca | B61: Kaleng | C61: 0.2 | D61: 1500 | E61: 300 | G61: Bu Sinta UE | H61: 16.6 | I61: 4980
A62: Bu Fisca | B62: Botol Kaca Bening/Putih | C62: 0.9 | D62: 150 | E62: 135 | G62: Danang Warmindo | H62: 2.9 | I62: 870
A63: Bu Fisca | B63: Tutup Botol | C63: 0.4 | D63: 2500 | E63: 1000 | G63: Pak Jamil Warmindo | H63: 1 | I63: 300
A64: Bu Fisca | B64: Gelas PP Warna | C64: 0.7 | D64: 1600 | E64: 1120 | G64: Grand Total | H64: 825.68 | I64: 1336265
A65: Bu Fisca | B65: Plastik Multilayer | C65: 5.3 | D65: 300 | E65: 1590
A66: Bu Fisca | B66: Botol PET bersih | C66: 2.7 | D66: 2800 | E66: 7560
A67: Bu Hadiyana | B67: Emberan | C67: 0.05 | D67: 1000 | E67: 50
A68: Bu Hadiyana | B68: Gelas PP Warna | C68: 0.45 | D68: 1600 | E68: 720
A69: Bu Hadiyana | B69: Asoy | C69: 0.35 | D69: 500 | E69: 175
A70: Bu Hadiyana | B70: Plastik PE | C70: 0.45 | D70: 800 | E70: 360
A71: Bu Hadiyana | B71: Kardus | C71: 19.5 | D71: 1000 | E71: 19500
A72: Bu Hadiyana | B72: Besi | C72: 1.5 | D72: 2500 | E72: 3750
A73: Bu Hadiyana | B73: Tutup Botol | C73: 0.55 | D73: 2500 | E73: 1375
A74: Bu Hadiyana | B74: Tutup Galon | C74: 0.2 | D74: 3500 | E74: 700
A75: Bu Hadiyana | B75: MIX A/Boncos | C75: 1.25 | D75: 500 | E75: 625
A76: Bu Hadiyana | B76: Buku, majalah, brosur, koran | C76: 14.55 | D76: 800 | E76: 11640
... A380: Vena | B380: Plastik Multilayer | C380: 0.4 | D380: 300 | E380: 120
A381: Bank Sampah Dasana UB | B381: Plastik Multilayer | C381: 16 | D381: 300 | E381: =C381*D381 -> 4800
A382: Bank Sampah Dasana UB | B382: Asoy | C382: 1.6 | D382: 300 | E382: =C382*D382 -> 480
A383: Bank Sampah Dasana UB | B383: Jelantah | C383: 46 | D383: 7000 | E383: =C383*D383 -> 322000
A384: Bu Sinta UE | B384: Plastik Multilayer | C384: 16.6 | D384: 300 | E384: =C384*D384 -> 4980
A385: Vina RT 3 | B385: Botol Kaca Bening/Putih | C385: 1.45 | D385: 150 | E385: 218
A386: Vina RT 3 | B386: Botol Kaca Coklat/Merah | C386: 0.8 | D386: 600 | E386: 480
A387: Vina RT 3 | B387: Botol Kaca Hijau | C387: 5.7 | D387: 80 | E387: 456
A388: Vina RT 3 | B388: Emberan | C388: 0.25 | D388: 1000 | E388: 250
A389: Vina RT 3 | B389: Botol Kaca Hijau | C389: 2.3 | D389: 80 | E389: 184
A390: Vina RT 3 | B390: Emberan | C390: 0.5 | D390: 1000 | E390: 500
A391: Vina RT 3 | B391: Aluminium Rongsok | C391: 0.25 | D391: 8000 | E391: 2000
A392: Vina RT 3 | B392: Gabrukan | C392: 1.1 | D392: 1000 | E392: 1100
A393: Warbi Warmindo | B393: Botol PET Kotor | C393: 0.55 | D393: 1600 | E393: 880
A394: Warbi Warmindo | B394: Gelas PP Bersih (bening) | C394: 1.55 | D394: 3500 | E394: 5425
C395: =SUM(C3:C394) -> 825.68 | E395: =SUM(E3:E394) -> 1336265

Sheet 30-5-26
A2: No | B2: Nama | C2: RT | D2: Jenis Sampah | E2: Harga | F2: Berat | G2: Total Harga | I2: Row Labels | J2: Sum of Total Harga | L2: Row Labels | M2: Sum of Berat | N2: Sum of Total Harga | P2: Timbangan Kami Box | S2: Sabtu, 30 Mei 2026 | V2: Timbangan Kami Box | Y2: Sabtu, 30 Mei 2026
A3: 1 | B3: Bu Neni | C3: 4 | D3: Kardus | E3: 1000 | F3: 0.95 | G3: =E3*F3 -> 950 | I3: Bu Angga | J3: 8467.5 | L3: Asoy | M3: 20.9 | N3: 4180 | P3: No | Q3: Jenis Sampah | R3: Harga | S3: Berat | T3: Total Harga | V3: No | W3: Jenis Sampah | X3: Harga | Y3: Berat | Z3: Total Harga
A4: 1 | B4: Bu Neni | D4: Plastik Multilayer | E4: 300 | F4: 1.85 | G4: =E4*F4 -> 555 | I4: Bu Ani | J4: 13817.5 | L4: Besi | M4: 16 | N4: 40000 | P4: 1 | Q4: AC | R4: =VLOOKUP(Q4,KamiBox!$C$2:$F$58,4,0) -> 200000 | S4: =SUMIF($D$3:$D$382,Q4,$F$3:$F$382) -> 0 | T4: =R4*S4 -> 0 | V4: 1 | W4: AC | X4: =VLOOKUP(W4,KamiBox!$C$2:$F$58,4,0) -> 200000 | Z4: =X4*Y4 -> 0
A5: 1 | B5: Bu Neni | D5: Botol PET bersih | E5: 2800 | F5: 0.2 | G5: =E5*F5 -> 560 | I5: Bu Anwar | J5: 3515 | L5: Botol Kaca Bening/Putih | M5: 40.95 | N5: 6142.5 | P5: 2 | Q5: Aki | R5: =VLOOKUP(Q5,KamiBox!$C$2:$F$58,4,0) -> 9000 | S5: =SUMIF($D$3:$D$382,Q5,$F$3:$F$382) -> 0 | T5: =R5*S5 -> 0 | V5: 2 | W5: Aki | X5: =VLOOKUP(W5,KamiBox!$C$2:$F$58,4,0) -> 9000 | Z5: =X5*Y5 -> 0
A6: 1 | B6: Bu Neni | D6: Botol Kaca Bening/Putih | E6: 150 | F6: 0.55 | G6: =E6*F6 -> 82.5 | I6: Bu Betria | J6: 24055 | L6: Botol PET bersih | M6: 78.5 | N6: 219800 | P6: 3 | Q6: Akrilik Putih | R6: =VLOOKUP(Q6,KamiBox!$C$2:$F$58,4,0) -> 4000 | S6: =SUMIF($D$3:$D$382,Q6,$F$3:$F$382) -> 0 | T6: =R6*S6 -> 0 | V6: 3 | W6: Akrilik Putih | X6: =VLOOKUP(W6,KamiBox!$C$2:$F$58,4,0) -> 4000 | Z6: =X6*Y6 -> 0
A7: 1 | B7: Bu Neni | D7: Emberan | E7: 1000 | F7: =1.3+1.35 -> 2.65 | G7: =E7*F7 -> 2650 | I7: Bu Ecin Dwi | J7: 14960 | L7: Botol PET Kotor | M7: 10.05 | N7: 16080 | P7: 4 | Q7: Alumunium | R7: =VLOOKUP(Q7,KamiBox!$C$2:$F$58,4,0) -> 10000 | S7: =SUMIF($D$3:$D$382,Q7,$F$3:$F$382) -> 0.9 | T7: =R7*S7 -> 9000 | V7: 4 | W7: Alumunium | X7: =VLOOKUP(W7,KamiBox!$C$2:$F$58,4,0) -> 10000 | Z7: =X7*Y7 -> 0
A8: 1 | B8: Bu Neni | D8: Plastik PE | E8: 800 | F8: 0.15 | G8: =E8*F8 -> 120 | I8: Bu Eva | J8: 9270 | L8: Buku, majalah, brosur, koran | M8: 22.15 | N8: 17720 | P8: 5 | Q8: Arsip | R8: =VLOOKUP(Q8,KamiBox!$C$2:$F$58,4,0) -> 1000 | S8: =SUMIF($D$3:$D$382,Q8,$F$3:$F$382) -> 0 | T8: =R8*S8 -> 0 | V8: 5 | W8: Arsip | X8: =VLOOKUP(W8,KamiBox!$C$2:$F$58,4,0) -> 1000 | Z8: =X8*Y8 -> 0
A9: 1 | B9: Bu Neni | D9: Asoy | E9: 200 | F9: 0.65 | G9: =E9*F9 -> 130 | I9: Bu Fatimah | J9: 32012.5 | L9: Emberan | M9: 75.2 | N9: 75200 | P9: 6 | Q9: Asoy | R9: =VLOOKUP(Q9,KamiBox!$C$2:$F$58,4,0) -> 1500 | S9: 0 | T9: =R9*S9 -> 0 | V9: 6 | W9: Asoy | X9: =VLOOKUP(W9,KamiBox!$C$2:$F$58,4,0) -> 1500 | Y9: 17.4 | Z9: =X9*Y9 -> 26100
A10: 1 | B10: Bu Neni | D10: Besi | E10: 2500 | F10: =0.45+0.7 -> 1.15 | G10: =E10*F10 -> 2875 | I10: Bu Hadiyana | J10: 23027.5 | L10: Gabrukan | M10: 53.6 | N10: 53600 | P10: 7 | Q10: Besi | R10: =VLOOKUP(Q10,KamiBox!$C$2:$F$58,4,0) -> 4000 | S10: 0 | T10: =R10*S10 -> 0 | V10: 7 | W10: Besi | X10: =VLOOKUP(W10,KamiBox!$C$2:$F$58,4,0) -> 4000 | Y10: =SUMIF($D$3:$D$382,W10,$F$3:$F$382) -> 16 | Z10: 65000
A11: 1 | B11: Bu Neni | D11: Gabrukan | E11: 1000 | F11: 0.3 | G11: =E11*F11 -> 300 | I11: Bu Halimah | J11: 12870 | L11: Galon PC | M11: 1.4 | N11: 3500 | P11: 8 | Q11: Boncos Kotor | R11: =VLOOKUP(Q11,KamiBox!$C$2:$F$58,4,0) -> 400 | S11: =SUMIF($D$3:$D$382,Q11,$F$3:$F$382) -> 0 | T11: =R11*S11 -> 0 | V11: 8 | W11: Boncos Kotor | X11: =VLOOKUP(W11,KamiBox!$C$2:$F$58,4,0) -> 400 | Z11: =X11*Y11 -> 0
A12: 2 | B12: Bu Fatimah | C12: 3 | D12: Emberan | E12: 1000 | F12: 4.15 | G12: =E12*F12 -> 4150 | I12: Bu Irma | J12: 1285 | L12: Gelas PP Warna | M12: 2.05 | N12: 2640 | P12: 9 | Q12: Botol Kaca Hijau | R12: =VLOOKUP(Q12,KamiBox!$C$2:$F$58,4,0) -> 100 | S12: =SUMIF($D$3:$D$382,Q12,$F$3:$F$382) -> 0 | T12: =R12*S12 -> 0 | V12: 9 | W12: Botol Kaca Hijau | X12: =VLOOKUP(W12,KamiBox!$C$2:$F$58,4,0) -> 100 | Z12: =X12*Y12 -> 0
A13: 2 | B13: Bu Fatimah | D13: Styrofoam | E13: 150 | F13: 1.35 | G13: =E13*F13 -> 202.5 | I13: Bu Lilis | J13: 52985 | L13: Handphone | M13: 1 | N13: 1800 | P13: 10 | Q13: Botol Kaca Bening/Putih | R13: =VLOOKUP(Q13,KamiBox!$C$2:$F$58,4,0) -> 200 | S13: =SUMIF($D$3:$D$382,Q13,$F$3:$F$382) -> 40.95 | T13: =R13*S13 -> 8190 | V13: 10 | W13: Botol Kaca Bening/Putih | X13: =VLOOKUP(W13,KamiBox!$C$2:$F$58,4,0) -> 200 | Z13: =X13*Y13 -> 0
A14: 2 | B14: Bu Fatimah | D14: Kardus | E14: 1000 | F14: 15.3 | G14: =E14*F14 -> 15300 | I14: Bu Minah | J14: 8155 | L14: HVS/Putihan | M14: 34.15 | N14: 47810 | P14: 11 | Q14: Botol Kaca Campur | R14: =VLOOKUP(Q14,KamiBox!$C$2:$F$58,4,0) -> 100 | S14: =SUMIF($D$3:$D$382,Q14,$F$3:$F$382) -> 0 | T14: =R14*S14 -> 0 | V14: 11 | W14: Botol Kaca Campur | X14: =VLOOKUP(W14,KamiBox!$C$2:$F$58,4,0) -> 100 | Z14: =X14*Y14 -> 0
A15: 2 | B15: Bu Fatimah | D15: Buku, majalah, brosur, koran | E15: 800 | F15: 5.15 | G15: =E15*F15 -> 4120 | I15: Bu Natira Salmawati | J15: 81762.5 | L15: Jelantah | M15: 19.15 | N15: 69600 | P15: 12 | Q15: Botol Kaca Coklat/Merah | R15: =VLOOKUP(Q15,KamiBox!$C$2:$F$58,4,0) -> 800 | S15: =SUMIF($D$3:$D$382,Q15,$F$3:$F$382) -> 0 | T15: =R15*S15 -> 0 | V15: 12 | W15: Botol Kaca Coklat/Merah | X15: =VLOOKUP(W15,KamiBox!$C$2:$F$58,4,0) -> 800 | Z15: =X15*Y15 -> 0
A16: 2 | B16: Bu Fatimah | D16: Botol PET Kotor | E16: 1600 | F16: 4.65 | G16: =E16*F16 -> 7440 | I16: Bu Neni | J16: 8222.5 | L16: Kaleng | M16: 15.65 | N16: 21225 | P16: 13 | Q16: Botol PET bersih | R16: =VLOOKUP(Q16,KamiBox!$C$2:$F$58,4,0) -> 5000 | S16: =SUMIF($D$3:$D$382,Q16,$F$3:$F$382)+5 -> 83.5 | T16: =R16*S16 -> 417500 | V16: 13 | W16: Botol PET bersih | X16: =VLOOKUP(W16,KamiBox!$C$2:$F$58,4,0) -> 5000 | Z16: =X16*Y16 -> 0
A17: 2 | B17: Bu Fatimah | D17: Gabrukan | E17: 1000 | F17: 0.8 | G17: =E17*F17 -> 800 | I17: Bu Nita | J17: 5575 | L17: Kardus | M17: 184.55 | N17: 179550 | P17: 14 | Q17: Botol PET Kotor | R17: =VLOOKUP(Q17,KamiBox!$C$2:$F$58,4,0) -> 2500 | S17: =SUMIF($D$3:$D$382,Q17,$F$3:$F$382)-5 -> 5.05 | T17: =R17*S17 -> 12625 | V17: 14 | W17: Botol PET Kotor | X17: =VLOOKUP(W17,KamiBox!$C$2:$F$58,4,0) -> 2500 | Z17: =X17*Y17 -> 0
A18: 3 | B18: Bu Sinta UE | C18: UE | D18: Plastik Multilayer | E18: 300 | F18: =4.6+2.15+11.35 -> 18.1 | G18: =E18*F18 -> 5430 | I18: Bu Nurhayati | J18: 16287.5 | L18: Karung | M18: 0.1 | N18: 40 | P18: 15 | Q18: Botol Plastik Kemasan Campur | R18: =VLOOKUP(Q18,KamiBox!$C$2:$F$58,4,0) -> 1000 | S18: =SUMIF($D$3:$D$382,Q18,$F$3:$F$382) -> 0 | T18: =R18*S18 -> 0 | V18: 15 | W18: Botol Plastik Kemasan Campur | X18: =VLOOKUP(W18,KamiBox!$C$2:$F$58,4,0) -> 1000 | Z18: =X18*Y18 -> 0
A19: 4 | B19: Bu Satini | C19: 4 | D19: Botol PET bersih | E19: 2800 | F19: =0.3+0.55 -> 0.85 | G19: =E19*F19 -> 2380 | I19: Bu Nurlayli | J19: 1615 | L19: Kristal Putih | M19: 0.25 | N19: 675 | P19: 16 | Q19: Buku, majalah, brosur, koran | R19: =VLOOKUP(Q19,KamiBox!$C$2:$F$58,4,0) -> 1000 | S19: =SUMIF($D$3:$D$382,Q19,$F$3:$F$382) -> 22.15 | T19: =R19*S19 -> 22150 | V19: 16 | W19: Buku, majalah, brosur, koran | X19: =VLOOKUP(W19,KamiBox!$C$2:$F$58,4,0) -> 1000 | Z19: =X19*Y19 -> 0
A20: 4 | B20: Bu Satini | D20: Asoy | E20: 200 | F20: 0.75 | G20: =E20*F20 -> 150 | I20: Bu Purwani | J20: 5510 | L20: MIX A/Boncos | M20: 30.85 | N20: 14825 | P20: 17 | Q20: Emberan | R20: =VLOOKUP(Q20,KamiBox!$C$2:$F$58,4,0) -> 1200 | S20: =SUMIF($D$3:$D$382,Q20,$F$3:$F$382) -> 75.2 | T20: =R20*S20 -> 90240 | V20: 17 | W20: Emberan | X20: =VLOOKUP(W20,KamiBox!$C$2:$F$58,4,0) -> 1200 | Z20: =X20*Y20 -> 0
A21: 4 | B21: Bu Satini | D21: Tutup Botol | E21: 2500 | F21: 0.15 | G21: =E21*F21 -> 375 | I21: Bu Ratu Tuti | J21: 7910 | L21: Plastik Multilayer | M21: 71.95 | N21: 21270 | P21: 18 | Q21: Gabrukan | R21: =VLOOKUP(Q21,KamiBox!$C$2:$F$58,4,0) -> 1000 | S21: =SUMIF($D$3:$D$382,Q21,$F$3:$F$382) -> 53.6 | T21: =R21*S21 -> 53600 | V21: 18 | W21: Gabrukan | X21: =VLOOKUP(W21,KamiBox!$C$2:$F$58,4,0) -> 1000 | Z21: =X21*Y21 -> 0
A22: 4 | B22: Bu Satini | D22: Emberan | E22: 1000 | F22: =0.85+0.1+0.05 -> 1 | G22: =E22*F22 -> 1000 | I22: Bu Rina | J22: 11885 | L22: Plastik PE | M22: 4 | N22: 3200 | P22: 19 | Q22: Galon PC | R22: =VLOOKUP(Q22,KamiBox!$C$2:$F$58,4,0) -> 3000 | S22: =SUMIF($D$3:$D$382,Q22,$F$3:$F$382) -> 1.4 | T22: =R22*S22 -> 4200 | V22: 19 | W22: Galon PC | X22: =VLOOKUP(W22,KamiBox!$C$2:$F$58,4,0) -> 3000 | Z22: =X22*Y22 -> 0
A23: 4 | B23: Bu Satini | D23: Kristal Putih | E23: 2700 | F23: 0.1 | G23: =E23*F23 -> 270 | I23: Bu Riris | J23: 11777.5 | L23: Plastik PP | M23: 0.6 | N23: 600 | P23: 20 | Q23: Gelas PP Bersih | R23: =VLOOKUP(Q23,KamiBox!$C$2:$F$58,4,0) -> 4000 | S23: =SUMIF($D$3:$D$382,Q23,$F$3:$F$382)+1 -> 5 | T23: =R23*S23 -> 20000 | V23: 20 | W23: Gelas PP Bersih | X23: =VLOOKUP(W23,KamiBox!$C$2:$F$58,4,0) -> 4000 | Z23: =X23*Y23 -> 0
A24: 4 | B24: Bu Satini | D24: Kaleng | E24: 1500 | F24: 0.3 | G24: =E24*F24 -> 450 | I24: Bu Rumiyati | J24: 24905 | L24: Seng/Kawat | M24: 1.6 | N24: 800 | P24: 21 | Q24: Gelas PP Warna | R24: =VLOOKUP(Q24,KamiBox!$C$2:$F$58,4,0) -> 2000 | S24: =SUMIF($D$3:$D$382,Q24,$F$3:$F$382)-1 -> 1.05 | T24: =R24*S24 -> 2100 | V24: 21 | W24: Gelas PP Warna | X24: =VLOOKUP(W24,KamiBox!$C$2:$F$58,4,0) -> 2000 | Z24: =X24*Y24 -> 0
A25: 4 | B25: Bu Satini | D25: Plastik Multilayer | E25: 300 | F25: 0.15 | G25: =E25*F25 -> 45 | I25: Bu Sandra | J25: 12725 | L25: STAL/Kabin/Enamel | M25: 14.75 | N25: 26550 | P25: 22 | Q25: Handphone | R25: =VLOOKUP(Q25,KamiBox!$C$2:$F$58,4,0) -> 5000 | S25: =SUMIF($D$3:$D$382,Q25,$F$3:$F$382) -> 1 | T25: =R25*S25 -> 5000 | V25: 22 | W25: Handphone | X25: =VLOOKUP(W25,KamiBox!$C$2:$F$58,4,0) -> 5000 | Z25: =X25*Y25 -> 0
A26: 4 | B26: Bu Satini | D26: Botol Kaca Bening/Putih | E26: 150 | F26: 0.6 | G26: =E26*F26 -> 90 | I26: Bu Sariyanti | J26: 3750 | L26: Styrofoam | M26: 1.4 | N26: 210 | P26: 23 | Q26: HVS/Putihan | R26: =VLOOKUP(Q26,KamiBox!$C$2:$F$58,4,0) -> 2000 | S26: =SUMIF($D$3:$D$382,Q26,$F$3:$F$382) -> 34.15 | T26: =R26*S26 -> 68300 | V26: 23 | W26: HVS/Putihan | X26: =VLOOKUP(W26,KamiBox!$C$2:$F$58,4,0) -> 2000 | Z26: =X26*Y26 -> 0
A27: 4 | B27: Bu Satini | D27: Kardus | E27: 1000 | F27: 5.5 | G27: =E27*F27 -> 5500 | I27: Bu Sarti | J27: 9245 | L27: Tutup Botol | M27: 6.25 | N27: 15625 | P27: 24 | Q27: Impact | R27: =VLOOKUP(Q27,KamiBox!$C$2:$F$58,4,0) -> 700 | S27: =SUMIF($D$3:$D$382,Q27,$F$3:$F$382) -> 0 | T27: =R27*S27 -> 0 | V27: 24 | W27: Impact | X27: =VLOOKUP(W27,KamiBox!$C$2:$F$58,4,0) -> 700 | Z27: =X27*Y27 -> 0
A28: 4 | B28: Bu Satini | D28: STAL/Kabin/Enamel | E28: 1800 | F28: 1.2 | G28: =E28*F28 -> 2160 | I28: Bu Satini | J28: 12420 | L28: Tutup Galon | M28: 0.6 | N28: 2100 | P28: 25 | Q28: Jelantah | R28: =VLOOKUP(Q28,KamiBox!$C$2:$F$58,4,0) -> 7000 | S28: =SUMIF($D$3:$D$382,Q28,$F$3:$F$382) -> 19.15 | T28: =R28*S28 -> 134050 | V28: 25 | W28: Jelantah | X28: =VLOOKUP(W28,KamiBox!$C$2:$F$58,4,0) -> 7000 | Z28: =X28*Y28 -> 0
A29: 5 | B29: Oma Carrisa | C29: 5 | D29: Plastik Multilayer | E29: 300 | F29: =1.35+0.75+0.7+0.25 -> 3.05 | G29: =E29*F29 -> 915 | I29: Bu Sinta UE | J29: 5430 | L29: alumunium2 | M29: 0.9 | N29: 7200 | P29: 26 | Q29: Kabel | R29: =VLOOKUP(Q29,KamiBox!$C$2:$F$58,4,0) -> 1500 | S29: =SUMIF($D$3:$D$382,Q29,$F$3:$F$382) -> 0 | T29: =R29*S29 -> 0 | V29: 26 | W29: Kabel | X29: =VLOOKUP(W29,KamiBox!$C$2:$F$58,4,0) -> 1500 | Z29: =X29*Y29 -> 0
A30: 5 | B30: Oma Carrisa | D30: Asoy | E30: 200 | F30: =0.25+0.8 -> 1.05 | G30: =E30*F30 -> 210 | I30: Bu Siti Alfiyah | J30: 1280 | L30: Gelas PP Bersih | M30: 4 | N30: 14000 | P30: 27 | Q30: Kabin | R30: =VLOOKUP(Q30,KamiBox!$C$2:$F$58,4,0) -> 2000 | S30: 14.75 | T30: =R30*S30 -> 29500 | V30: 27 | W30: Kabin | X30: =VLOOKUP(W30,KamiBox!$C$2:$F$58,4,0) -> 2000 | Z30: =X30*Y30 -> 0
A31: 5 | B31: Oma Carrisa | D31: Plastik PE | E31: 800 | F31: 0.35 | G31: =E31*F31 -> 280 | I31: Bu Siti Mutmainah | J31: 6820 | L31: Grand Total | M31: 712.55 | N31: 865942.5 | P31: 28 | Q31: Kaca | R31: =VLOOKUP(Q31,KamiBox!$C$2:$F$58,4,0) -> 100 | S31: =SUMIF($D$3:$D$382,Q31,$F$3:$F$382) -> 0 | T31: =R31*S31 -> 0 | V31: 28 | W31: Kaca | X31: =VLOOKUP(W31,KamiBox!$C$2:$F$58,4,0) -> 100 | Z31: =X31*Y31 -> 0
A32: 5 | B32: Oma Carrisa | D32: MIX A/Boncos | E32: 500 | F32: 3.35 | G32: =E32*F32 -> 1675 | I32: Bu Suci | J32: 8545 | P32: 29 | Q32: Kaleng | R32: =VLOOKUP(Q32,KamiBox!$C$2:$F$58,4,0) -> 2000 | S32: =SUMIF($D$3:$D$382,Q32,$F$3:$F$382) -> 15.65 | T32: =R32*S32 -> 31300 | V32: 29 | W32: Kaleng | X32: =VLOOKUP(W32,KamiBox!$C$2:$F$58,4,0) -> 2000 | Z32: =X32*Y32 -> 0
A33: 5 | B33: Oma Carrisa | D33: Emberan | E33: 1000 | F33: =3.55+0.45+3.5+5.25+1.7 -> 14.45 | G33: =E33*F33 -> 14450 | I33: Bu Suriya | J33: 15005 | P33: 30 | Q33: Kantung Semen | R33: =VLOOKUP(Q33,KamiBox!$C$2:$F$58,4,0) -> 1800 | S33: =SUMIF($D$3:$D$382,Q33,$F$3:$F$382) -> 0 | T33: =R33*S33 -> 0 | V33: 30 | W33: Kantung Semen | X33: =VLOOKUP(W33,KamiBox!$C$2:$F$58,4,0) -> 1800 | Z33: =X33*Y33 -> 0
A34: 5 | B34: Oma Carrisa | D34: Kardus | E34: 1000 | F34: 12.2 | G34: =E34*F34 -> 12200 | I34: Bu Termin | J34: 12257.5 | P34: 31 | Q34: Kardus | R34: =VLOOKUP(Q34,KamiBox!$C$2:$F$58,4,0) -> 1800 | S34: =SUMIF($D$3:$D$382,Q34,$F$3:$F$382) -> 184.55 | T34: =R34*S34 -> 332190 | V34: 31 | W34: Kardus | X34: =VLOOKUP(W34,KamiBox!$C$2:$F$58,4,0) -> 1800 | Z34: =X34*Y34 -> 0
A35: 5 | B35: Oma Carrisa | D35: Kaleng | E35: 1500 | F35: =0.45+0.65 -> 1.1 | G35: =E35*F35 -> 1650 | I35: Bu Tetty Hamdi | J35: 30042.5 | P35: 32 | Q35: Kaset CD | R35: =VLOOKUP(Q35,KamiBox!$C$2:$F$58,4,0) -> 4000 | S35: =SUMIF($D$3:$D$382,Q35,$F$3:$F$382) -> 0 | T35: =R35*S35 -> 0 | V35: 32 | W35: Kaset CD | X35: =VLOOKUP(W35,KamiBox!$C$2:$F$58,4,0) -> 4000 | Z35: =X35*Y35 -> 0
A36: 5 | B36: Oma Carrisa | D36: Botol Kaca Bening/Putih | E36: 150 | F36: 3.85 | G36: =E36*F36 -> 577.5 | I36: Bu Tria Blok Uc | J36: 4345 | P36: 33 | Q36: Komputer | R36: =VLOOKUP(Q36,KamiBox!$C$2:$F$58,4,0) -> 60000 | S36: =SUMIF($D$3:$D$382,Q36,$F$3:$F$382) -> 0 | T36: =R36*S36 -> 0 | V36: 33 | W36: Komputer | X36: =VLOOKUP(W36,KamiBox!$C$2:$F$58,4,0) -> 60000 | Z36: =X36*Y36 -> 0
A37: 5 | B37: Oma Carrisa | D37: HVS/Putihan | E37: 1400 | F37: 5.5 | G37: =E37*F37 -> 7700 | I37: Bu Tunut | J37: 40557.5 | P37: 34 | Q37: Kones | R37: =VLOOKUP(Q37,KamiBox!$C$2:$F$58,4,0) -> 700 | S37: =SUMIF($D$3:$D$382,Q37,$F$3:$F$382) -> 0 | T37: =R37*S37 -> 0 | V37: 34 | W37: Kones | X37: =VLOOKUP(W37,KamiBox!$C$2:$F$58,4,0) -> 700 | Z37: =X37*Y37 -> 0
A38: 5 | B38: Oma Carrisa | D38: Buku, majalah, brosur, koran | E38: 800 | F38: 3.95 | G38: =E38*F38 -> 3160 | I38: Bu Vivi | J38: 2437.5 | P38: 35 | Q38: Kristal Putih | R38: =VLOOKUP(Q38,KamiBox!$C$2:$F$58,4,0) -> 4000 | S38: =SUMIF($D$3:$D$382,Q38,$F$3:$F$382) -> 0.25 | T38: =R38*S38 -> 1000 | V38: 35 | W38: Kristal Putih | X38: =VLOOKUP(W38,KamiBox!$C$2:$F$58,4,0) -> 4000 | Z38: =X38*Y38 -> 0
A39: 5 | B39: Oma Carrisa | D39: Botol PET bersih | E39: 2800 | F39: 3.45 | G39: =E39*F39 -> 9660 | I39: Bu Widodo | J39: 20365 | P39: 36 | Q39: Kulkas | R39: =VLOOKUP(Q39,KamiBox!$C$2:$F$58,4,0) -> 50000 | S39: =SUMIF($D$3:$D$382,Q39,$F$3:$F$382) -> 0 | T39: =R39*S39 -> 0 | V39: 36 | W39: Kulkas | X39: =VLOOKUP(W39,KamiBox!$C$2:$F$58,4,0) -> 50000 | Z39: =X39*Y39 -> 0
A40: 6 | B40: Bu Ecin Dwi | C40: 5 | D40: Gabrukan | E40: 1000 | F40: 0.1 | G40: =E40*F40 -> 100 | I40: Bu Wiwin | J40: 21080 | P40: 37 | Q40: Kuningan | R40: =VLOOKUP(Q40,KamiBox!$C$2:$F$58,4,0) -> 35000 | S40: =SUMIF($D$3:$D$382,Q40,$F$3:$F$382) -> 0 | T40: =R40*S40 -> 0 | V40: 37 | W40: Kuningan | X40: =VLOOKUP(W40,KamiBox!$C$2:$F$58,4,0) -> 35000 | Z40: =X40*Y40 -> 0
A41: 6 | B41: Bu Ecin Dwi | D41: Botol PET bersih | E41: 2800 | F41: 0.1 | G41: =E41*F41 -> 280 | I41: Bu Yanti Bela | J41: 32357.5 | P41: 38 | Q41: Mesin Cuci | R41: =VLOOKUP(Q41,KamiBox!$C$2:$F$58,4,0) -> 50000 | S41: =SUMIF($D$3:$D$382,Q41,$F$3:$F$382) -> 0 | T41: =R41*S41 -> 0 | V41: 38 | W41: Mesin Cuci | X41: =VLOOKUP(W41,KamiBox!$C$2:$F$58,4,0) -> 50000 | Z41: =X41*Y41 -> 0
A42: 6 | B42: Bu Ecin Dwi | D42: Tutup Botol | E42: 2500 | F42: 0.2 | G42: =E42*F42 -> 500 | I42: Bu Yenvitriati | J42: 7610 | P42: 39 | Q42: Mika | S42: =SUMIF($D$3:$D$382,Q42,$F$3:$F$382) -> 0 | T42: =R42*S42 -> 0 | V42: 39 | W42: Mika | Z42: =X42*Y42 -> 0
A43: 6 | B43: Bu Ecin Dwi | D43: Gelas PP Bersih | E43: 3500 | F43: 0.7 | G43: =E43*F43 -> 2450 | I43: Dame | J43: 4475 | P43: 40 | Q43: MIX A/Boncos | R43: =VLOOKUP(Q43,KamiBox!$C$2:$F$58,4,0) -> 700 | S43: =SUMIF($D$3:$D$382,Q43,$F$3:$F$382) -> 30.85 | T43: =R43*S43 -> 21595 | V43: 40 | W43: MIX A/Boncos | X43: =VLOOKUP(W43,KamiBox!$C$2:$F$58,4,0) -> 700 | Z43: =X43*Y43 -> 0
A44: 6 | B44: Bu Ecin Dwi | D44: Plastik Multilayer | E44: 300 | F44: 1.1 | G44: =E44*F44 -> 330 | I44: Danang | J44: 0 | P44: 41 | Q44: Plastik Minyak goreng | S44: =SUMIF($D$3:$D$382,Q44,$F$3:$F$382) -> 0 | T44: =R44*S44 -> 0 | V44: 41 | W44: Plastik Minyak goreng | Z44: =X44*Y44 -> 0
A45: 6 | B45: Bu Ecin Dwi | D45: Botol PET bersih | E45: 2800 | F45: 0.75 | G45: =E45*F45 -> 2100 | I45: Dipo | J45: 7500 | P45: 42 | Q45: Plastik Multilayer | R45: =VLOOKUP(Q45,KamiBox!$C$2:$F$58,4,0) -> 500 | S45: =SUMIF($D$3:$D$382,Q45,$F$3:$F$382) -> 71.95 | T45: =R45*S45 -> 35975 | V45: 42 | W45: Plastik Multilayer | X45: =VLOOKUP(W45,KamiBox!$C$2:$F$58,4,0) -> 500 | Z45: =X45*Y45 -> 0
A46: 6 | B46: Bu Ecin Dwi | D46: Kardus | E46: 1000 | F46: 9.2 | G46: =E46*F46 -> 9200 | I46: Gloria Rt 5 | J46: 81705 | P46: 43 | Q46: Plastik PE | R46: =VLOOKUP(Q46,KamiBox!$C$2:$F$58,4,0) -> 1700 | S46: 0 | T46: =R46*S46 -> 0 | V46: 43 | W46: Plastik PE | X46: =VLOOKUP(W46,KamiBox!$C$2:$F$58,4,0) -> 1700 | Y46: 5.85 | Z46: =X46*Y46 -> 9945
A47: 7 | B47: Bu Yanti Bela | C47: UB | D47: Jelantah | E47: 4000 | F47: 1.55 | G47: =E47*F47 -> 6200 | I47: Mama Adam | J47: 6307.5 | P47: 44 | Q47: Plastik PP | R47: =VLOOKUP(Q47,KamiBox!$C$2:$F$58,4,0) -> 1700 | S47: 0 | T47: =R47*S47 -> 0 | V47: 44 | W47: Plastik PP | X47: =VLOOKUP(W47,KamiBox!$C$2:$F$58,4,0) -> 1700 | Y47: 0.75 | Z47: =X47*Y47 -> 1275
A48: 7 | B48: Bu Yanti Bela | D48: Botol Kaca Bening/Putih | E48: 150 | F48: 0.45 | G48: =E48*F48 -> 67.5 | I48: Mbak Nurhayati | J48: 8285 | P48: 45 | Q48: PVC | R48: =VLOOKUP(Q48,KamiBox!$C$2:$F$58,4,0) -> 900 | S48: =SUMIF($D$3:$D$382,Q48,$F$3:$F$382) -> 0 | T48: =R48*S48 -> 0 | V48: 45 | W48: PVC | X48: =VLOOKUP(W48,KamiBox!$C$2:$F$58,4,0) -> 900 | Z48: =X48*Y48 -> 0
A49: 7 | B49: Bu Yanti Bela | D49: Kaleng | E49: 1500 | F49: 0.3 | G49: =E49*F49 -> 450 | I49: Nabil | J49: 10600 | P49: 46 | Q49: Seng/Kawat | R49: =VLOOKUP(Q49,KamiBox!$C$2:$F$58,4,0) -> 700 | S49: =SUMIF($D$3:$D$382,Q49,$F$3:$F$382) -> 1.6 | T49: =R49*S49 -> 1120 | V49: 46 | W49: Seng/Kawat | X49: =VLOOKUP(W49,KamiBox!$C$2:$F$58,4,0) -> 700 | Z49: =X49*Y49 -> 0
A50: 7 | B50: Bu Yanti Bela | D50: MIX A/Boncos | E50: 500 | F50: 0.85 | G50: =E50*F50 -> 425 | I50: Novem | J50: 17615 | P50: 47 | Q50: Styrofoam | R50: =VLOOKUP(Q50,KamiBox!$C$2:$F$58,4,0) -> 400 | S50: =SUMIF($D$3:$D$382,Q50,$F$3:$F$382) -> 1.4 | T50: =R50*S50 -> 560 | V50: 47 | W50: Styrofoam | X50: =VLOOKUP(W50,KamiBox!$C$2:$F$58,4,0) -> 400 | Z50: =X50*Y50 -> 0
A51: 7 | B51: Bu Yanti Bela | D51: Botol PET bersih | E51: 2800 | F51: 3.65 | G51: =E51*F51 -> 10220 | I51: Oma Carrisa | J51: 52477.5 | P51: 48 | Q51: Tembaga | R51: =VLOOKUP(Q51,KamiBox!$C$2:$F$58,4,0) -> 60000 | S51: =SUMIF($D$3:$D$382,Q51,$F$3:$F$382) -> 0 | T51: =R51*S51 -> 0 | V51: 48 | W51: Tembaga | X51: =VLOOKUP(W51,KamiBox!$C$2:$F$58,4,0) -> 60000 | Z51: =X51*Y51 -> 0
A52: 7 | B52: Bu Yanti Bela | D52: Gelas PP Warna | E52: 1600 | F52: 0.7 | G52: =E52*F52 -> 1120 | I52: Pak Jamil | J52: 300 | P52: 49 | Q52: Tetrapak/UBC | R52: =VLOOKUP(Q52,KamiBox!$C$2:$F$58,4,0) -> 150 | S52: =SUMIF($D$3:$D$382,Q52,$F$3:$F$382) -> 0 | T52: =R52*S52 -> 0 | V52: 49 | W52: Tetrapak/UBC | X52: =VLOOKUP(W52,KamiBox!$C$2:$F$58,4,0) -> 150 | Z52: =X52*Y52 -> 0
A53: 7 | B53: Bu Yanti Bela | D53: Plastik Multilayer | E53: 300 | F53: 0.95 | G53: =E53*F53 -> 285 | I53: Pak Rudi | J53: 885 | P53: 50 | Q53: Tutup Botol | R53: =VLOOKUP(Q53,KamiBox!$C$2:$F$58,4,0) -> 3000 | S53: =SUMIF($D$3:$D$382,Q53,$F$3:$F$382) -> 6.25 | T53: =R53*S53 -> 18750 | V53: 50 | W53: Tutup Botol | X53: =VLOOKUP(W53,KamiBox!$C$2:$F$58,4,0) -> 3000 | Z53: =X53*Y53 -> 0
