Workbook

Sheet Cashflow
A2: Tanggal | B2: Deskripsi | C2: Masuk | D2: Keluar | E2: Total | F2: Keterangan
B3: Saldo awal | E3: 0
A4: 45864 | B4: Setor sampah | C4: ='12-7-2025'!V67 -> 748802.5 | E4: =IF(AND(C4="",D4=""),"",E3+C4-D4) -> 748802.5 | F4: Jual ke Bu Erta 12 Juli
A5: 45864 | B5: Tabungan nasabah | D5: =GETPIVOTDATA("Sum of Total Harga",'12-7-2025'!$J$2) -> 633711 | E5: =IF(AND(C5="",D5=""),"",E4+C5-D5) -> 115091.5 | F5: Tabungan 12 Juli
A6: 45864 | B6: Konsumsi anggota | D6: 74000 | E6: =IF(AND(C6="",D6=""),"",E5+C6-D6) -> 41091.5 | F6: Soto Pak Beny (Qris)
A7: 45864 | B7: Setor sampah | C7: ='26-7-2025'!AB68 -> 60000 | E7: =IF(AND(C7="",D7=""),"",E6+C7-D7) -> 101091.5 | F7: Jual ke Pak Surat 26 Juli
A8: 45864 | B8: Fotocopy | D8: 10000 | E8: =IF(AND(C8="",D8=""),"",E7+C8-D8) -> 91091.5 | F8: FC daftar hadir (Cash)
A9: 45864 | B9: ATK | D9: 58082 | E9: =IF(AND(C9="",D9=""),"",E8+C9-D9) -> 33009.5
A10: 45878 | B10: Setor sampah | C10: ='26-7-2025'!V68 -> 663626.5 | E10: =IF(AND(C10="",D10=""),"",E9+C10-D10) -> 696636 | F10: Jual ke Bu Erta 26 Juli
A11: 45878 | B11: Tabungan nasabah | D11: =GETPIVOTDATA("Sum of Total Harga",'26-7-2025'!$J$2) -> 620721 | E11: =IF(AND(C11="",D11=""),"",E10+C11-D11) -> 75915 | F11: Tabungan 26 Juli
A12: 45878 | B12: Konsumsi anggota | D12: 92000 | E12: =IF(AND(C12="",D12=""),"",E11+C12-D12) -> -16085 | F12: Mie Gacoan
A13: 45878 | B13: Setor sampah | C13: ='9-8-2025'!AB68 -> 282000 | E13: =IF(AND(C13="",D13=""),"",E12+C13-D13) -> 265915 | F13: Jual ke Pak Surat 9 Agustus
A14: 45878 | B14: Hasil Tabungan | C14: 28245 | E14: =IF(AND(C14="",D14=""),"",E13+C14-D14) -> 294160
A15: 45892 | B15: Setor sampah | C15: ='9-8-2025'!V68 -> 622167.5 | E15: =IF(AND(C15="",D15=""),"",E14+C15-D15) -> 916327.5 | F15: Jual ke Bu Erta 9 Agustus
A16: 45892 | B16: Tabungan nasabah | D16: =GETPIVOTDATA("Sum of Total Harga",'9-8-2025'!$J$2) -> 644175 | E16: =IF(AND(C16="",D16=""),"",E15+C16-D16) -> 272152.5 | F16: Tabungan 9 Agustus
A17: 45892 | B17: Konsumsi anggota | D17: 43000 | E17: =IF(AND(C17="",D17=""),"",E16+C17-D17) -> 229152.5 | F17: Gorengan
A18: 45892 | B18: Konsumsi anggota | D18: 4000 | E18: =IF(AND(C18="",D18=""),"",E17+C18-D18) -> 225152.5 | F18: Minum
A19: 45892 | B19: Setor sampah | C19: ='23-8-2025'!X68 -> 193700 | E19: =IF(AND(C19="",D19=""),"",E18+C19-D19) -> 418852.5 | F19: Jual ke Pak Surat 23 Agustus
A20: 45892 | B20: Setor sampah | C20: ='23-8-2025'!R68 -> 550750 | E20: =IF(AND(C20="",D20=""),"",E19+C20-D20) -> 969602.5 | F20: Jual ke Bu Erta 23 Agustus
A21: 45892 | B21: Tabungan nasabah | D21: =GETPIVOTDATA("Sum of Total Harga",'23-8-2025'!$J$2) -> 615287.5 | E21: =IF(AND(C21="",D21=""),"",E20+C21-D21) -> 354315 | F21: Tabungan 23 Agustus
A22: 45892 | B22: Hasil Tabungan | C22: 13000 | E22: =IF(AND(C22="",D22=""),"",E21+C22-D22) -> 367315
A23: 45893 | B23: Admin Pinjaman PKK | C23: 100000 | E23: =IF(AND(C23="",D23=""),"",E22+C23-D23) -> 467315 | F23: Dipinjamkan ke PKK
A24: 45907 | B24: Konsumsi anggota | D24: =35000 -> 35000 | E24: =IF(AND(C24="",D24=""),"",E23+C24-D24) -> 432315 | F24: Rujak
A25: 45907 | B25: Banner | D25: 54000 | E25: =IF(AND(C25="",D25=""),"",E24+C25-D25) -> 378315 | F25: Cetak Banner Bank Sampah
A26: 45907 | B26: Setor sampah | C26: ='7-9-2025'!R68 -> 706727.5 | E26: =IF(AND(C26="",D26=""),"",E25+C26-D26) -> 1085042.5 | F26: Jual ke Bu Erta 7 September
A27: 45907 | B27: Tabungan nasabah | D27: =GETPIVOTDATA("Sum of Total Harga",'7-9-2025'!$J$2) -> 606410 | E27: =IF(AND(C27="",D27=""),"",E26+C27-D27) -> 478632.5 | F27: Tabungan 7 September
A28: 45907 | B28: Hasil Tabungan | C28: 15940 | E28: =IF(AND(C28="",D28=""),"",E27+C28-D28) -> 494572.5
A29: 45921 | B29: Konsumsi anggota | D29: 30000 | E29: =IF(AND(C29="",D29=""),"",E28+C29-D29) -> 464572.5 | F29: Bubur Kacang
A30: 45921 | B30: Konsumsi anggota | D30: 60000 | E30: =IF(AND(C30="",D30=""),"",E29+C30-D30) -> 404572.5 | F30: Es Jeruk
A31: 45921 | B31: Setor sampah | C31: ='21-9-2025'!X67 -> 115080 | E31: =IF(AND(C31="",D31=""),"",E30+C31-D31) -> 519652.5 | F31: Jual ke Pak Surat 21 September
A32: 45921 | B32: Setor sampah | C32: ='21-9-2025'!R67 -> 607945 | E32: =IF(AND(C32="",D32=""),"",E31+C32-D32) -> 1127597.5 | F32: Jual ke Bu Erta 21 September
A33: 45921 | B33: Tabungan nasabah | D33: =GETPIVOTDATA("Sum of Total Harga",'21-9-2025'!$J$2) -> 639949.5 | E33: =IF(AND(C33="",D33=""),"",E32+C33-D33) -> 487648 | F33: Tabungan 21 September
A34: 45921 | B34: Hasil Tabungan | C34: 45602.5 | E34: =IF(AND(C34="",D34=""),"",E33+C34-D34) -> 533250.5
A35: 45937 | B35: Limpahan AC Bekas dari RW | C35: 200000 | E35: =IF(AND(C35="",D35=""),"",E34+C35-D35) -> 733250.5
A36: 45949 | B36: Trash Bag | D36: 12000 | E36: =IF(AND(C36="",D36=""),"",E35+C36-D36) -> 721250.5
A37: 45953 | B37: Timbangan | D37: 44600 | E37: =IF(AND(C37="",D37=""),"",E36+C37-D37) -> 676650.5
A38: 45962 | B38: Bangku Jongkok | D38: 20000 | E38: =IF(AND(C38="",D38=""),"",E37+C38-D38) -> 656650.5
A39: 45962 | B39: Konsumsi anggota | D39: =75000+25000 -> 100000 | E39: =IF(AND(C39="",D39=""),"",E38+C39-D39) -> 556650.5 | F39: Nasi Oncom + Telur
A40: 45962 | B40: Konsumsi tamu | D40: 3000 | E40: =IF(AND(C40="",D40=""),"",E39+C40-D40) -> 553650.5
A41: 45962 | B41: Setor sampah | C41: ='1-11-25'!X68 -> 282000 | E41: =IF(AND(C41="",D41=""),"",E40+C41-D41) -> 835650.5 | F41: Jual ke Pak Surat 1 November
A42: 45962 | B42: Setor sampah | C42: ='1-11-25'!R68 -> 633113.5 | E42: =IF(AND(C42="",D42=""),"",E41+C42-D42) -> 1468764 | F42: Jual ke Bu Erta 1 November
A43: 45962 | B43: Tabungan nasabah | D43: =GETPIVOTDATA("Sum of Total Harga",'1-11-25'!$J$2) -> 560888.5 | E43: =IF(AND(C43="",D43=""),"",E42+C43-D43) -> 907875.5 | F43: Tabungan 1 November
A44: 45962 | B44: Pembelian Buku Tabungan | C44: =(43*3000)-1000 -> 128000 | E44: =IF(AND(C44="",D44=""),"",E43+C44-D44) -> 1035875.5
A45: 45976 | B45: Konsumsi anggota | D45: 30000 | E45: =IF(AND(C45="",D45=""),"",E44+C45-D45) -> 1005875.5
A46: 45976 | B46: Konsumsi anggota | D46: =13000*2 -> 26000 | E46: =IF(AND(C46="",D46=""),"",E45+C46-D46) -> 979875.5
A47: 45976 | B47: Keuntungan Penjualan | C47: ='15-11-25'!J51 -> 313736 | E47: =IF(AND(C47="",D47=""),"",E46+C47-D47) -> 1293611.5
A48: 45976 | B48: Konsumsi anggota | D48: 60000 | E48: =IF(AND(C48="",D48=""),"",E47+C48-D48) -> 1233611.5 | F48: Es Campur
A49: 45977 | B49: Saklar, Tespen | D49: 25000 | E49: =IF(AND(C49="",D49=""),"",E48+C49-D49) -> 1208611.5
A50: 46004 | B50: Konsumsi anggota | D50: =226000-33000 -> 193000 | E50: =IF(AND(C50="",D50=""),"",E49+C50-D50) -> 1015611.5 | F50: Nasi Padang
A51: 46004 | B51: Setor sampah | C51: =81000+54000 -> 135000 | E51: =IF(AND(C51="",D51=""),"",E50+C51-D51) -> 1150611.5 | F51: Jual ke Pak Surat 13 Desember
A52: 46004 | B52: Konsumsi | D52: 24000 | E52: =IF(AND(C52="",D52=""),"",E51+C52-D52) -> 1126611.5 | F52: Kopi
A53: 46004 | B53: Super pel | D53: 5000 | E53: =IF(AND(C53="",D53=""),"",E52+C53-D53) -> 1121611.5
A54: 46004 | B54: Sedot WC | C54: 110000 | E54: =IF(AND(C54="",D54=""),"",E53+C54-D54) -> 1231611.5
A55: 46009 | B55: Sedot WC | C55: 60000 | E55: =IF(AND(C55="",D55=""),"",E54+C55-D55) -> 1291611.5
A56: 46017 | B56: Sedot WC | C56: 30000 | E56: =IF(AND(C56="",D56=""),"",E55+C56-D56) -> 1321611.5
A57: 46025 | B57: Konsumsi anggota | D57: 230000 | E57: =IF(AND(C57="",D57=""),"",E56+C57-D57) -> 1091611.5
A58: 46025 | B58: Konsumsi anggota | D58: 20000 | E58: =IF(AND(C58="",D58=""),"",E57+C58-D58) -> 1071611.5
A59: 46025 | B59: Sabun Cuci Tangan | D59: 11000 | E59: =IF(AND(C59="",D59=""),"",E58+C59-D59) -> 1060611.5
A60: 46025 | B60: Magnet | D60: 35000 | E60: =IF(AND(C60="",D60=""),"",E59+C60-D60) -> 1025611.5
A61: 46039 | B61: Perlengkapan | D61: 20000 | E61: =IF(AND(C61="",D61=""),"",E60+C61-D61) -> 1005611.5
A62: 46039 | B62: Peralatan bank sampah | D62: 154000 | E62: =IF(AND(C62="",D62=""),"",E61+C62-D62) -> 851611.5
A63: 46047 | B63: Bahan Sabun | D63: 61000 | E63: =IF(AND(C63="",D63=""),"",E62+C63-D63) -> 790611.5
E64: =IF(AND(C64="",D64=""),"",E63+C64-D64)
E65: =IF(AND(C65="",D65=""),"",E64+C65-D65)
E66: =IF(AND(C66="",D66=""),"",E65+C66-D66)
E67: =IF(AND(C67="",D67=""),"",E66+C67-D67)
E68: =IF(AND(C68="",D68=""),"",E67+C68-D68)
E69: =IF(AND(C69="",D69=""),"",E68+C69-D69)
E70: =IF(AND(C70="",D70=""),"",E69+C70-D70)
E71: =IF(AND(C71="",D71=""),"",E70+C71-D71)
E72: =IF(AND(C72="",D72=""),"",E71+C72-D72)
E73: =IF(AND(C73="",D73=""),"",E72+C73-D73)
E74: =IF(AND(C74="",D74=""),"",E73+C74-D74)
E75: =IF(AND(C75="",D75=""),"",E74+C75-D75)
... E108: =IF(AND(C108="",D108=""),"",E107+C108-D108)

Sheet Sheet1
A3: Form Data Nasabah Bank Sampah
A4: Tangerang Selatan
A5: Eco Bank 26
A6: No | B6: Nama | C6: Alamat / RT | D6: No. HP | E6: Kota | F6: Provinsi | G6: Kode Pos | H6: No Rekening | I6: Nama Rekening
A7: 1 | B7: Bu Admini | C7: 1 | D7: 081316755852 | E7: Tangerang | F7: Banten | G7: 15810 | H7: 100620112110 | I7: Luthfi Lailatul Arifah Syakur
A8: 2 | B8: Bu Betria | C8: 1 | D8: 081316755852 | E8: Tangerang | F8: Banten | G8: 15810 | H8: 100620112110 | I8: Luthfi Lailatul Arifah Syakur
A9: 3 | B9: Bu Mala | C9: 1 | D9: 081316755852 | E9: Tangerang | F9: Banten | G9: 15810 | H9: 100620112110 | I9: Luthfi Lailatul Arifah Syakur
A10: 4 | B10: Bu Maryani | C10: 1 | D10: 081316755852 | E10: Tangerang | F10: Banten | G10: 15810 | H10: 100620112110 | I10: Luthfi Lailatul Arifah Syakur
A11: 5 | B11: Bu Nita | C11: 1 | D11: 081316755852 | E11: Tangerang | F11: Banten | G11: 15810 | H11: 100620112110 | I11: Luthfi Lailatul Arifah Syakur
A12: 6 | B12: Bu Nurjanah | C12: 1 | D12: 081316755852 | E12: Tangerang | F12: Banten | G12: 15810 | H12: 100620112110 | I12: Luthfi Lailatul Arifah Syakur
A13: 7 | B13: Bu Sunarti | C13: 1 | D13: 081316755852 | E13: Tangerang | F13: Banten | G13: 15810 | H13: 100620112110 | I13: Luthfi Lailatul Arifah Syakur
A14: 8 | B14: Bu Tetty Hamdi | C14: 1 | D14: 081316755852 | E14: Tangerang | F14: Banten | G14: 15810 | H14: 100620112110 | I14: Luthfi Lailatul Arifah Syakur
A15: 9 | B15: Bu Wulan | C15: 1 | D15: 081316755852 | E15: Tangerang | F15: Banten | G15: 15810 | H15: 100620112110 | I15: Luthfi Lailatul Arifah Syakur
A16: 10 | B16: Bu Yenvitriati | C16: 1 | D16: 081316755852 | E16: Tangerang | F16: Banten | G16: 15810 | H16: 100620112110 | I16: Luthfi Lailatul Arifah Syakur
A17: 11 | B17: Pak Danny | C17: 1 | D17: 081316755852 | E17: Tangerang | F17: Banten | G17: 15810 | H17: 100620112110 | I17: Luthfi Lailatul Arifah Syakur
A18: 12 | B18: Mama Wahyu | C18: 1 | D18: 081316755852 | E18: Tangerang | F18: Banten | G18: 15810 | H18: 100620112110 | I18: Luthfi Lailatul Arifah Syakur
... A108: 102 | B108: Dipo | C108: 7 | D108: 081316755852 | E108: Tangerang | F108: Banten | G108: 15810 | H108: 100620112110 | I108: Luthfi Lailatul Arifah Syakur
A109: 103 | B109: Bu Devilie | C109: Kp Bambu | D109: 081316755852 | E109: Tangerang | F109: Banten | G109: 15810 | H109: 100620112110 | I109: Luthfi Lailatul Arifah Syakur
A110: 104 | B110: Bu Lena | C110: Kp Bambu | D110: 081316755852 | E110: Tangerang | F110: Banten | G110: 15810 | H110: 100620112110 | I110: Luthfi Lailatul Arifah Syakur
A111: 105 | B111: Karang Taruna | C111: Pos | D111: 081316755852 | E111: Tangerang | F111: Banten | G111: 15810 | H111: 100620112110 | I111: Luthfi Lailatul Arifah Syakur
A112: 106 | B112: Kas | C112: Pos | D112: 081316755852 | E112: Tangerang | F112: Banten | G112: 15810 | H112: 100620112110 | I112: Luthfi Lailatul Arifah Syakur
A113: 107 | B113: Bu Mutia | C113: TD | D113: 081316755852 | E113: Tangerang | F113: Banten | G113: 15810 | H113: 100620112110 | I113: Luthfi Lailatul Arifah Syakur
A114: 108 | B114: Bu Larasati | C114: UE | D114: 081316755852 | E114: Tangerang | F114: Banten | G114: 15810 | H114: 100620112110 | I114: Luthfi Lailatul Arifah Syakur

Sheet Pak Surat
B2: No | C2: Jenis Barang | D2: Jumlah | E2: Harga Nasabah | F2: Harga Lapak | G2: Satuan | H2: Harga Baru
B3: 1 | C3: Acrylic | G3: kg
B4: 2 | C4: AC Blower | G4: unit
B5: 3 | C5: AC Indoor | F5: 250000 | G5: unit
B6: 4 | C6: AKI | F6: 12000 | G6: kg
B7: 5 | C7: Alumunium | F7: 15000 | G7: kg
B8: 6 | C8: Alumunium Foil | G8: kg
B9: 7 | C9: Asoy | G9: kg
B10: 8 | C10: Babet | G10: kg
B11: 9 | C11: Ban Bekas | G11: kg
B12: 10 | C12: Besi | F12: 4000 | G12: kg | H12: 4500
B13: 11 | C13: Boncos | G13: kg
B14: 12 | C14: Botol & Gelas Putih (Kotor) | G14: kg
B15: 13 | C15: Botol & Kaca Beling | G15: kg
B16: 14 | C16: Botol Berwarna | G16: kg
B17: 15 | C17: Botol Putih Bersih | F17: 6000 | G17: kg | H17: 4000 | M17: Contact Person
B18: 16 | C18: Buku Tulis & Pelajaran | F18: 1200 | G18: kg | M18: Pak Hotles | N18: 083813791409
B19: 17 | C19: CD Kristal | G19: kg
B20: 18 | C20: CPU | G20: unit
B21: 19 | C21: Emberan | F21: 1500 | G21: kg
B22: 20 | C22: Gabrukan | G22: kg
B23: 21 | C23: Galon Aqua | F23: 1000 | G23: unit | H23: 700
B24: 22 | C24: Gelas Berwarna | G24: kg
B25: 23 | C25: Gelas Putih Bersih | F25: 4000 | G25: kg | H25: 4000
B26: 24 | C26: Handphone | G26: unit
B27: 25 | C27: Impact | G27: kg
B28: 26 | C28: Injek | G28: kg
B29: 27 | C29: Kabel | G29: kg
B30: 28 | C30: Kabel Internet | G30: kg
B31: 29 | C31: Kabel Kulit | G31: kg
B32: 30 | C32: Kabin | G32: kg
B33: 31 | C33: Kaleng | F33: 2000 | G33: kg
B34: 32 | C34: Kardus Baik/Kering | F34: 1600 | G34: kg
B35: 33 | C35: Karpet Talang | G35: kg
B36: 34 | C36: Karung Beras | G36: kg
B37: 35 | C37: Kawat | G37: kg
B38: 36 | C38: Kertas HVS Putih | G38: kg
B39: 37 | C39: Kertas Semen | G39: kg
B40: 38 | C40: Kipas Angin | G40: unit
B41: 39 | C41: Koran/LKS | G41: kg
B42: 40 | C42: Kulkas 1 Pintu | F42: 70000 | G42: unit
B43: 41 | C43: Kulkas 2 Pintu | F43: 120000 | G43: unit
B44: 42 | C44: Kuningan | G44: kg
B45: 43 | C45: Magic Com Lengkap | G45: unit
B46: 44 | C46: Majalah | G46: kg
B47: 45 | C47: Mesin Cuci | F47: 70000 | G47: unit
B48: 46 | C48: Minyak Jelantah | G48: ltr
B49: 47 | C49: Multilayer | G49: kg
B50: 48 | C50: Monitor LED | G50: unit
B51: 49 | C51: Monitor Tabung | G51: unit
B52: 50 | C52: Naso | G52: kg
B53: 51 | C53: Oli Bekas | G53: ltr
B54: 52 | C54: Paralon | G54: kg
B55: 53 | C55: Plastik (PE) | G55: kg
B56: 54 | C56: Selang Air | G56: kg
B57: 55 | C57: Seng | G57: kg
B58: 56 | C58: Seng Pasir | G58: kg
B59: 57 | C59: Sterofoam | G59: kg
... B64: 62 | C64: Tutup Galon | G64: kg
B65: 63 | C65: TV LED | F65: 20000 | G65: unit
B66: 64 | C66: TV Tabung | F66: 20000 | G66: unit | H66: 25000

Sheet Kas
A2: Tanggal | B2: Deskripsi | C2: Masuk | D2: Keluar | E2: Total | F2: Keterangan
B3: Saldo awal | E3: 0
A4: 45850 | B4: Keuntungan Penjualan | C4: ='12-7-2025'!N61 -> 115091.5 | E4: =IF(AND(C4="",D4=""),"",E3+C4-D4) -> 115091.5
A5: 45864 | B5: Konsumsi anggota | D5: 74000 | E5: =IF(AND(C5="",D5=""),"",E4+C5-D5) -> 41091.5 | F5: Soto Pak Beny (Qris)
A6: 45864 | B6: Keuntungan Penjualan | C6: ='26-7-2025'!N57 -> 102905.5 | E6: =IF(AND(C6="",D6=""),"",E5+C6-D6) -> 143997
A7: 45864 | B7: Fotocopy | D7: 10000 | E7: =IF(AND(C7="",D7=""),"",E6+C7-D7) -> 133997 | F7: FC daftar hadir (Cash) | I7: =337000+450000+110000+1157446 -> 2054446
A8: 45864 | B8: ATK | D8: 58082 | E8: =IF(AND(C8="",D8=""),"",E7+C8-D8) -> 75915
A9: 45878 | B9: Keuntungan Penjualan | C9: ='9-8-2025'!L65 -> 259992.5 | E9: =IF(AND(C9="",D9=""),"",E8+C9-D9) -> 335907.5
A10: 45878 | B10: Konsumsi anggota | D10: 92000 | E10: =IF(AND(C10="",D10=""),"",E9+C10-D10) -> 243907.5 | F10: Mie Gacoan
A11: 45878 | B11: Hasil Tabungan | C11: 28245 | E11: =IF(AND(C11="",D11=""),"",E10+C11-D11) -> 272152.5 | F11: Timbangan 9 Agustus
A12: 45892 | B12: Keuntungan Penjualan | C12: ='23-8-2025'!L63 -> 129162.5 | E12: =IF(AND(C12="",D12=""),"",E11+C12-D12) -> 401315
A13: 45892 | B13: Konsumsi anggota | D13: 43000 | E13: =IF(AND(C13="",D13=""),"",E12+C13-D13) -> 358315 | F13: Gorengan
A14: 45892 | B14: Konsumsi anggota | D14: 4000 | E14: =IF(AND(C14="",D14=""),"",E13+C14-D14) -> 354315 | F14: Minum
A15: 45892 | B15: Hasil Tabungan | C15: 13000 | E15: =IF(AND(C15="",D15=""),"",E14+C15-D15) -> 367315 | F15: Timbangan 23 Agustus
A16: 45893 | B16: Admin Pinjaman PKK | C16: 100000 | E16: =IF(AND(C16="",D16=""),"",E15+C16-D16) -> 467315
A17: 45907 | B17: Konsumsi anggota | D17: =35000 -> 35000 | E17: =IF(AND(C17="",D17=""),"",E16+C17-D17) -> 432315 | F17: Rujak
A18: 45907 | B18: Banner | D18: 54000 | E18: =IF(AND(C18="",D18=""),"",E17+C18-D18) -> 378315
A19: 45907 | B19: Keuntungan Penjualan | C19: ='7-9-2025'!L62 -> 100317.5 | E19: =IF(AND(C19="",D19=""),"",E18+C19-D19) -> 478632.5
A20: 45907 | B20: Hasil Tabungan | C20: 15940 | E20: =IF(AND(C20="",D20=""),"",E19+C20-D20) -> 494572.5 | F20: Timbangan 7 September
A21: 45921 | B21: Konsumsi anggota | D21: 30000 | E21: =IF(AND(C21="",D21=""),"",E20+C21-D21) -> 464572.5 | F21: Bubur Kacang
A22: 45921 | B22: Konsumsi anggota | D22: 60000 | E22: =IF(AND(C22="",D22=""),"",E21+C22-D22) -> 404572.5 | F22: Es Jeruk
A23: 45921 | B23: Keuntungan Penjualan | C23: ='21-9-2025'!L61 -> 83075.5 | E23: =IF(AND(C23="",D23=""),"",E22+C23-D23) -> 487648
A24: 45921 | B24: Hasil Tabungan | C24: 45602.5 | E24: =IF(AND(C24="",D24=""),"",E23+C24-D24) -> 533250.5 | F24: Timbangan 21 September
A25: 45937 | B25: Limpahan AC Bekas dari RW | C25: 200000 | E25: =IF(AND(C25="",D25=""),"",E24+C25-D25) -> 733250.5
A26: 45949 | B26: Trash Bag | D26: 12000 | E26: =IF(AND(C26="",D26=""),"",E25+C26-D26) -> 721250.5
A27: 45949 | B27: Keuntungan Penjualan | C27: ='19-10-25'!L73 -> 89048 | E27: =IF(AND(C27="",D27=""),"",E26+C27-D27) -> 810298.5
A28: 45953 | B28: Timbangan | D28: 44600 | E28: =IF(AND(C28="",D28=""),"",E27+C28-D28) -> 765698.5
A29: 45962 | B29: Bangku Jongkok | D29: 20000 | E29: =IF(AND(C29="",D29=""),"",E28+C29-D29) -> 745698.5
A30: 45962 | B30: Konsumsi anggota | D30: =75000+25000 -> 100000 | E30: =IF(AND(C30="",D30=""),"",E29+C30-D30) -> 645698.5 | F30: Nasi Oncom + Telur
A31: 45962 | B31: Konsumsi tamu | D31: 3000 | E31: =IF(AND(C31="",D31=""),"",E30+C31-D31) -> 642698.5
A32: 45962 | B32: Keuntungan Penjualan | C32: ='1-11-25'!J55 -> 354225 | E32: =IF(AND(C32="",D32=""),"",E31+C32-D32) -> 996923.5
A33: 45962 | B33: Pembelian Buku Tabungan | C33: =(43*3000)-1000 -> 128000 | E33: =IF(AND(C33="",D33=""),"",E32+C33-D33) -> 1124923.5
A34: 45976 | B34: Konsumsi anggota | D34: 30000 | E34: =IF(AND(C34="",D34=""),"",E33+C34-D34) -> 1094923.5 | F34: Bubur Kacang
A35: 45976 | B35: Konsumsi anggota | D35: =13000*2 -> 26000 | E35: =IF(AND(C35="",D35=""),"",E34+C35-D35) -> 1068923.5 | F35: Gado-Gado
A36: 45976 | B36: Keuntungan Penjualan | C36: ='15-11-25'!J51 -> 313736 | E36: =IF(AND(C36="",D36=""),"",E35+C36-D36) -> 1382659.5
A37: 45976 | B37: Konsumsi anggota | D37: 60000 | E37: =IF(AND(C37="",D37=""),"",E36+C37-D37) -> 1322659.5 | F37: Es Campur
A38: 45977 | B38: Saklar, Tespen | D38: 25000 | E38: =IF(AND(C38="",D38=""),"",E37+C38-D38) -> 1297659.5
A39: 46004 | B39: Konsumsi anggota | D39: =226000-33000 -> 193000 | E39: =IF(AND(C39="",D39=""),"",E38+C39-D39) -> 1104659.5 | F39: Nasi Padang
A40: 46004 | B40: Konsumsi | D40: 24000 | E40: =IF(AND(C40="",D40=""),"",E39+C40-D40) -> 1080659.5 | F40: Kopi
A41: 46004 | B41: Super pel | D41: 5000 | E41: =IF(AND(C41="",D41=""),"",E40+C41-D41) -> 1075659.5
A42: 46004 | B42: Sedot WC | C42: 110000 | E42: =IF(AND(C42="",D42=""),"",E41+C42-D42) -> 1185659.5
A43: 46004 | B43: Keuntungan Penjualan | C43: ='13-12-25'!J69 -> 156462.5 | E43: =IF(AND(C43="",D43=""),"",E42+C43-D43) -> 1342122
A44: 46009 | B44: Sedot WC | C44: 60000 | E44: =IF(AND(C44="",D44=""),"",E43+C44-D44) -> 1402122
A45: 46017 | B45: Sedot WC | C45: 30000 | E45: =IF(AND(C45="",D45=""),"",E44+C45-D45) -> 1432122
A46: 46022 | B46: Inventaris Bank Sampah | D46: =15000*5 -> 75000 | E46: =IF(AND(C46="",D46=""),"",E45+C46-D46) -> 1357122 | F46: 5 Kipas Angin
A47: 46025 | B47: Konsumsi anggota | D47: 230000 | E47: =IF(AND(C47="",D47=""),"",E46+C47-D47) -> 1127122 | F47: ayam bakar
A48: 46025 | B48: Konsumsi anggota | D48: 20000 | E48: =IF(AND(C48="",D48=""),"",E47+C48-D48) -> 1107122 | F48: gorengan
A49: 46025 | B49: Sabun Cuci Tangan | D49: 11000 | E49: =IF(AND(C49="",D49=""),"",E48+C49-D49) -> 1096122
A50: 46025 | B50: Magnet | D50: 35000 | E50: =IF(AND(C50="",D50=""),"",E49+C50-D50) -> 1061122
A51: 46025 | B51: Keuntungan Penjualan | C51: ='3-1-26'!J52 -> 47427.5 | E51: =IF(AND(C51="",D51=""),"",E50+C51-D51) -> 1108549.5
A52: 46039 | B52: Perlengkapan | D52: 20000 | E52: =IF(AND(C52="",D52=""),"",E51+C52-D52) -> 1088549.5 | F52: bayar sampah Bu Wiwin
A53: 46039 | B53: Peralatan bank sampah | D53: 154000 | E53: =IF(AND(C53="",D53=""),"",E52+C53-D53) -> 934549.5 | F53: Gunting & Cutter
A54: 46047 | B54: Bahan Sabun | D54: 61000 | E54: =IF(AND(C54="",D54=""),"",E53+C54-D54) -> 873549.5
A55: 46053 | B55: Konsumsi | D55: 240000 | E55: =IF(AND(C55="",D55=""),"",E54+C55-D55) -> 633549.5 | F55: Mie Ayam Banyumas
A56: 46053 | B56: Konsumsi | D56: 15000 | E56: =IF(AND(C56="",D56=""),"",E55+C56-D56) -> 618549.5 | F56: Kopi
A57: 46053 | B57: Keuntungan Penjualan | C57: ='31-1-26'!J57 -> 81369 | E57: =IF(AND(C57="",D57=""),"",E56+C57-D57) -> 699918.5
A58: 46009 | B58: Sedot WC | C58: 60000 | E58: =IF(AND(C58="",D58=""),"",E57+C58-D58) -> 759918.5
A59: 46057 | B59: Honor | D59: 50000 | E59: =IF(AND(C59="",D59=""),"",E58+C59-D59) -> 709918.5 | F59: Palupi, Dika
A60: 46057 | B60: Peralatan tempat sampah | D60: 93500 | E60: =IF(AND(C60="",D60=""),"",E59+C60-D60) -> 616418.5 | F60: Kawat
A61: 46058 | B61: Peralatan tempat sampah | D61: 500000 | E61: =IF(AND(C61="",D61=""),"",E60+C61-D61) -> 116418.5 | F61: PVC Board
A62: 46061 | B62: Dewan | C62: 150000 | E62: =IF(AND(C62="",D62=""),"",E61+C62-D62) -> 266418.5 | F62: Dewan
A63: 46063 | B63: Peralatan tempat sampah | D63: 60000 | E63: =IF(AND(C63="",D63=""),"",E62+C63-D63) -> 206418.5 | F63: Kabel Ties
A64: 46070 | B64: Sedot WC | C64: 60000 | E64: =IF(AND(C64="",D64=""),"",E63+C64-D64) -> 266418.5
A65: 46070 | B65: Upah | D65: 10000 | E65: =IF(AND(C65="",D65=""),"",E64+C65-D65) -> 256418.5 | F65: Ambil sampah
A66: 46091 | B66: Sedot WC | C66: =60000+60000+30000 -> 150000 | E66: =IF(AND(C66="",D66=""),"",E65+C66-D66) -> 406418.5
A67: 46108 | B67: Sedot WC | C67: =30000+30000+30000+30000+20000 -> 140000 | E67: =IF(AND(C67="",D67=""),"",E66+C67-D67) -> 546418.5
A68: 46117 | B68: Konsumsi anggota | D68: 61000 | E68: =IF(AND(C68="",D68=""),"",E67+C68-D68) -> 485418.5 | F68: Kue Pagi
A69: 46117 | B69: Konsumsi anggota | D69: 264000 | E69: =IF(AND(C69="",D69=""),"",E68+C69-D69) -> 221418.5 | F69: Nasi Padang
A70: 46117 | B70: Konsumsi anggota | D70: 72000 | E70: =IF(AND(C70="",D70=""),"",E69+C70-D70) -> 149418.5 | F70: Es Jeruk
A71: 46118 | B71: Sedot WC | C71: =60000+30000 -> 90000 | E71: =IF(AND(C71="",D71=""),"",E70+C71-D71) -> 239418.5
A72: 46118 | B72: Buah | D72: 100000 | E72: =IF(AND(C72="",D72=""),"",E71+C72-D72) -> 139418.5 | F72: Pak RW
A73: 46118 | B73: Stempel Bank Sampah | D73: 80000 | E73: =IF(AND(C73="",D73=""),"",E72+C73-D73) -> 59418.5 | F73: Stempel
E74: =IF(AND(C74="",D74=""),"",E73+C74-D74)
E75: =IF(AND(C75="",D75=""),"",E74+C75-D75)
E76: =IF(AND(C76="",D76=""),"",E75+C76-D76)
E77: =IF(AND(C77="",D77=""),"",E76+C77-D77)
E78: =IF(AND(C78="",D78=""),"",E77+C78-D78)
E79: =IF(AND(C79="",D79=""),"",E78+C79-D79)
E80: =IF(AND(C80="",D80=""),"",E79+C80-D80)
E81: =IF(AND(C81="",D81=""),"",E80+C81-D81)
E82: =IF(AND(C82="",D82=""),"",E81+C82-D82)
E83: =IF(AND(C83="",D83=""),"",E82+C83-D83)
E84: =IF(AND(C84="",D84=""),"",E83+C84-D84)
E85: =IF(AND(C85="",D85=""),"",E84+C85-D85)
... E134: =IF(AND(C134="",D134=""),"",E133+C134-D134)

Sheet Tabungan
A2: Tanggal | B2: Deskripsi | C2: Masuk | D2: Keluar | E2: Total | F2: Keterangan
A3: 45864 | B3: Tabungan Nasabah | C3: =GETPIVOTDATA("Sum of Total Harga",'12-7-2025'!$J$2) -> 633711 | E3: =C3 -> 633711 | F3: Tanggal 12 Juli 2025
A4: 45871 | B4: Tarik Tunai Nasabah | D4: 17000 | E4: =IF(AND(C4="",D4=""),"",E3+C4-D4) -> 616711 | F4: Bu Fardani | G4: Cash
A5: 45878 | B5: Tarik Tunai Nasabah | D5: 41000 | E5: =IF(AND(C5="",D5=""),"",E4+C5-D5) -> 575711 | F5: Bu Arsudin | G5: Cash
A6: 45878 | B6: Tarik Tunai Nasabah | D6: ='Tabungan Nasabah'!G114 -> 28245 | E6: =IF(AND(C6="",D6=""),"",E5+C6-D6) -> 547466 | F6: Kas
A7: 45878 | B7: Tabungan Nasabah | C7: =GETPIVOTDATA("Sum of Total Harga",'26-7-2025'!$J$2) -> 620721 | E7: =IF(AND(C7="",D7=""),"",E6+C7-D7) -> 1168187 | F7: Tabungan 26 Juli 2025
A8: 45892 | B8: Tabungan Nasabah | C8: =GETPIVOTDATA("Sum of Total Harga",'9-8-2025'!$J$2) -> 644175 | E8: =IF(AND(C8="",D8=""),"",E7+C8-D8) -> 1812362 | F8: Tanggal 9 Agustus 2025
A9: 45892 | B9: Tabungan Nasabah | C9: =GETPIVOTDATA("Sum of Total Harga",'23-8-2025'!$J$2) -> 615287.5 | E9: =IF(AND(C9="",D9=""),"",E8+C9-D9) -> 2427649.5 | F9: Tanggal 23 Agustus 2025
A10: 45892 | B10: Tarik Tunai Nasabah | D10: ='Tabungan Nasabah'!H114 -> 13000 | E10: =IF(AND(C10="",D10=""),"",E9+C10-D10) -> 2414649.5 | F10: Kas
A11: 45893 | B11: Dipinjamkan ke koperasi PKK | D11: 2000000 | E11: =IF(AND(C11="",D11=""),"",E10+C11-D11) -> 414649.5 | G11: Cash
A12: 45871 | B12: Tarik Tunai Nasabah | D12: 72000 | E12: =IF(AND(C12="",D12=""),"",E11+C12-D12) -> 342649.5 | F12: Bu Devilie
A13: 45907 | B13: Tabungan Nasabah | C13: =GETPIVOTDATA("Sum of Total Harga",'7-9-2025'!$J$2) -> 606410 | E13: =IF(AND(C13="",D13=""),"",E12+C13-D13) -> 949059.5 | F13: Tanggal 7 September 2025 | G13: TF
A14: 45907 | B14: Tarik Tunai Nasabah | D14: ='Tabungan Nasabah'!I114 -> 15940 | E14: =IF(AND(C14="",D14=""),"",E13+C14-D14) -> 933119.5 | F14: Kas
A15: 45909 | B15: Tarik Tunai Nasabah | D15: 80000 | E15: =IF(AND(C15="",D15=""),"",E14+C15-D15) -> 853119.5 | F15: Mba Nurhayati
A16: 45921 | B16: Tabungan Nasabah | C16: =GETPIVOTDATA("Sum of Total Harga",'21-9-2025'!$J$2) -> 639949.5 | E16: =IF(AND(C16="",D16=""),"",E15+C16-D16) -> 1493069 | F16: Tanggal 21 September 2025 | G16: TF
A17: 45931 | B17: Tarik Tunai Nasabah | D17: 63000 | E17: =IF(AND(C17="",D17=""),"",E16+C17-D17) -> 1430069 | F17: Bu Lia RT 2
A18: 45949 | B18: Tabungan Nasabah | C18: =GETPIVOTDATA("Sum of Total Harga",'19-10-25'!$J$2) -> 765996 | E18: =IF(AND(C18="",D18=""),"",E17+C18-D18) -> 2196065 | F18: Tanggal 19 Oktoberr 2025
A19: 45949 | B19: Tarik Tunai Nasabah | D19: 20000 | E19: =IF(AND(C19="",D19=""),"",E18+C19-D19) -> 2176065 | F19: Bu Maryani | G19: TF
A20: 45921 | B20: Tarik Tunai Nasabah | D20: ='Tabungan Nasabah'!J114 -> 45602.5 | E20: =IF(AND(C20="",D20=""),"",E19+C20-D20) -> 2130462.5 | F20: Kas
A21: 45953 | B21: Tarik Tunai Nasabah | D21: 44000 | E21: =IF(AND(C21="",D21=""),"",E20+C21-D21) -> 2086462.5 | F21: Bu Alim | G21: TF
A22: 45953 | B22: Tarik Tunai Nasabah | D22: 25000 | E22: =IF(AND(C22="",D22=""),"",E21+C22-D22) -> 2061462.5 | F22: Bu Martinah | G22: TF
A23: 45954 | B23: Tarik Tunai Nasabah | D23: 30000 | E23: =IF(AND(C23="",D23=""),"",E22+C23-D23) -> 2031462.5 | F23: Mba Nurhayati | G23: TF
A24: 45962 | B24: Tarik Tunai Nasabah | D24: 29000 | E24: =IF(AND(C24="",D24=""),"",E23+C24-D24) -> 2002462.5 | F24: Pak Suprayitno | G24: Cash
A25: 45962 | B25: Tabungan Nasabah | C25: =GETPIVOTDATA("Sum of Total Harga",'1-11-25'!$J$2) -> 560888.5 | E25: =IF(AND(C25="",D25=""),"",E24+C25-D25) -> 2563351 | F25: Tanggal 1 November
A26: 45965 | B26: Tarik Tunai Nasabah | D26: 43000 | E26: =IF(AND(C26="",D26=""),"",E25+C26-D26) -> 2520351 | F26: Bu Purwani | G26: TF
A27: 45976 | B27: Tabungan Nasabah | C27: =GETPIVOTDATA("Sum of Total Harga",'15-11-25'!$J$2) -> 507306.5 | E27: =IF(AND(C27="",D27=""),"",E26+C27-D27) -> 3027657.5 | F27: Tanggal 15 November 2025
A28: 45976 | B28: Tarik Tunai Nasabah | D28: 50000 | E28: =IF(AND(C28="",D28=""),"",E27+C28-D28) -> 2977657.5 | F28: Bu Ani | G28: Cash
A29: 46004 | B29: Tabungan Nasabah | C29: =GETPIVOTDATA("Sum of Total Harga",'13-12-25'!$J$2) -> 866252.5 | E29: =IF(AND(C29="",D29=""),"",E28+C29-D29) -> 3843910 | F29: Tanggal 13 Desember 2025
A30: 46014 | B30: Tarik Tunai Nasabah | D30: 100000 | E30: =IF(AND(C30="",D30=""),"",E29+C30-D30) -> 3743910 | F30: Bu Ecin Dwi | G30: TF
A31: 46023 | B31: Tabungan Nasabah | C31: =GETPIVOTDATA("Sum of Total Harga",'3-1-26'!$J$2) -> 755582.5 | E31: =IF(AND(C31="",D31=""),"",E30+C31-D31) -> 4499492.5 | F31: Tanggal 3 Januari 2026
A32: 46047 | B32: Tarik Tunai Nasabah | D32: 140000 | E32: =IF(AND(C32="",D32=""),"",E31+C32-D32) -> 4359492.5 | F32: Bu Widodo | G32: Cash
A33: 46053 | B33: Tabungan Nasabah | C33: =GETPIVOTDATA("Sum of Total Harga",'31-1-26'!$J$4) -> 709346.5 | E33: =IF(AND(C33="",D33=""),"",E32+C33-D33) -> 5068839 | F33: Tanggal 31 Januari 2026
A34: 46053 | B34: Tarik Tunai Nasabah | D34: 3000 | E34: =IF(AND(C34="",D34=""),"",E33+C34-D34) -> 5065839 | F34: Bu Purwani | G34: Cash
A35: 46053 | B35: Tarik Tunai Nasabah | D35: 41000 | E35: =IF(AND(C35="",D35=""),"",E34+C35-D35) -> 5024839 | F35: Bu Devilie | G35: Cash | H35: diambil oleh Bu Yenvitriati
A36: 46054 | B36: Tarik Tunai Nasabah | D36: 80000 | E36: =IF(AND(C36="",D36=""),"",E35+C36-D36) -> 4944839 | F36: Mba Nurhayati | G36: Cash
A37: 46062 | B37: Tarik Tunai Nasabah | D37: 200000 | E37: =IF(AND(C37="",D37=""),"",E36+C37-D37) -> 4744839 | F37: Bu Neni | G37: Cash
A38: 46062 | B38: Tarik Tunai Nasabah | D38: 19572.5 | E38: =IF(AND(C38="",D38=""),"",E37+C38-D38) -> 4725266.5 | F38: Bu Yayuk | G38: TF
A39: 46068 | B39: Tabungan Nasabah | C39: =GETPIVOTDATA("Sum of Total Harga",'15-02-26'!$J$2) -> 543322.5 | E39: =IF(AND(C39="",D39=""),"",E38+C39-D39) -> 5268589 | F39: Tanggal 15 Februari 2026
A40: 46068 | B40: Tarik Tunai Nasabah | D40: 110000 | E40: =IF(AND(C40="",D40=""),"",E39+C40-D40) -> 5158589 | F40: Bu Uum | G40: Cash
A41: 46068 | B41: Tarik Tunai Nasabah | D41: 150000 | E41: =IF(AND(C41="",D41=""),"",E40+C41-D41) -> 5008589 | F41: Bu Wiwin | G41: TF
A42: 46070 | B42: Tarik Tunai Nasabah | D42: 50000 | E42: =IF(AND(C42="",D42=""),"",E41+C42-D42) -> 4958589 | F42: Bu Purwani | G42: Cash
A43: 46070 | B43: Tarik Tunai Nasabah | D43: 100000 | E43: =IF(AND(C43="",D43=""),"",E42+C43-D43) -> 4858589 | F43: Pak Wawan | G43: Cash
A44: 46074 | B44: Tarik Tunai Nasabah | D44: 200000 | E44: =IF(AND(C44="",D44=""),"",E43+C44-D44) -> 4658589 | F44: Bu Angga | G44: Cash
A45: 46078 | B45: Tarik Tunai Nasabah | D45: 100000 | E45: =IF(AND(C45="",D45=""),"",E44+C45-D45) -> 4558589 | F45: Bu Irma | G45: Cash
A46: 46115 | B46: Tarik Tunai Nasabah | D46: 131000 | E46: =IF(AND(C46="",D46=""),"",E45+C46-D46) -> 4427589 | F46: Mba Dian | G46: TF
E47: =IF(AND(C47="",D47=""),"",E46+C47-D47)
E48: =IF(AND(C48="",D48=""),"",E47+C48-D48)
E49: =IF(AND(C49="",D49=""),"",E48+C49-D49)
E50: =IF(AND(C50="",D50=""),"",E49+C50-D50)
E51: =IF(AND(C51="",D51=""),"",E50+C51-D51)
E52: =IF(AND(C52="",D52=""),"",E51+C52-D52)
E53: =IF(AND(C53="",D53=""),"",E52+C53-D53)
E54: =IF(AND(C54="",D54=""),"",E53+C54-D54)
E55: =IF(AND(C55="",D55=""),"",E54+C55-D55)
E56: =IF(AND(C56="",D56=""),"",E55+C56-D56)
E57: =IF(AND(C57="",D57=""),"",E56+C57-D57)
E58: =IF(AND(C58="",D58=""),"",E57+C58-D58)
... E77: =IF(AND(C77="",D77=""),"",E76+C77-D77)

Sheet Bu Erta
B2: No | C2: Jenis Barang | D2: Jumlah | E2: Harga Nasabah | F2: Harga Lapak | G2: Satuan | H2: Total
B3: 1 | C3: Acrylic | E3: 1200 | F3: 1500 | G3: kg
B4: 2 | C4: AC Blower | E4: 90000 | F4: 100000 | G4: unit
B5: 3 | C5: AC Indoor | E5: 35000 | F5: 40000 | G5: unit
B6: 4 | C6: Aki | E6: 6000 | F6: 6500 | G6: kg
B7: 5 | C7: Alumunium | E7: 8000 | F7: 8500 | G7: kg
B8: 6 | C8: Alumunium Foil | E8: 3500 | F8: 4000 | G8: kg
B9: 7 | C9: Asoy | E9: 200 | F9: 300 | G9: kg
B10: 8 | C10: Babet | E10: 7500 | F10: 8000 | G10: kg
B11: 9 | C11: Ban Bekas | E11: 150 | F11: 200 | G11: kg
B12: 10 | C12: Besi | E12: 2500 | F12: 3000 | G12: kg
B13: 11 | C13: Boncos | E13: 300 | F13: 400 | G13: kg
B14: 12 | C14: Botol & Gelas Putih (Kotor) | E14: 1600 | F14: 1700 | G14: kg
... B66: 64 | C66: TV Tabung | E66: 13000 | F66: 15000 | G66: unit

Sheet KamiBox
B2: No | C2: Jenis Barang | D2: Jumlah | E2: Harga Nasabah | F2: Harga Lapak | G2: Satuan | H2: Total
C3: AC | F3: 200000 | G3: set
C4: Aki | F4: 9000
C5: Aluminium | F5: 10000
C6: Arsip | F6: 1000
C7: Asoy | F7: Tidak Terima
C8: Besi | F8: 4000
C9: Boncos Kotor | F9: 400
C10: Botol Kaca Hijau | F10: 100
C11: Botol Kaca Bening/Putih | F11: 200
C12: Botol Kaca Campur | F12: 100
C13: Botol Kaca Coklat/Merah | F13: 800
C14: Botol PET Bersih | F14: 4000
C15: Botol PET Kotor | F15: 2000
C16: Botol Plastik Kemasan Campur | F16: 1000
C17: Buku, Majalah, Brosur, Koran | F17: 1000
C18: Emberan | F18: 1200
C19: Gabrukan | F19: 1000
... C22: Gelas PP Warna | F22: 2000
C23: Handphone | F23: 5000 | G23: pcs
C24: HVS | F24: 2000
C25: Impact | F25: 700
C26: Jelantah | F26: 7000
C27: Kabel | F27: 1500 | G27: kg
C28: Kabin | F28: 2000
C29: Kaca | F29: 100
C30: Kaleng | F30: 2000
C31: Kantung Semen | F31: 1800
C32: Kardus | F32: 1700
C33: Kaset CD | F33: 4000
C34: Komputer | F34: 60000 | G34: set
C35: Kones | F35: 700
C36: Karung Beras | F36: 1200
C37: Kristal Putih | F37: 4000
C38: Kulkas | F38: 50000 | G38: set
C39: Kuningan | F39: 35000
C40: Mesin Cuci | F40: 50000 | G40: set
C41: Mika | F41: Tidak Terima
C42: MIX A/Boncos | F42: 700
C43: Plastik Minyak goreng | F43: Gabung dengan Multilayer
C44: Plastik Multilayer | F44: 500
C45: Plastik PE | F45: 1000
C46: PVC | F46: 900
C47: Seng/Kawat | F47: 700
C48: Styrofoam | F48: 400
C49: Tembaga | F49: 60000
C50: Tetrapak/UBC | F50: 150
C51: Tutup Botol | F51: 3000
C52: Tutup Galon | F52: 4500
C53: TV | F53: 20000 | G53: pcs
C54: Yakult | F54: 1000

Sheet Sheet2
A2: No | B2: Nama | C2: RT | D2: Jenis Sampah | E2: Harga | F2: Berat | G2: Total Harga
A3: 1 | B3: Bu Tetty Hamdi | C3: 1 | D3: Gabrukan | E3: =VLOOKUP(D3,KamiBox!$C$2:$F$54,4,0) -> 1000 | F3: =0.65+2.75 -> 3.4 | G3: =E3*F3 -> 3400 | H3: =VLOOKUP(D3,'Bu Erta'!$C$2:$F$66,4,0)*F3 -> 3740
B4: Bu Tetty Hamdi | D4: Plastik Multilayer | E4: =VLOOKUP(D4,KamiBox!$C$2:$F$54,4,0) -> 500 | F4: =0.95+0.6+0.35+1.5 -> 3.4 | G4: =E4*F4 -> 1700 | H4: =VLOOKUP(D4,'Bu Erta'!$C$2:$F$66,4,0)*F4 -> #N/A
B5: Bu Tetty Hamdi | D5: Boncos Kotor | E5: =VLOOKUP(D5,KamiBox!$C$2:$F$54,4,0) -> 400 | F5: 0.75 | G5: =E5*F5 -> 300 | H5: =VLOOKUP(D5,'Bu Erta'!$C$2:$F$66,4,0)*F5 -> #N/A
B6: Bu Tetty Hamdi | D6: Plastik PE | E6: =VLOOKUP(D6,KamiBox!$C$2:$F$54,4,0) -> 1000 | F6: 0.3 | G6: =E6*F6 -> 300 | H6: =VLOOKUP(D6,'Bu Erta'!$C$2:$F$66,4,0)*F6 -> #N/A
B7: Bu Tetty Hamdi | D7: Kardus | E7: =VLOOKUP(D7,KamiBox!$C$2:$F$54,4,0) -> 1700 | F7: =7.05+11.4 -> 18.45 | G7: =E7*F7 -> 31365 | H7: =VLOOKUP(D7,'Bu Erta'!$C$2:$F$66,4,0)*F7 -> #N/A
A8: 2 | B8: Bu Wuri | C8: 4 | D8: Kardus | E8: =VLOOKUP(D8,KamiBox!$C$2:$F$54,4,0) -> 1700 | F8: 2.09 | G8: =E8*F8 -> 3553 | H8: =VLOOKUP(D8,'Bu Erta'!$C$2:$F$66,4,0)*F8 -> #N/A
B9: Bu Wuri | D9: Styrofoam | E9: =VLOOKUP(D9,KamiBox!$C$2:$F$54,4,0) -> 400 | F9: 0.1 | G9: =E9*F9 -> 40 | H9: =VLOOKUP(D9,'Bu Erta'!$C$2:$F$66,4,0)*F9 -> #N/A
B10: Bu Wuri | D10: Plastik Multilayer | E10: =VLOOKUP(D10,KamiBox!$C$2:$F$54,4,0) -> 500 | F10: 1.1 | G10: =E10*F10 -> 550 | H10: =VLOOKUP(D10,'Bu Erta'!$C$2:$F$66,4,0)*F10 -> #N/A
B11: Bu Wuri | D11: Tutup Galon | E11: =VLOOKUP(D11,KamiBox!$C$2:$F$54,4,0) -> 4500 | F11: 0.3 | G11: =E11*F11 -> 1350 | H11: =VLOOKUP(D11,'Bu Erta'!$C$2:$F$66,4,0)*F11 -> 1200
B12: Bu Wuri | D12: Tutup Botol | E12: =VLOOKUP(D12,KamiBox!$C$2:$F$54,4,0) -> 3000 | F12: 0.25 | G12: =E12*F12 -> 750 | H12: =VLOOKUP(D12,'Bu Erta'!$C$2:$F$66,4,0)*F12 -> 750
B13: Bu Wuri | D13: Botol PET Bersih | E13: =VLOOKUP(D13,KamiBox!$C$2:$F$54,4,0) -> 4000 | F13: 1.8 | G13: =E13*F13 -> 7200 | H13: =VLOOKUP(D13,'Bu Erta'!$C$2:$F$66,4,0)*F13 -> #N/A
B14: Bu Wuri | D14: Emberan | E14: =VLOOKUP(D14,KamiBox!$C$2:$F$54,4,0) -> 1200 | F14: 4.15 | G14: =E14*F14 -> 4980 | H14: =VLOOKUP(D14,'Bu Erta'!$C$2:$F$66,4,0)*F14 -> 6640
B15: Bu Wuri | D15: Plastik PE | E15: =VLOOKUP(D15,KamiBox!$C$2:$F$54,4,0) -> 1000 | F15: =0.2+0.3 -> 0.5 | G15: =E15*F15 -> 500 | H15: =VLOOKUP(D15,'Bu Erta'!$C$2:$F$66,4,0)*F15 -> #N/A
B16: Bu Wuri | D16: Naso | E16: =VLOOKUP(D16,KamiBox!$C$2:$F$54,4,0) -> #N/A | F16: 0.25 | G16: =E16*F16 -> #N/A | H16: =VLOOKUP(D16,'Bu Erta'!$C$2:$F$66,4,0)*F16 -> 625
B17: Bu Wuri | D17: Impact | E17: =VLOOKUP(D17,KamiBox!$C$2:$F$54,4,0) -> 700 | F17: =0.55+0.65 -> 1.2 | G17: =E17*F17 -> 840 | H17: =VLOOKUP(D17,'Bu Erta'!$C$2:$F$66,4,0)*F17 -> 780
B18: Bu Wuri | D18: Gelas PP Bersih | E18: =VLOOKUP(D18,KamiBox!$C$2:$F$54,4,0) -> 3500 | F18: 0.1 | G18: =E18*F18 -> 350 | H18: =VLOOKUP(D18,'Bu Erta'!$C$2:$F$66,4,0)*F18 -> #N/A
B19: Bu Wuri | D19: Kaca | E19: =VLOOKUP(D19,KamiBox!$C$2:$F$54,4,0) -> 100 | F19: 0.55 | G19: =E19*F19 -> 55 | H19: =VLOOKUP(D19,'Bu Erta'!$C$2:$F$66,4,0)*F19 -> #N/A
B20: Bu Wuri | D20: Kabin | E20: =VLOOKUP(D20,KamiBox!$C$2:$F$54,4,0) -> 2000 | F20: 0.1 | G20: =E20*F20 -> 200 | H20: =VLOOKUP(D20,'Bu Erta'!$C$2:$F$66,4,0)*F20 -> 200
B21: Bu Wuri | D21: Kaleng | E21: =VLOOKUP(D21,KamiBox!$C$2:$F$54,4,0) -> 2000 | F21: 0.6 | G21: =E21*F21 -> 1200 | H21: =VLOOKUP(D21,'Bu Erta'!$C$2:$F$66,4,0)*F21 -> 1200
B22: Bu Wuri | D22: Kristal Putih | E22: =VLOOKUP(D22,KamiBox!$C$2:$F$54,4,0) -> 4000 | F22: 0.2 | G22: =E22*F22 -> 800 | H22: =VLOOKUP(D22,'Bu Erta'!$C$2:$F$66,4,0)*F22 -> #N/A
B23: Bu Wuri | D23: Boncos Kotor | E23: =VLOOKUP(D23,KamiBox!$C$2:$F$54,4,0) -> 400 | F23: 1.8 | G23: =E23*F23 -> 720 | H23: =VLOOKUP(D23,'Bu Erta'!$C$2:$F$66,4,0)*F23 -> #N/A
A24: 3 | B24: Bu Suci | C24: 4 | D24: Botol PET Bersih | E24: =VLOOKUP(D24,KamiBox!$C$2:$F$54,4,0) -> 4000 | F24: 1.1 | G24: =E24*F24 -> 4400 | H24: =VLOOKUP(D24,'Bu Erta'!$C$2:$F$66,4,0)*F24 -> #N/A
B25: Bu Suci | D25: Tutup Botol | E25: =VLOOKUP(D25,KamiBox!$C$2:$F$54,4,0) -> 3000 | F25: 0.05 | G25: =E25*F25 -> 150 | H25: =VLOOKUP(D25,'Bu Erta'!$C$2:$F$66,4,0)*F25 -> 150
B26: Bu Suci | D26: Emberan | E26: =VLOOKUP(D26,KamiBox!$C$2:$F$54,4,0) -> 1200 | F26: =0.7+1.95+4.2+4.8+3+1.55+0.2+0.6+2+1.85 -> 20.85 | G26: =E26*F26 -> 25020 | H26: =VLOOKUP(D26,'Bu Erta'!$C$2:$F$66,4,0)*F26 -> 33360
B27: Bu Suci | D27: Kaca | E27: =VLOOKUP(D27,KamiBox!$C$2:$F$54,4,0) -> 100 | F27: =3.25+2+0.3+1.05+0.65 -> 7.25 | G27: =E27*F27 -> 725 | H27: =VLOOKUP(D27,'Bu Erta'!$C$2:$F$66,4,0)*F27 -> #N/A
B28: Bu Suci | D28: Kaleng | E28: =VLOOKUP(D28,KamiBox!$C$2:$F$54,4,0) -> 2000 | F28: =0.8+1.8 -> 2.6 | G28: =E28*F28 -> 5200 | H28: =VLOOKUP(D28,'Bu Erta'!$C$2:$F$66,4,0)*F28 -> 5200
B29: Bu Suci | D29: Kabin | E29: =VLOOKUP(D29,KamiBox!$C$2:$F$54,4,0) -> 2000 | F29: =1.15+1.9+1.15+2.35+3.75 -> 10.3 | G29: =E29*F29 -> 20600 | H29: =VLOOKUP(D29,'Bu Erta'!$C$2:$F$66,4,0)*F29 -> 20600
B30: Bu Suci | D30: Styrofoam | E30: =VLOOKUP(D30,KamiBox!$C$2:$F$54,4,0) -> 400 | F30: 0.25 | G30: =E30*F30 -> 100 | H30: =VLOOKUP(D30,'Bu Erta'!$C$2:$F$66,4,0)*F30 -> #N/A
B31: Bu Suci | D31: Buku, Majalah, Brosur, Koran | E31: =VLOOKUP(D31,KamiBox!$C$2:$F$54,4,0) -> 1000 | F31: 0.6 | G31: =E31*F31 -> 600 | H31: =VLOOKUP(D31,'Bu Erta'!$C$2:$F$66,4,0)*F31 -> #N/A
B32: Bu Suci | D32: Galon PC | E32: =VLOOKUP(D32,KamiBox!$C$2:$F$54,4,0) -> 3000 | F32: 1 | G32: =E32*F32 -> 3000 | H32: =VLOOKUP(D32,'Bu Erta'!$C$2:$F$66,4,0)*F32 -> #N/A
B33: Bu Suci | D33: Injek | E33: =VLOOKUP(D33,KamiBox!$C$2:$F$54,4,0) -> #N/A | F33: 0.2 | G33: =E33*F33 -> #N/A | H33: =VLOOKUP(D33,'Bu Erta'!$C$2:$F$66,4,0)*F33 -> 400
B34: Bu Suci | D34: Kristal Putih | E34: =VLOOKUP(D34,KamiBox!$C$2:$F$54,4,0) -> 4000 | F34: 0.25 | G34: =E34*F34 -> 1000 | H34: =VLOOKUP(D34,'Bu Erta'!$C$2:$F$66,4,0)*F34 -> #N/A
B35: Bu Suci | D35: Kardus | E35: =VLOOKUP(D35,KamiBox!$C$2:$F$54,4,0) -> 1700 | F35: =5.1+2.2 -> 7.3 | G35: =E35*F35 -> 12410 | H35: =VLOOKUP(D35,'Bu Erta'!$C$2:$F$66,4,0)*F35 -> #N/A
B36: Bu Suci | D36: Boncos Kotor | E36: =VLOOKUP(D36,KamiBox!$C$2:$F$54,4,0) -> 400 | F36: 0.6 | G36: =E36*F36 -> 240 | H36: =VLOOKUP(D36,'Bu Erta'!$C$2:$F$66,4,0)*F36 -> #N/A
B37: Bu Suci | D37: Besi | E37: =VLOOKUP(D37,KamiBox!$C$2:$F$54,4,0) -> 4000 | F37: =1.95+6.6 -> 8.55 | G37: =E37*F37 -> 34200 | H37: =VLOOKUP(D37,'Bu Erta'!$C$2:$F$66,4,0)*F37 -> 25650
B38: Bu Suci | D38: Kabel | E38: =VLOOKUP(D38,KamiBox!$C$2:$F$54,4,0) -> 1500 | F38: =0.8+1.3 -> 2.1 | G38: =E38*F38 -> 3150 | H38: =VLOOKUP(D38,'Bu Erta'!$C$2:$F$66,4,0)*F38 -> 3360
B39: Bu Suci | D39: Akrilik | E39: =VLOOKUP(D39,KamiBox!$C$2:$F$54,4,0) -> #N/A | F39: 2.35 | G39: =E39*F39 -> #N/A | H39: =VLOOKUP(D39,'Bu Erta'!$C$2:$F$66,4,0)*F39 -> #N/A
A40: 4 | B40: Bu Ecin Dwi | C40: 5 | D40: Kardus | E40: =VLOOKUP(D40,KamiBox!$C$2:$F$54,4,0) -> 1700 | F40: 3.85 | G40: =E40*F40 -> 6545 | H40: =VLOOKUP(D40,'Bu Erta'!$C$2:$F$66,4,0)*F40 -> #N/A
B41: Bu Ecin Dwi | D41: Gelas PP Bersih | E41: =VLOOKUP(D41,KamiBox!$C$2:$F$54,4,0) -> 3500 | F41: 0.55 | G41: =E41*F41 -> 1925 | H41: =VLOOKUP(D41,'Bu Erta'!$C$2:$F$66,4,0)*F41 -> #N/A
B42: Bu Ecin Dwi | D42: Botol PET Bersih | E42: =VLOOKUP(D42,KamiBox!$C$2:$F$54,4,0) -> 4000 | F42: 0.7 | G42: =E42*F42 -> 2800 | H42: =VLOOKUP(D42,'Bu Erta'!$C$2:$F$66,4,0)*F42 -> #N/A
B43: Bu Ecin Dwi | D43: Plastik Multilayer | E43: =VLOOKUP(D43,KamiBox!$C$2:$F$54,4,0) -> 500 | F43: 2.3 | G43: =E43*F43 -> 1150 | H43: =VLOOKUP(D43,'Bu Erta'!$C$2:$F$66,4,0)*F43 -> #N/A
B44: Bu Ecin Dwi | D44: Tutup Botol | E44: =VLOOKUP(D44,KamiBox!$C$2:$F$54,4,0) -> 3000 | F44: 0.15 | G44: =E44*F44 -> 450 | H44: =VLOOKUP(D44,'Bu Erta'!$C$2:$F$66,4,0)*F44 -> 450
B45: Bu Ecin Dwi | D45: Gabrukan | E45: =VLOOKUP(D45,KamiBox!$C$2:$F$54,4,0) -> 1000 | F45: 1.15 | G45: =E45*F45 -> 1150 | H45: =VLOOKUP(D45,'Bu Erta'!$C$2:$F$66,4,0)*F45 -> 1265
A46: 5 | B46: Bu Termin | C46: 1 | D46: Kardus | E46: =VLOOKUP(D46,KamiBox!$C$2:$F$54,4,0) -> 1700 | F46: 2.3 | G46: =E46*F46 -> 3910 | H46: =VLOOKUP(D46,'Bu Erta'!$C$2:$F$66,4,0)*F46 -> #N/A
B47: Bu Termin | D47: Emberan | E47: =VLOOKUP(D47,KamiBox!$C$2:$F$54,4,0) -> 1200 | F47: =1.8+0.4 -> 2.2 | G47: =E47*F47 -> 2640 | H47: =VLOOKUP(D47,'Bu Erta'!$C$2:$F$66,4,0)*F47 -> 3520
B48: Bu Termin | D48: Botol PET Bersih | E48: =VLOOKUP(D48,KamiBox!$C$2:$F$54,4,0) -> 4000 | F48: 1.05 | G48: =E48*F48 -> 4200 | H48: =VLOOKUP(D48,'Bu Erta'!$C$2:$F$66,4,0)*F48 -> #N/A
B49: Bu Termin | D49: Gelas PP Kotor | E49: =VLOOKUP(D49,KamiBox!$C$2:$F$54,4,0) -> #N/A | F49: 0.15 | G49: =E49*F49 -> #N/A | H49: =VLOOKUP(D49,'Bu Erta'!$C$2:$F$66,4,0)*F49 -> #N/A
B50: Bu Termin | D50: Kaca | E50: =VLOOKUP(D50,KamiBox!$C$2:$F$54,4,0) -> 100 | F50: 2.75 | G50: =E50*F50 -> 275 | H50: =VLOOKUP(D50,'Bu Erta'!$C$2:$F$66,4,0)*F50 -> #N/A
B51: Bu Termin | D51: Kaleng | E51: =VLOOKUP(D51,KamiBox!$C$2:$F$54,4,0) -> 2000 | F51: 0.9 | G51: =E51*F51 -> 1800 | H51: =VLOOKUP(D51,'Bu Erta'!$C$2:$F$66,4,0)*F51 -> 1800
A52: 6 | B52: Pak Giri | C52: 4 | D52: Naso | E52: =VLOOKUP(D52,KamiBox!$C$2:$F$54,4,0) -> #N/A | F52: 0.4 | G52: =E52*F52 -> #N/A | H52: =VLOOKUP(D52,'Bu Erta'!$C$2:$F$66,4,0)*F52 -> 1000
B53: Pak Giri | D53: Gelas PP Kotor | E53: =VLOOKUP(D53,KamiBox!$C$2:$F$54,4,0) -> #N/A | F53: 1.3 | G53: =E53*F53 -> #N/A | H53: =VLOOKUP(D53,'Bu Erta'!$C$2:$F$66,4,0)*F53 -> #N/A
B54: Pak Giri | D54: Kabin | E54: =VLOOKUP(D54,KamiBox!$C$2:$F$54,4,0) -> 2000 | F54: 0.2 | G54: =E54*F54 -> 400 | H54: =VLOOKUP(D54,'Bu Erta'!$C$2:$F$66,4,0)*F54 -> 400
B55: Pak Giri | D55: Kardus | E55: =VLOOKUP(D55,KamiBox!$C$2:$F$54,4,0) -> 1700 | F55: 3.9 | G55: =E55*F55 -> 6630 | H55: =VLOOKUP(D55,'Bu Erta'!$C$2:$F$66,4,0)*F55 -> #N/A
B56: Pak Giri | D56: Plastik PE | E56: =VLOOKUP(D56,KamiBox!$C$2:$F$54,4,0) -> 1000 | F56: 1.2 | G56: =E56*F56 -> 1200 | H56: =VLOOKUP(D56,'Bu Erta'!$C$2:$F$66,4,0)*F56 -> #N/A
B57: Pak Giri | D57: Plastik Multilayer | E57: =VLOOKUP(D57,KamiBox!$C$2:$F$54,4,0) -> 500 | F57: 0.2 | G57: =E57*F57 -> 100 | H57: =VLOOKUP(D57,'Bu Erta'!$C$2:$F$66,4,0)*F57 -> #N/A
A58: 7 | B58: Bu Lidia | C58: 3 | D58: Jelantah | E58: =VLOOKUP(D58,KamiBox!$C$2:$F$54,4,0) -> 7000 | F58: 0.75 | G58: =E58*F58 -> 5250 | H58: =VLOOKUP(D58,'Bu Erta'!$C$2:$F$66,4,0)*F58 -> #N/A
B59: Bu Lidia | D59: Gelas PP Kotor | E59: =VLOOKUP(D59,KamiBox!$C$2:$F$54,4,0) -> #N/A | F59: 0.1 | G59: =E59*F59 -> #N/A | H59: =VLOOKUP(D59,'Bu Erta'!$C$2:$F$66,4,0)*F59 -> #N/A
B60: Bu Lidia | D60: Emberan | E60: =VLOOKUP(D60,KamiBox!$C$2:$F$54,4,0) -> 1200 | F60: 0.05 | G60: =E60*F60 -> 60 | H60: =VLOOKUP(D60,'Bu Erta'!$C$2:$F$66,4,0)*F60 -> 80
B61: Bu Lidia | D61: Impact | E61: =VLOOKUP(D61,KamiBox!$C$2:$F$54,4,0) -> 700 | F61: 0.3 | G61: =E61*F61 -> 210 | H61: =VLOOKUP(D61,'Bu Erta'!$C$2:$F$66,4,0)*F61 -> 195
A62: 8 | B62: Bu Sukayah | C62: 3 | D62: Kaset CD | E62: =VLOOKUP(D62,KamiBox!$C$2:$F$54,4,0) -> 4000 | F62: 3.85 | G62: =E62*F62 -> 15400 | H62: =VLOOKUP(D62,'Bu Erta'!$C$2:$F$66,4,0)*F62 -> #N/A
B63: Bu Sukayah | D63: Boncos Kotor | E63: =VLOOKUP(D63,KamiBox!$C$2:$F$54,4,0) -> 400 | F63: 0.15 | G63: =E63*F63 -> 60 | H63: =VLOOKUP(D63,'Bu Erta'!$C$2:$F$66,4,0)*F63 -> #N/A
B64: Bu Sukayah | D64: Gelas PP Kotor | E64: =VLOOKUP(D64,KamiBox!$C$2:$F$54,4,0) -> #N/A | F64: 0.25 | G64: =E64*F64 -> #N/A | H64: =VLOOKUP(D64,'Bu Erta'!$C$2:$F$66,4,0)*F64 -> #N/A
B65: Bu Sukayah | D65: Botol PET Kotor | E65: =VLOOKUP(D65,KamiBox!$C$2:$F$54,4,0) -> 2000 | F65: 0.2 | G65: =E65*F65 -> 400 | H65: =VLOOKUP(D65,'Bu Erta'!$C$2:$F$66,4,0)*F65 -> #N/A
B66: Bu Sukayah | D66: Plastik Multilayer | E66: =VLOOKUP(D66,KamiBox!$C$2:$F$54,4,0) -> 500 | F66: =0.3+0.25 -> 0.55 | G66: =E66*F66 -> 275 | H66: =VLOOKUP(D66,'Bu Erta'!$C$2:$F$66,4,0)*F66 -> #N/A
B67: Bu Sukayah | D67: Emberan | E67: =VLOOKUP(D67,KamiBox!$C$2:$F$54,4,0) -> 1200 | F67: =1.5+1.9 -> 3.4 | G67: =E67*F67 -> 4080 | H67: =VLOOKUP(D67,'Bu Erta'!$C$2:$F$66,4,0)*F67 -> 5440
B68: Bu Sukayah | D68: Kardus | E68: =VLOOKUP(D68,KamiBox!$C$2:$F$54,4,0) -> 1700 | F68: 0.9 | G68: =E68*F68 -> 1530 | H68: =VLOOKUP(D68,'Bu Erta'!$C$2:$F$66,4,0)*F68 -> #N/A
B69: Bu Sukayah | D69: Besi | E69: =VLOOKUP(D69,KamiBox!$C$2:$F$54,4,0) -> 4000 | F69: 0.15 | G69: =E69*F69 -> 600 | H69: =VLOOKUP(D69,'Bu Erta'!$C$2:$F$66,4,0)*F69 -> 450
A70: 9 | B70: Bu Widodo | C70: 2 | D70: Botol PET Bersih | E70: =VLOOKUP(D70,KamiBox!$C$2:$F$54,4,0) -> 4000 | F70: =1+1.1+1.65+0.95+1.2+0.75 -> 6.65 | G70: =E70*F70 -> 26600 | H70: =VLOOKUP(D70,'Bu Erta'!$C$2:$F$66,4,0)*F70 -> #N/A
B71: Bu Widodo | D71: Gelas PP Bersih | E71: =VLOOKUP(D71,KamiBox!$C$2:$F$54,4,0) -> 3500 | F71: =0.55+0.55 -> 1.1 | G71: =E71*F71 -> 3850 | H71: =VLOOKUP(D71,'Bu Erta'!$C$2:$F$66,4,0)*F71 -> #N/A
B72: Bu Widodo | D72: Gelas PP Kotor | E72: =VLOOKUP(D72,KamiBox!$C$2:$F$54,4,0) -> #N/A | F72: 0.15 | G72: =E72*F72 -> #N/A | H72: =VLOOKUP(D72,'Bu Erta'!$C$2:$F$66,4,0)*F72 -> #N/A
B73: Bu Widodo | D73: Emberan | E73: =VLOOKUP(D73,KamiBox!$C$2:$F$54,4,0) -> 1200 | F73: =0.3+0.05 -> 0.35 | G73: =E73*F73 -> 420 | H73: =VLOOKUP(D73,'Bu Erta'!$C$2:$F$66,4,0)*F73 -> 560
B74: Bu Widodo | D74: Tutup Botol | E74: =VLOOKUP(D74,KamiBox!$C$2:$F$54,4,0) -> 3000 | F74: 1.45 | G74: =E74*F74 -> 4350 | H74: =VLOOKUP(D74,'Bu Erta'!$C$2:$F$66,4,0)*F74 -> 4350
B75: Bu Widodo | D75: Plastik Multilayer | E75: =VLOOKUP(D75,KamiBox!$C$2:$F$54,4,0) -> 500 | F75: 0.15 | G75: =E75*F75 -> 75 | H75: =VLOOKUP(D75,'Bu Erta'!$C$2:$F$66,4,0)*F75 -> #N/A
B76: Bu Widodo | D76: Boncos Kotor | E76: =VLOOKUP(D76,KamiBox!$C$2:$F$54,4,0) -> 400 | F76: 0.2 | G76: =E76*F76 -> 80 | H76: =VLOOKUP(D76,'Bu Erta'!$C$2:$F$66,4,0)*F76 -> #N/A
B77: Bu Widodo | D77: Jelantah | E77: =VLOOKUP(D77,KamiBox!$C$2:$F$54,4,0) -> 7000 | F77: 0.55 | G77: =E77*F77 -> 3850 | H77: =VLOOKUP(D77,'Bu Erta'!$C$2:$F$66,4,0)*F77 -> #N/A
B78: Bu Widodo | D78: Besi | E78: =VLOOKUP(D78,KamiBox!$C$2:$F$54,4,0) -> 4000 | F78: =1.1+0.65 -> 1.75 | G78: =E78*F78 -> 7000 | H78: =VLOOKUP(D78,'Bu Erta'!$C$2:$F$66,4,0)*F78 -> 5250
B79: Bu Widodo | D79: Kardus | E79: =VLOOKUP(D79,KamiBox!$C$2:$F$54,4,0) -> 1700 | F79: 12.12 | G79: =E79*F79 -> 20604 | H79: =VLOOKUP(D79,'Bu Erta'!$C$2:$F$66,4,0)*F79 -> #N/A
A80: 10 | B80: Bu Purwani | C80: 3 | D80: Gabrukan | E80: =VLOOKUP(D80,KamiBox!$C$2:$F$54,4,0) -> 1000 | F80: 1 | G80: =E80*F80 -> 1000 | H80: =VLOOKUP(D80,'Bu Erta'!$C$2:$F$66,4,0)*F80 -> 1100
B81: Bu Purwani | D81: Emberan | E81: =VLOOKUP(D81,KamiBox!$C$2:$F$54,4,0) -> 1200 | F81: 0.2 | G81: =E81*F81 -> 240 | H81: =VLOOKUP(D81,'Bu Erta'!$C$2:$F$66,4,0)*F81 -> 320
B82: Bu Purwani | D82: Boncos Kotor | E82: =VLOOKUP(D82,KamiBox!$C$2:$F$54,4,0) -> 400 | F82: 2 | G82: =E82*F82 -> 800 | H82: =VLOOKUP(D82,'Bu Erta'!$C$2:$F$66,4,0)*F82 -> #N/A
B83: Bu Purwani | D83: Plastik Multilayer | E83: =VLOOKUP(D83,KamiBox!$C$2:$F$54,4,0) -> 500 | F83: 0.95 | G83: =E83*F83 -> 475 | H83: =VLOOKUP(D83,'Bu Erta'!$C$2:$F$66,4,0)*F83 -> #N/A
B84: Bu Purwani | D84: Tutup Botol | E84: =VLOOKUP(D84,KamiBox!$C$2:$F$54,4,0) -> 3000 | F84: 0.25 | G84: =E84*F84 -> 750 | H84: =VLOOKUP(D84,'Bu Erta'!$C$2:$F$66,4,0)*F84 -> 750
B85: Bu Purwani | D85: Kardus | E85: =VLOOKUP(D85,KamiBox!$C$2:$F$54,4,0) -> 1700 | F85: 8.25 | G85: =E85*F85 -> 14025 | H85: =VLOOKUP(D85,'Bu Erta'!$C$2:$F$66,4,0)*F85 -> #N/A
B86: Bu Purwani | D86: Jelantah | E86: =VLOOKUP(D86,KamiBox!$C$2:$F$54,4,0) -> 7000 | F86: 11.4 | G86: =E86*F86 -> 79800 | H86: =VLOOKUP(D86,'Bu Erta'!$C$2:$F$66,4,0)*F86 -> #N/A
A87: 11 | B87: Bu Neni | C87: 4 | D87: Emberan | E87: =VLOOKUP(D87,KamiBox!$C$2:$F$54,4,0) -> 1200 | F87: =0.2+0.45+1.2 -> 1.85 | G87: =E87*F87 -> 2220 | H87: =VLOOKUP(D87,'Bu Erta'!$C$2:$F$66,4,0)*F87 -> 2960
B88: Bu Neni | D88: Kaca | E88: =VLOOKUP(D88,KamiBox!$C$2:$F$54,4,0) -> 100 | F88: =0.35+0.35 -> 0.7 | G88: =E88*F88 -> 70 | H88: =VLOOKUP(D88,'Bu Erta'!$C$2:$F$66,4,0)*F88 -> #N/A
B89: Bu Neni | D89: Kardus | E89: =VLOOKUP(D89,KamiBox!$C$2:$F$54,4,0) -> 1700 | F89: 4.05 | G89: =E89*F89 -> 6885 | H89: =VLOOKUP(D89,'Bu Erta'!$C$2:$F$66,4,0)*F89 -> #N/A
B90: Bu Neni | D90: Botol PET Bersih | E90: =VLOOKUP(D90,KamiBox!$C$2:$F$54,4,0) -> 4000 | F90: 2.55 | G90: =E90*F90 -> 10200 | H90: =VLOOKUP(D90,'Bu Erta'!$C$2:$F$66,4,0)*F90 -> #N/A
B91: Bu Neni | D91: Tutup Botol | E91: =VLOOKUP(D91,KamiBox!$C$2:$F$54,4,0) -> 3000 | F91: 0.35 | G91: =E91*F91 -> 1050 | H91: =VLOOKUP(D91,'Bu Erta'!$C$2:$F$66,4,0)*F91 -> 1050
B92: Bu Neni | D92: Plastik Multilayer | E92: =VLOOKUP(D92,KamiBox!$C$2:$F$54,4,0) -> 500 | F92: 1.65 | G92: =E92*F92 -> 825 | H92: =VLOOKUP(D92,'Bu Erta'!$C$2:$F$66,4,0)*F92 -> #N/A
B93: Bu Neni | D93: Kaleng | E93: =VLOOKUP(D93,KamiBox!$C$2:$F$54,4,0) -> 2000 | F93: 0.7 | G93: =E93*F93 -> 1400 | H93: =VLOOKUP(D93,'Bu Erta'!$C$2:$F$66,4,0)*F93 -> 1400
B94: Bu Neni | D94: Buku, Majalah, Brosur, Koran | E94: =VLOOKUP(D94,KamiBox!$C$2:$F$54,4,0) -> 1000 | F94: 4.45 | G94: =E94*F94 -> 4450 | H94: =VLOOKUP(D94,'Bu Erta'!$C$2:$F$66,4,0)*F94 -> #N/A
B95: Bu Neni | D95: Kabel | E95: =VLOOKUP(D95,KamiBox!$C$2:$F$54,4,0) -> 1500 | F95: 0.45 | G95: =E95*F95 -> 675 | H95: =VLOOKUP(D95,'Bu Erta'!$C$2:$F$66,4,0)*F95 -> 720
B96: Bu Neni | D96: Kaleng | E96: =VLOOKUP(D96,KamiBox!$C$2:$F$54,4,0) -> 2000 | F96: 0.1 | G96: =E96*F96 -> 200 | H96: =VLOOKUP(D96,'Bu Erta'!$C$2:$F$66,4,0)*F96 -> 200
B97: Bu Neni | D97: Besi | E97: =VLOOKUP(D97,KamiBox!$C$2:$F$54,4,0) -> 4000 | F97: 0.9 | G97: =E97*F97 -> 3600 | H97: =VLOOKUP(D97,'Bu Erta'!$C$2:$F$66,4,0)*F97 -> 2700
A98: 12 | B98: Bu Nining | C98: 4 | D98: Emberan | E98: =VLOOKUP(D98,KamiBox!$C$2:$F$54,4,0) -> 1200 | F98: =4.05+0.35 -> 4.4 | G98: =E98*F98 -> 5280 | H98: =VLOOKUP(D98,'Bu Erta'!$C$2:$F$66,4,0)*F98 -> 7040
B99: Bu Nining | D99: Plastik Multilayer | E99: =VLOOKUP(D99,KamiBox!$C$2:$F$54,4,0) -> 500 | F99: 0.15 | G99: =E99*F99 -> 75 | H99: =VLOOKUP(D99,'Bu Erta'!$C$2:$F$66,4,0)*F99 -> #N/A
B100: Bu Nining | D100: Tutup Botol | E100: =VLOOKUP(D100,KamiBox!$C$2:$F$54,4,0) -> 3000 | F100: 0.05 | G100: =E100*F100 -> 150 | H100: =VLOOKUP(D100,'Bu Erta'!$C$2:$F$66,4,0)*F100 -> 150
B101: Bu Nining | D101: Gabrukan | E101: =VLOOKUP(D101,KamiBox!$C$2:$F$54,4,0) -> 1000 | F101: 0.8 | G101: =E101*F101 -> 800 | H101: =VLOOKUP(D101,'Bu Erta'!$C$2:$F$66,4,0)*F101 -> 880
...

Sheet Tabungan Nasabah
E1: 2025 | O1: 2026
C2: Nama | D2: No. RT | E2: 12 Juli | F2: 26 Juli | G2: 9 Agustus | H2: 23 Agustus | I2: 7 September | J2: 21 September | K2: 19 Oktober | L2: 1 November | M2: 15 November | N2: 13 Desember | O2: 3 Januari | P2: 31 Januari | Q2: 15 Februari | V2: Total | W2: Sisa Saldo | X2: Tanggal Ambil | Y2: Keterangan
B3: 1 | C3: Bu Admini | D3: 1 | E3: =VLOOKUP(C3,'12-7-2025'!$J$2:$L$53,3,0) -> 16430 | F3: =VLOOKUP(C3,'26-7-2025'!$N$2:$P$50,3,0) -> 952.5 | G3: =VLOOKUP(C3,'9-8-2025'!$N$2:$P$57,3,0) -> 7450 | H3: =VLOOKUP(C3,'23-8-2025'!$J$2:$L$54,3,0) -> 9167.5 | I3: =VLOOKUP(C3,'7-9-2025'!$J$2:$L$57,3,0) -> 6900 | K3: =VLOOKUP(C3,'19-10-25'!$J$2:$L$69,3,0) -> 9965 | L3: =VLOOKUP(C3,'1-11-25'!$J$2:$L$48,3,0) -> 3680 | N3: =VLOOKUP(C3,'13-12-25'!$J$2:$L$64,3,0) -> 9965 | Q3: =VLOOKUP(C3,'15-02-26'!$J$2:$L$41,3,0) -> 7245 | V3: =SUM(E3:U3) -> 71755 | W3: =V3 -> 71755
B4: 2 | C4: Bu Betria | D4: 1 | H4: =VLOOKUP(C4,'23-8-2025'!$J$2:$L$54,3,0) -> 17495 | I4: =VLOOKUP(C4,'7-9-2025'!$J$2:$L$57,3,0) -> 9545 | J4: =VLOOKUP(C4,'21-9-2025'!$J$2:$L$55,3,0) -> 3800 | K4: =VLOOKUP(C4,'19-10-25'!$J$2:$L$69,3,0) -> 92900 | L4: =VLOOKUP(C4,'1-11-25'!$J$2:$L$48,3,0) -> 19550 | M4: =VLOOKUP(C4,'15-11-25'!$J$2:$L$46,3,0) -> 4660 | N4: =VLOOKUP(C4,'13-12-25'!$J$2:$L$64,3,0) -> 24155 | P4: =VLOOKUP(C4,'31-1-26'!$J$4:$L$53,3,0) -> 32960 | Q4: =VLOOKUP(C4,'15-02-26'!$J$2:$L$41,3,0) -> 14305 | V4: =SUM(E4:U4) -> 219370 | W4: =V4 -> 219370
B5: 3 | C5: Bu Mala | D5: 1 | E5: =VLOOKUP(C5,'12-7-2025'!$J$2:$L$53,3,0) -> 1010 | F5: =VLOOKUP(C5,'26-7-2025'!$N$2:$P$50,3,0) -> 980 | V5: =SUM(E5:U5) -> 1990 | W5: =V5 -> 1990
B6: 4 | C6: Bu Maryani | D6: 1 | G6: =VLOOKUP(C6,'9-8-2025'!$N$2:$P$57,3,0) -> 20520 | K6: =VLOOKUP(C6,'19-10-25'!$J$2:$L$69,3,0) -> 600 | O6: =VLOOKUP(C6,'3-1-26'!$J$2:$L$48,3,0) -> 150 | V6: =SUM(E6:U6) -> 21270 | W6: =V6-20000 -> 1270 | X6: 19 Oktober | Y6: Cash
B7: 5 | C7: Bu Nita | D7: 1 | G7: =VLOOKUP(C7,'9-8-2025'!$N$2:$P$57,3,0) -> 2200 | J7: =VLOOKUP(C7,'21-9-2025'!$J$2:$L$55,3,0) -> 9665 | K7: =VLOOKUP(C7,'19-10-25'!$J$2:$L$69,3,0) -> 8670 | M7: =VLOOKUP(C7,'15-11-25'!$J$2:$L$46,3,0) -> 4190 | O7: =VLOOKUP(C7,'3-1-26'!$J$2:$L$48,3,0) -> 23150 | Q7: =VLOOKUP(C7,'15-02-26'!$J$2:$L$41,3,0) -> 11945 | V7: =SUM(E7:U7) -> 59820 | W7: =V7 -> 59820
B8: 6 | C8: Bu Nurjanah | D8: 1 | G8: =VLOOKUP(C8,'9-8-2025'!$N$2:$P$57,3,0) -> 24060 | H8: =VLOOKUP(C8,'23-8-2025'!$J$2:$L$54,3,0) -> 3065 | I8: =VLOOKUP(C8,'7-9-2025'!$J$2:$L$57,3,0) -> 940 | J8: =VLOOKUP(C8,'21-9-2025'!$J$2:$L$55,3,0) -> 1860 | M8: =VLOOKUP(C8,'15-11-25'!$J$2:$L$46,3,0) -> 800 | N8: =VLOOKUP(C8,'13-12-25'!$J$2:$L$64,3,0) -> 3200 | O8: =VLOOKUP(C8,'3-1-26'!$J$2:$L$48,3,0) -> 7460 | V8: =SUM(E8:U8) -> 41385 | W8: =V8 -> 41385
B9: 7 | C9: Bu Sunarti | D9: 1 | F9: =VLOOKUP(C9,'26-7-2025'!$N$2:$P$50,3,0) -> 23928.5 | H9: =VLOOKUP(C9,'23-8-2025'!$J$2:$L$54,3,0) -> 2355 | L9: =VLOOKUP(C9,'1-11-25'!$J$2:$L$48,3,0) -> 24875 | M9: =VLOOKUP(C9,'15-11-25'!$J$2:$L$46,3,0) -> 8355 | O9: =VLOOKUP(C9,'3-1-26'!$J$2:$L$48,3,0) -> 9162.5 | P9: =VLOOKUP(C9,'31-1-26'!$J$4:$L$53,3,0) -> 17270 | V9: =SUM(E9:U9) -> 85946 | W9: =V9 -> 85946
B10: 8 | C10: Bu Tetty Hamdi | D10: 1 | F10: =VLOOKUP(C10,'26-7-2025'!$N$2:$P$50,3,0) -> 29705 | J10: =VLOOKUP(C10,'21-9-2025'!$J$2:$L$55,3,0) -> 2115 | N10: =VLOOKUP(C10,'13-12-25'!$J$2:$L$64,3,0) -> 1800 | V10: =SUM(E10:U10) -> 33620 | W10: =V10 -> 33620
B11: 9 | C11: Bu Wulan | D11: 1 | H11: =VLOOKUP(C11,'23-8-2025'!$J$2:$L$54,3,0) -> 11970 | N11: =VLOOKUP(C11,'13-12-25'!$J$2:$L$64,3,0) -> 12695 | V11: =SUM(E11:U11) -> 24665 | W11: =V11 -> 24665
B12: 10 | C12: Bu Yenvitriati | D12: 1 | G12: =VLOOKUP(C12,'9-8-2025'!$N$2:$P$57,3,0) -> 2800 | H12: =VLOOKUP(C12,'23-8-2025'!$J$2:$L$54,3,0) -> 5380 | I12: =VLOOKUP(C12,'7-9-2025'!$J$2:$L$57,3,0) -> 2585 | K12: =VLOOKUP(C12,'19-10-25'!$J$2:$L$69,3,0) -> 12940 | L12: =VLOOKUP(C12,'1-11-25'!$J$2:$L$48,3,0) -> 30517.5 | N12: =VLOOKUP(C12,'13-12-25'!$J$2:$L$64,3,0) -> 4742.5 | P12: =VLOOKUP(C12,'31-1-26'!$J$4:$L$53,3,0) -> 3050 | Q12: =VLOOKUP(C12,'15-02-26'!$J$2:$L$41,3,0) -> 6905 | V12: =SUM(E12:U12) -> 68920 | W12: =V12 -> 68920
B13: 11 | C13: Pak Danny | D13: 1 | E13: =VLOOKUP(C13,'12-7-2025'!$J$2:$L$53,3,0) -> 28292.5 | L13: =VLOOKUP(C13,'1-11-25'!$J$2:$L$48,3,0) -> 15870 | O13: =VLOOKUP(C13,'3-1-26'!$J$2:$L$48,3,0) -> 6650 | V13: =SUM(E13:U13) -> 50812.5 | W13: =V13 -> 50812.5
B14: 12 | C14: Mama Wahyu | D14: 1 | F14: =VLOOKUP(C14,'26-7-2025'!$N$2:$P$50,3,0) -> 14120 | G14: =VLOOKUP(C14,'9-8-2025'!$N$2:$P$57,3,0) -> 1060 | H14: =VLOOKUP(C14,'23-8-2025'!$J$2:$L$54,3,0) -> 580 | I14: =VLOOKUP(C14,'7-9-2025'!$J$2:$L$57,3,0) -> 1125 | K14: =VLOOKUP(C14,'19-10-25'!$J$2:$L$69,3,0) -> 4900 | M14: =VLOOKUP(C14,'15-11-25'!$J$2:$L$46,3,0) -> 3425 | N14: =VLOOKUP(C14,'13-12-25'!$J$2:$L$64,3,0) -> 2300 | O14: =VLOOKUP(C14,'3-1-26'!$J$2:$L$48,3,0) -> 840 | P14: =VLOOKUP(C14,'31-1-26'!$J$4:$L$53,3,0) -> 5145 | Q14: =VLOOKUP(C14,'15-02-26'!$J$2:$L$41,3,0) -> 1930 | V14: =SUM(E14:U14) -> 35425 | W14: =V14 -> 35425
B15: 13 | C15: Okta | D15: 1 | L15: =VLOOKUP(C15,'1-11-25'!$J$2:$L$48,3,0) -> 10075 | V15: =SUM(E15:U15) -> 10075 | W15: =V15 -> 10075
B16: 14 | C16: Bu Suhermiati | D16: 1 | M16: =VLOOKUP(C16,'15-11-25'!$J$2:$L$46,3,0) -> 8613 | P16: =VLOOKUP(C16,'31-1-26'!$J$4:$L$53,3,0) -> 9497.5 | V16: =SUM(E16:U16) -> 18110.5 | W16: =V16 -> 18110.5
B17: 15 | C17: Bu Susi | D17: 1 | M17: =VLOOKUP(C17,'15-11-25'!$J$2:$L$46,3,0) -> 11245 | V17: =SUM(E17:U17) -> 11245 | W17: =V17 -> 11245
B18: 16 | C18: Bu Termin | D18: 1 | M18: =VLOOKUP(C18,'15-11-25'!$J$2:$L$46,3,0) -> 3300 | N18: =VLOOKUP(C18,'13-12-25'!$J$2:$L$64,3,0) -> 5257.5 | O18: =VLOOKUP(C18,'3-1-26'!$J$2:$L$48,3,0) -> 5727.5 | P18: =VLOOKUP(C18,'31-1-26'!$J$4:$L$53,3,0) -> 6072.5 | V18: =SUM(E18:U18) -> 20357.5 | W18: =V18 -> 20357.5
B19: 17 | C19: Akhsan | D19: 2 | E19: =VLOOKUP(C19,'12-7-2025'!$J$2:$L$53,3,0) -> 1600 | F19: =VLOOKUP(C19,'26-7-2025'!$N$2:$P$50,3,0) -> 215 | G19: =VLOOKUP(C19,'9-8-2025'!$N$2:$P$57,3,0) -> 16650 | H19: =VLOOKUP(C19,'23-8-2025'!$J$2:$L$54,3,0) -> 14000 | K19: =VLOOKUP(C19,'19-10-25'!$J$2:$L$69,3,0) -> 10582.5 | N19: =VLOOKUP(C19,'13-12-25'!$J$2:$L$64,3,0) -> 21140 | V19: =SUM(E19:U19) -> 64187.5 | W19: =V19 -> 64187.5
B20: 18 | C20: Bela | D20: 2 | E20: =VLOOKUP(C20,'12-7-2025'!$J$2:$L$53,3,0) -> 6577.5 | K20: =VLOOKUP(C20,'19-10-25'!$J$2:$L$69,3,0) -> 1575 | N20: =VLOOKUP(C20,'13-12-25'!$J$2:$L$64,3,0) -> 5845 | V20: =SUM(E20:U20) -> 13997.5 | W20: =V20 -> 13997.5
B21: 19 | C21: Bu Alim | D21: 2 | E21: =VLOOKUP(C21,'12-7-2025'!$J$2:$L$53,3,0) -> 2100 | F21: =VLOOKUP(C21,'26-7-2025'!$N$2:$P$50,3,0) -> 26180 | I21: =VLOOKUP(C21,'7-9-2025'!$J$2:$L$57,3,0) -> 16570 | V21: =SUM(E21:U21) -> 44850 | W21: =V21-44000 -> 850 | X21: 23 Oktober | Y21: TF
B22: 20 | C22: Bu Angga | D22: 2 | E22: =VLOOKUP(C22,'12-7-2025'!$J$2:$L$53,3,0) -> 63745 | F22: =VLOOKUP(C22,'26-7-2025'!$N$2:$P$50,3,0) -> 5235 | G22: =VLOOKUP(C22,'9-8-2025'!$N$2:$P$57,3,0) -> 3550 | I22: =VLOOKUP(C22,'7-9-2025'!$J$2:$L$57,3,0) -> 33070 | L22: =VLOOKUP(C22,'1-11-25'!$J$2:$L$48,3,0) -> 18835 | N22: =VLOOKUP(C22,'13-12-25'!$J$2:$L$64,3,0) -> 36465 | O22: =VLOOKUP(C22,'3-1-26'!$J$2:$L$48,3,0) -> 5570 | P22: =VLOOKUP(C22,'31-1-26'!$J$4:$L$53,3,0) -> 2642.5 | Q22: =VLOOKUP(C22,'15-02-26'!$J$2:$L$41,3,0) -> 33395 | V22: =SUM(E22:U22) -> 202507.5 | W22: =V22-200000 -> 2507.5
B23: 21 | C23: Bu Fardani | D23: 2 | E23: =VLOOKUP(C23,'12-7-2025'!$J$2:$L$53,3,0) -> 17560 | V23: =SUM(E23:U23) -> 17560 | W23: =V23-17560 -> 0 | X23: 2 Agustus | Y23: Cash
B24: 22 | C24: Bu Hartinah | D24: 2 | F24: =VLOOKUP(C24,'26-7-2025'!$N$2:$P$50,3,0) -> 5360 | G24: =VLOOKUP(C24,'9-8-2025'!$N$2:$P$57,3,0) -> 4235 | H24: =VLOOKUP(C24,'23-8-2025'!$J$2:$L$54,3,0) -> 8792.5 | I24: =VLOOKUP(C24,'7-9-2025'!$J$2:$L$57,3,0) -> 8267.5 | J24: =VLOOKUP(C24,'21-9-2025'!$J$2:$L$55,3,0) -> 5040 | K24: =VLOOKUP(C24,'19-10-25'!$J$2:$L$69,3,0) -> 4465 | M24: =VLOOKUP(C24,'15-11-25'!$J$2:$L$46,3,0) -> 11955 | V24: =SUM(E24:U24) -> 48115 | W24: =V24 -> 48115
B25: 23 | C25: Bu Lia RT 2 | D25: 2 | J25: =VLOOKUP(C25,'21-9-2025'!$J$2:$L$55,3,0) -> 63000 | V25: =SUM(E25:U25) -> 63000 | W25: =V25-63000 -> 0 | X25: 1 Oktober | Y25: TF
B26: 24 | C26: Bu Martinah | D26: 2 | E26: =VLOOKUP(C26,'12-7-2025'!$J$2:$L$53,3,0) -> 2157.5 | H26: =VLOOKUP(C26,'23-8-2025'!$J$2:$L$54,3,0) -> 4255 | J26: =VLOOKUP(C26,'21-9-2025'!$J$2:$L$55,3,0) -> 3637.5 | K26: =VLOOKUP(C26,'19-10-25'!$J$2:$L$69,3,0) -> 15115 | V26: =SUM(E26:U26) -> 25165 | W26: =V26-25000 -> 165 | X26: 23 Oktober | Y26: TF
B27: 25 | C27: Bu Nurhidayah | D27: 2 | E27: =VLOOKUP(C27,'12-7-2025'!$J$2:$L$53,3,0) -> 3235 | V27: =SUM(E27:U27) -> 3235 | W27: =V27 -> 3235
B28: 26 | C28: Bu Ratu Tuti | D28: 2 | G28: =VLOOKUP(C28,'9-8-2025'!$N$2:$P$57,3,0) -> 18635 | H28: =VLOOKUP(C28,'23-8-2025'!$J$2:$L$54,3,0) -> 23787.5 | K28: =VLOOKUP(C28,'19-10-25'!$J$2:$L$69,3,0) -> 5155 | N28: =VLOOKUP(C28,'13-12-25'!$J$2:$L$64,3,0) -> 9355 | P28: =VLOOKUP(C28,'31-1-26'!$J$4:$L$53,3,0) -> 4760 | V28: =SUM(E28:U28) -> 61692.5 | W28: =V28 -> 61692.5
B29: 27 | C29: Bu Rustinah | D29: 2 | J29: =VLOOKUP(C29,'21-9-2025'!$J$2:$L$55,3,0) -> 2900 | K29: =VLOOKUP(C29,'19-10-25'!$J$2:$L$69,3,0) -> 13555 | V29: =SUM(E29:U29) -> 16455 | W29: =V29 -> 16455
B30: 28 | C30: Bu Widodo | D30: 2 | E30: =VLOOKUP(C30,'12-7-2025'!$J$2:$L$53,3,0) -> 400 | F30: =VLOOKUP(C30,'26-7-2025'!$N$2:$P$50,3,0) -> 44950 | H30: =VLOOKUP(C30,'23-8-2025'!$J$2:$L$54,3,0) -> 23475 | K30: =VLOOKUP(C30,'19-10-25'!$J$2:$L$69,3,0) -> 5388.5 | N30: =VLOOKUP(C30,'13-12-25'!$J$2:$L$64,3,0) -> 70805 | P30: =VLOOKUP(C30,'31-1-26'!$J$4:$L$53,3,0) -> 13200 | Q30: =VLOOKUP(C30,'15-02-26'!$J$2:$L$41,3,0) -> 3740 | V30: =SUM(E30:U30) -> 161958.5 | W30: =V30-140000 -> 21958.5
B31: 29 | C31: Bu Anwar | D31: 2 | H31: =VLOOKUP(C31,'23-8-2025'!$J$2:$L$54,3,0) -> 3290 | J31: =VLOOKUP(C31,'21-9-2025'!$J$2:$L$55,3,0) -> 2602.5 | K31: =VLOOKUP(C31,'19-10-25'!$J$2:$L$69,3,0) -> 6480 | L31: =VLOOKUP(C31,'1-11-25'!$J$2:$L$48,3,0) -> 21465 | N31: =VLOOKUP(C31,'13-12-25'!$J$2:$L$64,3,0) -> 4370 | Q31: =VLOOKUP(C31,'15-02-26'!$J$2:$L$41,3,0) -> 7552.5 | V31: =SUM(E31:U31) -> 45760 | W31: =V31 -> 45760
B32: 30 | C32: Mbak Nurhayati | D32: 2 | E32: =VLOOKUP(C32,'12-7-2025'!$J$2:$L$53,3,0) -> 19587.5 | F32: =VLOOKUP(C32,'26-7-2025'!$N$2:$P$50,3,0) -> 36790 | H32: =VLOOKUP(C32,'23-8-2025'!$J$2:$L$54,3,0) -> 32265 | J32: =VLOOKUP(C32,'21-9-2025'!$J$2:$L$55,3,0) -> 15655 | K32: =VLOOKUP(C32,'19-10-25'!$J$2:$L$69,3,0) -> 7970 | M32: =VLOOKUP(C32,'15-11-25'!$J$2:$L$46,3,0) -> 11107 | N32: =VLOOKUP(C32,'13-12-25'!$J$2:$L$64,3,0) -> 27105 | O32: =VLOOKUP(C32,'3-1-26'!$J$2:$L$48,3,0) -> 19997.5 | P32: =VLOOKUP(C32,'31-1-26'!$J$4:$L$53,3,0) -> 23787.5 | Q32: =VLOOKUP(C32,'15-02-26'!$J$2:$L$41,3,0) -> 17585 | V32: =SUM(E32:U32) -> 211849.5 | W32: =V32-80000-30000-80000 -> 21849.5 | X32: 7 September | Y32: Transfer
B33: 31 | C33: Mbak Sari | D33: 2 | G33: =VLOOKUP(C33,'9-8-2025'!$N$2:$P$57,3,0) -> 3665 | V33: =SUM(E33:U33) -> 3665 | W33: =V33 -> 3665
B34: 32 | C34: Mama Demas | D34: 2 | K34: =VLOOKUP(C34,'19-10-25'!$J$2:$L$69,3,0) -> 5460 | L34: =VLOOKUP(C34,'1-11-25'!$J$2:$L$48,3,0) -> 5332.5 | O34: =VLOOKUP(C34,'3-1-26'!$J$2:$L$48,3,0) -> 4970 | V34: =SUM(E34:U34) -> 15762.5 | W34: =V34 -> 15762.5
B35: 33 | C35: Pak Suprayitno | D35: 2 | I35: =VLOOKUP(C35,'7-9-2025'!$J$2:$L$57,3,0) -> 26110 | J35: =VLOOKUP(C35,'21-9-2025'!$J$2:$L$55,3,0) -> 3390 | N35: =VLOOKUP(C35,'13-12-25'!$J$2:$L$64,3,0) -> 24805 | O35: =VLOOKUP(C35,'3-1-26'!$J$2:$L$48,3,0) -> 8705 | V35: =SUM(E35:U35) -> 63010 | W35: =V35-29000 -> 34010
B36: 34 | C36: Novem | D36: 2 | E36: =VLOOKUP(C36,'12-7-2025'!$J$2:$L$53,3,0) -> 2040 | H36: =VLOOKUP(C36,'23-8-2025'!$J$2:$L$54,3,0) -> 1875 | L36: =VLOOKUP(C36,'1-11-25'!$J$2:$L$48,3,0) -> 16762.5 | N36: =VLOOKUP(C36,'13-12-25'!$J$2:$L$64,3,0) -> 3410 | O36: =VLOOKUP(C36,'3-1-26'!$J$2:$L$48,3,0) -> 4135 | V36: =SUM(E36:U36) -> 28222.5 | W36: =V36 -> 28222.5
B37: 35 | C37: Sela | D37: 2 | E37: =VLOOKUP(C37,'12-7-2025'!$J$2:$L$53,3,0) -> 40955 | J37: =VLOOKUP(C37,'21-9-2025'!$J$2:$L$55,3,0) -> 2300 | K37: =VLOOKUP(C37,'19-10-25'!$J$2:$L$69,3,0) -> 4727.5 | M37: =VLOOKUP(C37,'15-11-25'!$J$2:$L$46,3,0) -> 5365 | P37: =VLOOKUP(C37,'31-1-26'!$J$4:$L$53,3,0) -> 9472.5 | V37: =SUM(E37:U37) -> 62820 | W37: =V37 -> 62820
B38: 36 | C38: Vena | D38: 2 | J38: =VLOOKUP(C38,'21-9-2025'!$J$2:$L$55,3,0) -> 18522.5 | K38: =VLOOKUP(C38,'19-10-25'!$J$2:$L$69,3,0) -> 2600 | V38: =SUM(E38:U38) -> 21122.5 | W38: =V38 -> 21122.5
B39: 37 | C39: Pak Wawan | D39: 2 | E39: =VLOOKUP(C39,'12-7-2025'!$J$2:$L$53,3,0) -> 4600 | F39: =VLOOKUP(C39,'26-7-2025'!$N$2:$P$50,3,0) -> 20097.5 | G39: =VLOOKUP(C39,'9-8-2025'!$N$2:$P$57,3,0) -> 2800 | H39: =VLOOKUP(C39,'23-8-2025'!$J$2:$L$54,3,0) -> 5110 | I39: =VLOOKUP(C39,'7-9-2025'!$J$2:$L$57,3,0) -> 6300 | J39: =VLOOKUP(C39,'21-9-2025'!$J$2:$L$55,3,0) -> 12010 | K39: =VLOOKUP(C39,'19-10-25'!$J$2:$L$69,3,0) -> 11797.5 | L39: =VLOOKUP(C39,'1-11-25'!$J$2:$L$48,3,0) -> 20250 | N39: =VLOOKUP(C39,'13-12-25'!$J$2:$L$64,3,0) -> 19200 | O39: =VLOOKUP(C39,'3-1-26'!$J$2:$L$48,3,0) -> 20260 | P39: =VLOOKUP(C39,'31-1-26'!$J$4:$L$53,3,0) -> 7760 | Q39: =VLOOKUP(C39,'15-02-26'!$J$2:$L$41,3,0) -> 7500 | V39: =SUM(E39:U39) -> 137685 | W39: =V39-100000 -> 37685
B40: 38 | C40: Bu Indrayani | D40: 3 | G40: =VLOOKUP(C40,'9-8-2025'!$N$2:$P$57,3,0) -> 8395 | K40: =VLOOKUP(C40,'19-10-25'!$J$2:$L$69,3,0) -> 3660 | V40: =SUM(E40:U40) -> 12055 | W40: =V40 -> 12055
B41: 39 | C41: Bu Lidia | D41: 3 | E41: =VLOOKUP(C41,'12-7-2025'!$J$2:$L$53,3,0) -> 7970 | F41: =VLOOKUP(C41,'26-7-2025'!$N$2:$P$50,3,0) -> 655 | G41: =VLOOKUP(C41,'9-8-2025'!$N$2:$P$57,3,0) -> 3367.5 | H41: =VLOOKUP(C41,'23-8-2025'!$J$2:$L$54,3,0) -> 2520 | J41: =VLOOKUP(C41,'21-9-2025'!$J$2:$L$55,3,0) -> 4540 | K41: =VLOOKUP(C41,'19-10-25'!$J$2:$L$69,3,0) -> 6360 | L41: =VLOOKUP(C41,'1-11-25'!$J$2:$L$48,3,0) -> 2020 | M41: =VLOOKUP(C41,'15-11-25'!$J$2:$L$46,3,0) -> 11480 | V41: =SUM(E41:U41) -> 38912.5 | W41: =V41 -> 38912.5
B42: 40 | C42: Bu Maria Miski | D42: 3 | F42: =VLOOKUP(C42,'26-7-2025'!$N$2:$P$50,3,0) -> 8155 | H42: =VLOOKUP(C42,'23-8-2025'!$J$2:$L$54,3,0) -> 2000 | K42: =VLOOKUP(C42,'19-10-25'!$J$2:$L$69,3,0) -> 10500 | L42: =VLOOKUP(C42,'1-11-25'!$J$2:$L$48,3,0) -> 7012.5 | O42: =VLOOKUP(C42,'3-1-26'!$J$2:$L$48,3,0) -> 2585 | V42: =SUM(E42:U42) -> 30252.5 | W42: =V42 -> 30252.5
B43: 41 | C43: Bu Minah | D43: 3 | J43: =VLOOKUP(C43,'21-9-2025'!$J$2:$L$55,3,0) -> 2380 | K43: =VLOOKUP(C43,'19-10-25'!$J$2:$L$69,3,0) -> 5900 | L43: =VLOOKUP(C43,'1-11-25'!$J$2:$L$48,3,0) -> 6845 | M43: =VLOOKUP(C43,'15-11-25'!$J$2:$L$46,3,0) -> 4710 | N43: =VLOOKUP(C43,'13-12-25'!$J$2:$L$64,3,0) -> 8150 | O43: =VLOOKUP(C43,'3-1-26'!$J$2:$L$48,3,0) -> 4477.5 | P43: =VLOOKUP(C43,'31-1-26'!$J$4:$L$53,3,0) -> 7447.5 | Q43: =VLOOKUP(C43,'15-02-26'!$J$2:$L$41,3,0) -> 2165 | V43: =SUM(E43:U43) -> 42075 | W43: =V43 -> 42075
B44: 42 | C44: Bu Purwani | D44: 3 | F44: =VLOOKUP(C44,'26-7-2025'!$N$2:$P$50,3,0) -> 330 | G44: =VLOOKUP(C44,'9-8-2025'!$N$2:$P$57,3,0) -> 3105 | H44: =VLOOKUP(C44,'23-8-2025'!$J$2:$L$54,3,0) -> 8490 | I44: =VLOOKUP(C44,'7-9-2025'!$J$2:$L$57,3,0) -> 4052.5 | J44: =VLOOKUP(C44,'21-9-2025'!$J$2:$L$55,3,0) -> 15530 | K44: =VLOOKUP(C44,'19-10-25'!$J$2:$L$69,3,0) -> 11645 | L44: =VLOOKUP(C44,'1-11-25'!$J$2:$L$48,3,0) -> 4197.5 | M44: =VLOOKUP(C44,'15-11-25'!$J$2:$L$46,3,0) -> 15390 | N44: =VLOOKUP(C44,'13-12-25'!$J$2:$L$64,3,0) -> 18920 | O44: =VLOOKUP(C44,'3-1-26'!$J$2:$L$48,3,0) -> 3225 | P44: =VLOOKUP(C44,'31-1-26'!$J$4:$L$53,3,0) -> 11955 | Q44: =VLOOKUP(C44,'15-02-26'!$J$2:$L$41,3,0) -> 18300 | V44: =SUM(E44:U44) -> 115140 | W44: =V44-43000-3000-50000 -> 19140
B45: 43 | C45: Bu Rumiyati | D45: 3 | E45: =VLOOKUP(C45,'12-7-2025'!$J$2:$L$53,3,0) -> 1920 | F45: =VLOOKUP(C45,'26-7-2025'!$N$2:$P$50,3,0) -> 22205 | G45: =VLOOKUP(C45,'9-8-2025'!$N$2:$P$57,3,0) -> 4432.5 | H45: =VLOOKUP(C45,'23-8-2025'!$J$2:$L$54,3,0) -> 5725 | J45: =VLOOKUP(C45,'21-9-2025'!$J$2:$L$55,3,0) -> 5085 | K45: =VLOOKUP(C45,'19-10-25'!$J$2:$L$69,3,0) -> 10250 | L45: =VLOOKUP(C45,'1-11-25'!$J$2:$L$48,3,0) -> 4770 | N45: =VLOOKUP(C45,'13-12-25'!$J$2:$L$64,3,0) -> 12400 | P45: =VLOOKUP(C45,'31-1-26'!$J$4:$L$53,3,0) -> 4970 | V45: =SUM(E45:U45) -> 71757.5 | W45: =V45 -> 71757.5
B46: 44 | C46: Bu Sukayah | D46: 3 | I46: =VLOOKUP(C46,'7-9-2025'!$J$2:$L$57,3,0) -> 11610 | L46: =VLOOKUP(C46,'1-11-25'!$J$2:$L$48,3,0) -> 2680 | M46: =VLOOKUP(C46,'15-11-25'!$J$2:$L$46,3,0) -> 6180 | N46: =VLOOKUP(C46,'13-12-25'!$J$2:$L$64,3,0) -> 530 | O46: =VLOOKUP(C46,'3-1-26'!$J$2:$L$48,3,0) -> 630 | V46: =SUM(E46:U46) -> 21630 | W46: =V46 -> 21630
B47: 45 | C47: Bu Yayuk | D47: 3 | F47: =VLOOKUP(C47,'26-7-2025'!$N$2:$P$50,3,0) -> 9900 | G47: =VLOOKUP(C47,'9-8-2025'!$N$2:$P$57,3,0) -> 3232.5 | H47: =VLOOKUP(C47,'23-8-2025'!$J$2:$L$54,3,0) -> 6440 | V47: =SUM(E47:U47) -> 19572.5 | W47: =V47-19572.5 -> 0 | Y47: dipindah ke bu wiwin
B48: 46 | C48: Bu Wiwin | D48: 3 | E48: =VLOOKUP(C48,'12-7-2025'!$J$2:$L$53,3,0) -> 14472.5 | F48: =VLOOKUP(C48,'26-7-2025'!$N$2:$P$50,3,0) -> 8512.5 | G48: =VLOOKUP(C48,'9-8-2025'!$N$2:$P$57,3,0) -> 9027.5 | H48: =VLOOKUP(C48,'23-8-2025'!$J$2:$L$54,3,0) -> 12905 | I48: =VLOOKUP(C48,'7-9-2025'!$J$2:$L$57,3,0) -> 10357.5 | J48: =VLOOKUP(C48,'21-9-2025'!$J$2:$L$55,3,0) -> 11070 | K48: =VLOOKUP(C48,'19-10-25'!$J$2:$L$69,3,0) -> 14690 | L48: =VLOOKUP(C48,'1-11-25'!$J$2:$L$48,3,0) -> 13494 | M48: =VLOOKUP(C48,'15-11-25'!$J$2:$L$46,3,0) -> 10330 | N48: =VLOOKUP(C48,'13-12-25'!$J$2:$L$64,3,0) -> 32912.5 | O48: =VLOOKUP(C48,'3-1-26'!$J$2:$L$48,3,0) -> 10100 | P48: =VLOOKUP(C48,'31-1-26'!$J$4:$L$53,3,0) -> 10145 | Q48: =VLOOKUP(C48,'15-02-26'!$J$2:$L$41,3,0) -> 7790 | V48: =SUM(E48:U48) -> 165806.5 | W48: =V48+19572.5-150000 -> 35379
B49: 47 | C49: Bu Aminah | D49: 4 | F49: =VLOOKUP(C49,'26-7-2025'!$N$2:$P$50,3,0) -> 11845 | G49: =VLOOKUP(C49,'9-8-2025'!$N$2:$P$57,3,0) -> 32612.5 | H49: =VLOOKUP(C49,'23-8-2025'!$J$2:$L$54,3,0) -> 9287.5 | I49: =VLOOKUP(C49,'7-9-2025'!$J$2:$L$57,3,0) -> 6042.5 | V49: =SUM(E49:U49) -> 59787.5 | W49: =V49 -> 59787.5
B50: 48 | C50: Bu Eva | D50: 4 | E50: =VLOOKUP(C50,'12-7-2025'!$J$2:$L$53,3,0) -> 1550 | F50: =VLOOKUP(C50,'26-7-2025'!$N$2:$P$50,3,0) -> 4470 | G50: =VLOOKUP(C50,'9-8-2025'!$N$2:$P$57,3,0) -> 5847.5 | H50: =VLOOKUP(C50,'23-8-2025'!$J$2:$L$54,3,0) -> 9575 | J50: =VLOOKUP(C50,'21-9-2025'!$J$2:$L$55,3,0) -> 3920 | K50: =VLOOKUP(C50,'19-10-25'!$J$2:$L$69,3,0) -> 4085 | M50: =VLOOKUP(C50,'15-11-25'!$J$2:$L$46,3,0) -> 35728 | N50: =VLOOKUP(C50,'13-12-25'!$J$2:$L$64,3,0) -> 7470 | V50: =SUM(E50:U50) -> 72645.5 | W50: =V50 -> 72645.5
B51: 49 | C51: Bu Evi | D51: 4 | G51: =VLOOKUP(C51,'9-8-2025'!$N$2:$P$57,3,0) -> 10640 | I51: =VLOOKUP(C51,'7-9-2025'!$J$2:$L$57,3,0) -> 17100 | J51: =VLOOKUP(C51,'21-9-2025'!$J$2:$L$55,3,0) -> 11475 | K51: =VLOOKUP(C51,'19-10-25'!$J$2:$L$69,3,0) -> 4370 | V51: =SUM(E51:U51) -> 43585 | W51: =V51 -> 43585
B52: 50 | C52: Bu Ani | D52: 4 | E52: =VLOOKUP(C52,'12-7-2025'!$J$2:$L$53,3,0) -> 910 | F52: =VLOOKUP(C52,'26-7-2025'!$N$2:$P$50,3,0) -> 3157.5 | G52: =VLOOKUP(C52,'9-8-2025'!$N$2:$P$57,3,0) -> 18960 | H52: =VLOOKUP(C52,'23-8-2025'!$J$2:$L$54,3,0) -> 7805 | I52: =VLOOKUP(C52,'7-9-2025'!$J$2:$L$57,3,0) -> 4640 | J52: =VLOOKUP(C52,'21-9-2025'!$J$2:$L$55,3,0) -> 8575 | K52: =VLOOKUP(C52,'19-10-25'!$J$2:$L$69,3,0) -> 6280 | L52: =VLOOKUP(C52,'1-11-25'!$J$2:$L$48,3,0) -> 2292.5 | M52: =VLOOKUP(C52,'15-11-25'!$J$2:$L$46,3,0) -> 6147 | N52: =VLOOKUP(C52,'13-12-25'!$J$2:$L$64,3,0) -> 14225 | O52: =VLOOKUP(C52,'3-1-26'!$J$2:$L$48,3,0) -> 22415 | P52: =VLOOKUP(C52,'31-1-26'!$J$4:$L$53,3,0) -> 11047.5 | Q52: =VLOOKUP(C52,'15-02-26'!$J$2:$L$41,3,0) -> 15205 | V52: =SUM(E52:U52) -> 121659.5 | W52: =V52-50000 -> 71659.5
B53: 51 | C53: Bu Febri | D53: 4 | E53: =VLOOKUP(C53,'12-7-2025'!$J$2:$L$53,3,0) -> 1270 | F53: =VLOOKUP(C53,'26-7-2025'!$N$2:$P$50,3,0) -> 3035 | G53: =VLOOKUP(C53,'9-8-2025'!$N$2:$P$57,3,0) -> 4040 | H53: =VLOOKUP(C53,'23-8-2025'!$J$2:$L$54,3,0) -> 1502.5 | J53: =VLOOKUP(C53,'21-9-2025'!$J$2:$L$55,3,0) -> 13540 | K53: =VLOOKUP(C53,'19-10-25'!$J$2:$L$69,3,0) -> 470 | L53: =VLOOKUP(C53,'1-11-25'!$J$2:$L$48,3,0) -> 970 | N53: =VLOOKUP(C53,'13-12-25'!$J$2:$L$64,3,0) -> 3350 | P53: =VLOOKUP(C53,'31-1-26'!$J$4:$L$53,3,0) -> 11930 | Q53: =VLOOKUP(C53,'15-02-26'!$J$2:$L$41,3,0) -> 12775 | V53: =SUM(E53:U53) -> 52882.5 | W53: =V53 -> 52882.5
B54: 52 | C54: Bu Hana | D54: 4 | E54: =VLOOKUP(C54,'12-7-2025'!$J$2:$L$53,3,0) -> 1980 | H54: =VLOOKUP(C54,'23-8-2025'!$J$2:$L$54,3,0) -> 21050 | J54: =VLOOKUP(C54,'21-9-2025'!$J$2:$L$55,3,0) -> 11490 | N54: =VLOOKUP(C54,'13-12-25'!$J$2:$L$64,3,0) -> 14962.5 | V54: =SUM(E54:U54) -> 49482.5 | W54: =V54 -> 49482.5
B55: 53 | C55: Bu Ida Amanah | D55: 4 | E55: =VLOOKUP(C55,'12-7-2025'!$J$2:$L$53,3,0) -> 43195 | F55: =VLOOKUP(C55,'26-7-2025'!$N$2:$P$50,3,0) -> 34945 | G55: =VLOOKUP(C55,'9-8-2025'!$N$2:$P$57,3,0) -> 44782.5 | J55: =VLOOKUP(C55,'21-9-2025'!$J$2:$L$55,3,0) -> 14410 | K55: =VLOOKUP(C55,'19-10-25'!$J$2:$L$69,3,0) -> 14710 | M55: =VLOOKUP(C55,'15-11-25'!$J$2:$L$46,3,0) -> 34970 | N55: =VLOOKUP(C55,'13-12-25'!$J$2:$L$64,3,0) -> 35735 | O55: =VLOOKUP(C55,'3-1-26'!$J$2:$L$48,3,0) -> 6500 | P55: =VLOOKUP(C55,'31-1-26'!$J$4:$L$53,3,0) -> 36725 | Q55: =VLOOKUP(C55,'15-02-26'!$J$2:$L$41,3,0) -> 21555 | V55: =SUM(E55:U55) -> 287527.5 | W55: 2
B56: 54 | C56: Bu Fisca | D56: 4 | F56: =VLOOKUP(C56,'26-7-2025'!$N$2:$P$50,3,0) -> 8910 | G56: =VLOOKUP(C56,'9-8-2025'!$N$2:$P$57,3,0) -> 25640 | H56: =VLOOKUP(C56,'23-8-2025'!$J$2:$L$54,3,0) -> 16910 | I56: =VLOOKUP(C56,'7-9-2025'!$J$2:$L$57,3,0) -> 3390 | J56: =VLOOKUP(C56,'21-9-2025'!$J$2:$L$55,3,0) -> 8145 | K56: =VLOOKUP(C56,'19-10-25'!$J$2:$L$69,3,0) -> 7250 | L56: =VLOOKUP(C56,'1-11-25'!$J$2:$L$48,3,0) -> 6632.5 | M56: =VLOOKUP(C56,'15-11-25'!$J$2:$L$46,3,0) -> 22560 | O56: =VLOOKUP(C56,'3-1-26'!$J$2:$L$48,3,0) -> 13410 | P56: =VLOOKUP(C56,'31-1-26'!$J$4:$L$53,3,0) -> 8495 | V56: =SUM(E56:U56) -> 121342.5 | W56: =V56 -> 121342.5
B57: 55 | C57: Bu Lia | D57: 4 | F57: =VLOOKUP(C57,'26-7-2025'!$N$2:$P$50,3,0) -> 19610 | J57: =VLOOKUP(C57,'21-9-2025'!$J$2:$L$55,3,0) -> 4657.5 | K57: =VLOOKUP(C57,'19-10-25'!$J$2:$L$69,3,0) -> 1595 | V57: =SUM(E57:U57) -> 25862.5 | W57: =V57 -> 25862.5
B58: 56 | C58: Bu Linda | D58: 4 | E58: =VLOOKUP(C58,'12-7-2025'!$J$2:$L$53,3,0) -> 3577.5 | F58: =VLOOKUP(C58,'26-7-2025'!$N$2:$P$50,3,0) -> 10320 | G58: =VLOOKUP(C58,'9-8-2025'!$N$2:$P$57,3,0) -> 4377.5 | H58: =VLOOKUP(C58,'23-8-2025'!$J$2:$L$54,3,0) -> 1330 | I58: =VLOOKUP(C58,'7-9-2025'!$J$2:$L$57,3,0) -> 5030 | K58: =VLOOKUP(C58,'19-10-25'!$J$2:$L$69,3,0) -> 15347.5 | O58: =VLOOKUP(C58,'3-1-26'!$J$2:$L$48,3,0) -> 18420 | V58: =SUM(E58:U58) -> 58402.5 | W58: =V58 -> 58402.5
B59: 57 | C59: Bu Mimin | D59: 4 | G59: =VLOOKUP(C59,'9-8-2025'!$N$2:$P$57,3,0) -> 1165 | H59: =VLOOKUP(C59,'23-8-2025'!$J$2:$L$54,3,0) -> 22950 | J59: =VLOOKUP(C59,'21-9-2025'!$J$2:$L$55,3,0) -> 6335 | K59: =VLOOKUP(C59,'19-10-25'!$J$2:$L$69,3,0) -> 10765 | N59: =VLOOKUP(C59,'13-12-25'!$J$2:$L$64,3,0) -> 10490 | V59: =SUM(E59:U59) -> 51705 | W59: =V59 -> 51705
B60: 58 | C60: Bu Irma | D60: 4 | I60: =VLOOKUP(C60,'7-9-2025'!$J$2:$L$57,3,0) -> 40000 | J60: =VLOOKUP(C60,'21-9-2025'!$J$2:$L$55,3,0) -> 15857.5 | K60: =VLOOKUP(C60,'19-10-25'!$J$2:$L$69,3,0) -> 11355 | L60: =VLOOKUP(C60,'1-11-25'!$J$2:$L$48,3,0) -> 11660 | M60: =VLOOKUP(C60,'15-11-25'!$J$2:$L$46,3,0) -> 13985 | N60: =VLOOKUP(C60,'13-12-25'!$J$2:$L$64,3,0) -> 2320 | O60: =VLOOKUP(C60,'3-1-26'!$J$2:$L$48,3,0) -> 14420 | P60: =VLOOKUP(C60,'31-1-26'!$J$4:$L$53,3,0) -> 2672.5 | Q60: =VLOOKUP(C60,'15-02-26'!$J$2:$L$41,3,0) -> 7390 | V60: =SUM(E60:U60) -> 119660 | W60: =V60-100000 -> 19660
B61: 59 | C61: Bu Nining | D61: 4 | F61: =VLOOKUP(C61,'26-7-2025'!$N$2:$P$50,3,0) -> 28577.5 | G61: =VLOOKUP(C61,'9-8-2025'!$N$2:$P$57,3,0) -> 7707.5 | H61: =VLOOKUP(C61,'23-8-2025'!$J$2:$L$54,3,0) -> 2430 | J61: =VLOOKUP(C61,'21-9-2025'!$J$2:$L$55,3,0) -> 27050 | P61: =VLOOKUP(C61,'31-1-26'!$J$4:$L$53,3,0) -> 7520 | Q61: =VLOOKUP(C61,'15-02-26'!$J$2:$L$41,3,0) -> 15330 | V61: =SUM(E61:U61) -> 88615 | W61: =V61 -> 88615
B62: 60 | C62: Bu Neni | D62: 4 | E62: =VLOOKUP(C62,'12-7-2025'!$J$2:$L$53,3,0) -> 23745 | F62: =VLOOKUP(C62,'26-7-2025'!$N$2:$P$50,3,0) -> 33435 | G62: =VLOOKUP(C62,'9-8-2025'!$N$2:$P$57,3,0) -> 28342.5 | H62: =VLOOKUP(C62,'23-8-2025'!$J$2:$L$54,3,0) -> 20650 | I62: =VLOOKUP(C62,'7-9-2025'!$J$2:$L$57,3,0) -> 9370 | J62: =VLOOKUP(C62,'21-9-2025'!$J$2:$L$55,3,0) -> 7690 | K62: =VLOOKUP(C62,'19-10-25'!$J$2:$L$69,3,0) -> 36852.5 | L62: =VLOOKUP(C62,'1-11-25'!$J$2:$L$48,3,0) -> 8625 | O62: =VLOOKUP(C62,'3-1-26'!$J$2:$L$48,3,0) -> 25340 | P62: =VLOOKUP(C62,'31-1-26'!$J$4:$L$53,3,0) -> 9845 | Q62: =VLOOKUP(C62,'15-02-26'!$J$2:$L$41,3,0) -> 3720 | V62: =SUM(E62:U62) -> 207615 | W62: =V62-200000 -> 7615
B63: 61 | C63: Bu Rina | D63: 4 | F63: =VLOOKUP(C63,'26-7-2025'!$N$2:$P$50,3,0) -> 6030 | G63: =VLOOKUP(C63,'9-8-2025'!$N$2:$P$57,3,0) -> 1280 | H63: =VLOOKUP(C63,'23-8-2025'!$J$2:$L$54,3,0) -> 8485 | I63: =VLOOKUP(C63,'7-9-2025'!$J$2:$L$57,3,0) -> 5587.5 | K63: =VLOOKUP(C63,'19-10-25'!$J$2:$L$69,3,0) -> 13475 | M63: =VLOOKUP(C63,'15-11-25'!$J$2:$L$46,3,0) -> 9360 | N63: =VLOOKUP(C63,'13-12-25'!$J$2:$L$64,3,0) -> 17800 | O63: =VLOOKUP(C63,'3-1-26'!$J$2:$L$48,3,0) -> 13450 | Q63: =VLOOKUP(C63,'15-02-26'!$J$2:$L$41,3,0) -> 15300 | V63: =SUM(E63:U63) -> 90767.5 | W63: =V63 -> 90767.5
B64: 62 | C64: Bu Nurlayli | D64: 4 | E64: =VLOOKUP(C64,'12-7-2025'!$J$2:$L$53,3,0) -> 4575 | F64: =VLOOKUP(C64,'26-7-2025'!$N$2:$P$50,3,0) -> 175 | G64: =VLOOKUP(C64,'9-8-2025'!$N$2:$P$57,3,0) -> 765 | H64: =VLOOKUP(C64,'23-8-2025'!$J$2:$L$54,3,0) -> 7380 | I64: =VLOOKUP(C64,'7-9-2025'!$J$2:$L$57,3,0) -> 2020 | K64: =VLOOKUP(C64,'19-10-25'!$J$2:$L$69,3,0) -> 1187.5 | L64: =VLOOKUP(C64,'1-11-25'!$J$2:$L$48,3,0) -> 1552.5 | N64: =VLOOKUP(C64,'13-12-25'!$J$2:$L$64,3,0) -> 9145 | O64: =VLOOKUP(C64,'3-1-26'!$J$2:$L$48,3,0) -> 5385 | P64: =VLOOKUP(C64,'31-1-26'!$J$4:$L$53,3,0) -> 2550 | Q64: =VLOOKUP(C64,'15-02-26'!$J$2:$L$41,3,0) -> 2920 | V64: =SUM(E64:U64) -> 37655 | W64: =V64 -> 37655
B65: 63 | C65: Bu Riris | D65: 4 | E65: =VLOOKUP(C65,'12-7-2025'!$J$2:$L$53,3,0) -> 47137.5 | I65: =VLOOKUP(C65,'7-9-2025'!$J$2:$L$57,3,0) -> 7722.5 | J65: =VLOOKUP(C65,'21-9-2025'!$J$2:$L$55,3,0) -> 9167.5 | K65: =VLOOKUP(C65,'19-10-25'!$J$2:$L$69,3,0) -> 6027.5 | M65: =VLOOKUP(C65,'15-11-25'!$J$2:$L$46,3,0) -> 5731 | N65: =VLOOKUP(C65,'13-12-25'!$J$2:$L$64,3,0) -> 19160 | P65: =VLOOKUP(C65,'31-1-26'!$J$4:$L$53,3,0) -> 12227.5 | Q65: =VLOOKUP(C65,'15-02-26'!$J$2:$L$41,3,0) -> 40495 | V65: =SUM(E65:U65) -> 147668.5 | W65: =V65 -> 147668.5
B66: 64 | C66: Bu Rindra | D66: 4 | F66: =VLOOKUP(C66,'26-7-2025'!$N$2:$P$50,3,0) -> 18250 | G66: =VLOOKUP(C66,'9-8-2025'!$N$2:$P$57,3,0) -> 9007.5 | H66: =VLOOKUP(C66,'23-8-2025'!$J$2:$L$54,3,0) -> 14700 | I66: =VLOOKUP(C66,'7-9-2025'!$J$2:$L$57,3,0) -> 4192.5 | L66: =VLOOKUP(C66,'1-11-25'!$J$2:$L$48,3,0) -> 4230 | V66: =SUM(E66:U66) -> 50380 | W66: =V66 -> 50380
B67: 65 | C67: Bu Sandra | D67: 4 | E67: =VLOOKUP(C67,'12-7-2025'!$J$2:$L$53,3,0) -> 24900 | F67: =VLOOKUP(C67,'26-7-2025'!$N$2:$P$50,3,0) -> 39442.5 | G67: =VLOOKUP(C67,'9-8-2025'!$N$2:$P$57,3,0) -> 23325 | H67: =VLOOKUP(C67,'23-8-2025'!$J$2:$L$54,3,0) -> 9437.5 | I67: =VLOOKUP(C67,'7-9-2025'!$J$2:$L$57,3,0) -> 17905 | J67: =VLOOKUP(C67,'21-9-2025'!$J$2:$L$55,3,0) -> 5580 | K67: =VLOOKUP(C67,'19-10-25'!$J$2:$L$69,3,0) -> 9797.5 | L67: =VLOOKUP(C67,'1-11-25'!$J$2:$L$48,3,0) -> 22192.5 | M67: =VLOOKUP(C67,'15-11-25'!$J$2:$L$46,3,0) -> 49030 | N67: =VLOOKUP(C67,'13-12-25'!$J$2:$L$64,3,0) -> 8245 | O67: =VLOOKUP(C67,'3-1-26'!$J$2:$L$48,3,0) -> 12240 | P67: =VLOOKUP(C67,'31-1-26'!$J$4:$L$53,3,0) -> 30365 | V67: =SUM(E67:U67) -> 252460 | W67: =V67 -> 252460
B68: 66 | C68: Bu Sarmiyah | D68: 4 | E68: =VLOOKUP(C68,'12-7-2025'!$J$2:$L$53,3,0) -> 1050 | F68: =VLOOKUP(C68,'26-7-2025'!$N$2:$P$50,3,0) -> 11872.5 | G68: =VLOOKUP(C68,'9-8-2025'!$N$2:$P$57,3,0) -> 13950 | H68: =VLOOKUP(C68,'23-8-2025'!$J$2:$L$54,3,0) -> 5700 | J68: =VLOOKUP(C68,'21-9-2025'!$J$2:$L$55,3,0) -> 8065 | K68: =VLOOKUP(C68,'19-10-25'!$J$2:$L$69,3,0) -> 6395 | M68: =VLOOKUP(C68,'15-11-25'!$J$2:$L$46,3,0) -> 4012.5 | P68: =VLOOKUP(C68,'31-1-26'!$J$4:$L$53,3,0) -> 13035 | V68: =SUM(E68:U68) -> 64080 | W68: =V68 -> 64080
B69: 67 | C69: Bu Sarti | D69: 4 | E69: =VLOOKUP(C69,'12-7-2025'!$J$2:$L$53,3,0) -> 3967.5 | F69: =VLOOKUP(C69,'26-7-2025'!$N$2:$P$50,3,0) -> 3890 | G69: =VLOOKUP(C69,'9-8-2025'!$N$2:$P$57,3,0) -> 26870 | H69: =VLOOKUP(C69,'23-8-2025'!$J$2:$L$54,3,0) -> 4990 | I69: =VLOOKUP(C69,'7-9-2025'!$J$2:$L$57,3,0) -> 4615 | J69: =VLOOKUP(C69,'21-9-2025'!$J$2:$L$55,3,0) -> 1610 | K69: =VLOOKUP(C69,'19-10-25'!$J$2:$L$69,3,0) -> 6502.5 | M69: =VLOOKUP(C69,'15-11-25'!$J$2:$L$46,3,0) -> 3658 | N69: =VLOOKUP(C69,'13-12-25'!$J$2:$L$64,3,0) -> 3505 | O69: =VLOOKUP(C69,'3-1-26'!$J$2:$L$48,3,0) -> 3725 | P69: =VLOOKUP(C69,'31-1-26'!$J$4:$L$53,3,0) -> 4950 | Q69: =VLOOKUP(C69,'15-02-26'!$J$2:$L$41,3,0) -> 18825 | V69: =SUM(E69:U69) -> 87108 | W69: =V69 -> 87108
B70: 68 | C70: Bu Sariyanti | D70: 4 | E70: =VLOOKUP(C70,'12-7-2025'!$J$2:$L$53,3,0) -> 16985 | G70: =VLOOKUP(C70,'9-8-2025'!$N$2:$P$57,3,0) -> 21180 | H70: =VLOOKUP(C70,'23-8-2025'!$J$2:$L$54,3,0) -> 5360 | J70: =VLOOKUP(C70,'21-9-2025'!$J$2:$L$55,3,0) -> 7695 | L70: =VLOOKUP(C70,'1-11-25'!$J$2:$L$48,3,0) -> 5280 | M70: =VLOOKUP(C70,'15-11-25'!$J$2:$L$46,3,0) -> 2880 | O70: =VLOOKUP(C70,'3-1-26'!$J$2:$L$48,3,0) -> 14085 | P70: =VLOOKUP(C70,'31-1-26'!$J$4:$L$53,3,0) -> 2400 | Q70: =VLOOKUP(C70,'15-02-26'!$J$2:$L$41,3,0) -> 12367.5 | V70: =SUM(E70:U70) -> 88232.5 | W70: =V70 -> 88232.5
B71: 69 | C71: Bu Satini | D71: 4 | E71: =VLOOKUP(C71,'12-7-2025'!$J$2:$L$53,3,0) -> 3865 | F71: =VLOOKUP(C71,'26-7-2025'!$N$2:$P$50,3,0) -> 13455 | G71: =VLOOKUP(C71,'9-8-2025'!$N$2:$P$57,3,0) -> 2947.5 | I71: =VLOOKUP(C71,'7-9-2025'!$J$2:$L$57,3,0) -> 8620 | J71: =VLOOKUP(C71,'21-9-2025'!$J$2:$L$55,3,0) -> 6040 | L71: =VLOOKUP(C71,'1-11-25'!$J$2:$L$48,3,0) -> 8020 | N71: =VLOOKUP(C71,'13-12-25'!$J$2:$L$64,3,0) -> 2460 | P71: =VLOOKUP(C71,'31-1-26'!$J$4:$L$53,3,0) -> 3872.5 | V71: =SUM(E71:U71) -> 49280 | W71: =V71 -> 49280
B72: 70 | C72: Bu Siti Mutmainah | D72: 4 | E72: =VLOOKUP(C72,'12-7-2025'!$J$2:$L$53,3,0) -> 7847.5 | F72: =VLOOKUP(C72,'26-7-2025'!$N$2:$P$50,3,0) -> 3345 | G72: =VLOOKUP(C72,'9-8-2025'!$N$2:$P$57,3,0) -> 6220 | I72: =VLOOKUP(C72,'7-9-2025'!$J$2:$L$57,3,0) -> 4245 | J72: =VLOOKUP(C72,'21-9-2025'!$J$2:$L$55,3,0) -> 3832.5 | V72: =SUM(E72:U72) -> 25490 | W72: =V72 -> 25490
B73: 71 | C73: Bu Siti Alfiyah | D73: 4 | E73: =VLOOKUP(C73,'12-7-2025'!$J$2:$L$53,3,0) -> 6590 | F73: =VLOOKUP(C73,'26-7-2025'!$N$2:$P$50,3,0) -> 1330 | H73: =VLOOKUP(C73,'23-8-2025'!$J$2:$L$54,3,0) -> 2030 | I73: =VLOOKUP(C73,'7-9-2025'!$J$2:$L$57,3,0) -> 3380 | J73: =VLOOKUP(C73,'21-9-2025'!$J$2:$L$55,3,0) -> 2830 | K73: =VLOOKUP(C73,'19-10-25'!$J$2:$L$69,3,0) -> 2885 | L73: =VLOOKUP(C73,'1-11-25'!$J$2:$L$48,3,0) -> 6425 | N73: =VLOOKUP(C73,'13-12-25'!$J$2:$L$64,3,0) -> 5462.5 | O73: =VLOOKUP(C73,'3-1-26'!$J$2:$L$48,3,0) -> 2610 | V73: =SUM(E73:U73) -> 33542.5 | W73: =V73 -> 33542.5
B74: 72 | C74: Bu Suci | D74: 4 | E74: =VLOOKUP(C74,'12-7-2025'!$J$2:$L$53,3,0) -> 2580 | F74: =VLOOKUP(C74,'26-7-2025'!$N$2:$P$50,3,0) -> 1507.5 | H74: =VLOOKUP(C74,'23-8-2025'!$J$2:$L$54,3,0) -> 91132.5 | I74: =VLOOKUP(C74,'7-9-2025'!$J$2:$L$57,3,0) -> 43372.5 | K74: =VLOOKUP(C74,'19-10-25'!$J$2:$L$69,3,0) -> 9667.5 | L74: =VLOOKUP(C74,'1-11-25'!$J$2:$L$48,3,0) -> 105795 | M74: =VLOOKUP(C74,'15-11-25'!$J$2:$L$46,3,0) -> 44775 | N74: =VLOOKUP(C74,'13-12-25'!$J$2:$L$64,3,0) -> 23435 | O74: =VLOOKUP(C74,'3-1-26'!$J$2:$L$48,3,0) -> 12900 | P74: =VLOOKUP(C74,'31-1-26'!$J$4:$L$53,3,0) -> 11340 | Q74: =VLOOKUP(C74,'15-02-26'!$J$2:$L$41,3,0) -> 31942.5 | V74: =SUM(E74:U74) -> 378447.5 | W74: =V74 -> 378447.5
B75: 73 | C75: Bu Titin | D75: 4 | F75: =VLOOKUP(C75,'26-7-2025'!$N$2:$P$50,3,0) -> 3800 | H75: =VLOOKUP(C75,'23-8-2025'!$J$2:$L$54,3,0) -> 10445 | I75: =VLOOKUP(C75,'7-9-2025'!$J$2:$L$57,3,0) -> 2030 | J75: =VLOOKUP(C75,'21-9-2025'!$J$2:$L$55,3,0) -> 1010 | K75: =VLOOKUP(C75,'19-10-25'!$J$2:$L$69,3,0) -> 1220 | M75: =VLOOKUP(C75,'15-11-25'!$J$2:$L$46,3,0) -> 4355 | N75: =VLOOKUP(C75,'13-12-25'!$J$2:$L$64,3,0) -> 5632.5 | O75: =VLOOKUP(C75,'3-1-26'!$J$2:$L$48,3,0) -> 5695 | V75: =SUM(E75:U75) -> 34187.5 | W75: =V75 -> 34187.5
B76: 74 | C76: Bu Suriya | D76: 4 | E76: =VLOOKUP(C76,'12-7-2025'!$J$2:$L$53,3,0) -> 2700 | F76: =VLOOKUP(C76,'26-7-2025'!$N$2:$P$50,3,0) -> 14012.5 | I76: =VLOOKUP(C76,'7-9-2025'!$J$2:$L$57,3,0) -> 2175 | J76: =VLOOKUP(C76,'21-9-2025'!$J$2:$L$55,3,0) -> 2882.5 | K76: =VLOOKUP(C76,'19-10-25'!$J$2:$L$69,3,0) -> 4925 | L76: =VLOOKUP(C76,'1-11-25'!$J$2:$L$48,3,0) -> 6267.5 | N76: =VLOOKUP(C76,'13-12-25'!$J$2:$L$64,3,0) -> 16905 | O76: =VLOOKUP(C76,'3-1-26'!$J$2:$L$48,3,0) -> 12720 | P76: =VLOOKUP(C76,'31-1-26'!$J$4:$L$53,3,0) -> 8510 | Q76: =VLOOKUP(C76,'15-02-26'!$J$2:$L$41,3,0) -> 5320 | V76: =SUM(E76:U76) -> 76417.5 | W76: =V76 -> 76417.5
B77: 75 | C77: Bu Wuri | D77: 4 | E77: =VLOOKUP(C77,'12-7-2025'!$J$2:$L$53,3,0) -> 2085 | F77: =VLOOKUP(C77,'26-7-2025'!$N$2:$P$50,3,0) -> 450 | G77: =VLOOKUP(C77,'9-8-2025'!$N$2:$P$57,3,0) -> 22535 | K77: =VLOOKUP(C77,'19-10-25'!$J$2:$L$69,3,0) -> 8255 | N77: =VLOOKUP(C77,'13-12-25'!$J$2:$L$64,3,0) -> 10000 | O77: =VLOOKUP(C77,'3-1-26'!$J$2:$L$48,3,0) -> 89172.5 | P77: =VLOOKUP(C77,'31-1-26'!$J$4:$L$53,3,0) -> 6650 | Q77: =VLOOKUP(C77,'15-02-26'!$J$2:$L$41,3,0) -> 16020 | V77: =SUM(E77:U77) -> 155167.5 | W77: =V77 -> 155167.5
B78: 76 | C78: Dame | D78: 4 | I78: =VLOOKUP(C78,'7-9-2025'!$J$2:$L$57,3,0) -> 3760 | N78: =VLOOKUP(C78,'13-12-25'!$J$2:$L$64,3,0) -> 9635 | P78: =VLOOKUP(C78,'31-1-26'!$J$4:$L$53,3,0) -> 1505 | V78: =SUM(E78:U78) -> 14900 | W78: =V78 -> 14900
B79: 77 | C79: Bu Tunut | D79: 4 | E79: =VLOOKUP(C79,'12-7-2025'!$J$2:$L$53,3,0) -> 6425 | F79: =VLOOKUP(C79,'26-7-2025'!$N$2:$P$50,3,0) -> 25205 | G79: =VLOOKUP(C79,'9-8-2025'!$N$2:$P$57,3,0) -> 24725 | H79: =VLOOKUP(C79,'23-8-2025'!$J$2:$L$54,3,0) -> 29490 | I79: =VLOOKUP(C79,'7-9-2025'!$J$2:$L$57,3,0) -> 19012.5 | J79: =VLOOKUP(C79,'21-9-2025'!$J$2:$L$55,3,0) -> 9142.5 | K79: =VLOOKUP(C79,'19-10-25'!$J$2:$L$69,3,0) -> 41925 | L79: =VLOOKUP(C79,'1-11-25'!$J$2:$L$48,3,0) -> 16940 | M79: =VLOOKUP(C79,'15-11-25'!$J$2:$L$46,3,0) -> 9100 | N79: =VLOOKUP(C79,'13-12-25'!$J$2:$L$64,3,0) -> 30970 | O79: =VLOOKUP(C79,'3-1-26'!$J$2:$L$48,3,0) -> 22280 | P79: =VLOOKUP(C79,'31-1-26'!$J$4:$L$53,3,0) -> 10855 | Q79: =VLOOKUP(C79,'15-02-26'!$J$2:$L$41,3,0) -> 28820 | V79: =SUM(E79:U79) -> 274890 | W79: =V79 -> 274890
B80: 78 | C80: Mama Adam | D80: 4 | G80: =VLOOKUP(C80,'9-8-2025'!$N$2:$P$57,3,0) -> 5820 | I80: =VLOOKUP(C80,'7-9-2025'!$J$2:$L$57,3,0) -> 3900 | J80: =VLOOKUP(C80,'21-9-2025'!$J$2:$L$55,3,0) -> 5100 | K80: =VLOOKUP(C80,'19-10-25'!$J$2:$L$69,3,0) -> 4050 | L80: =VLOOKUP(C80,'1-11-25'!$J$2:$L$48,3,0) -> 4860 | M80: =VLOOKUP(C80,'15-11-25'!$J$2:$L$46,3,0) -> 1375 | N80: =VLOOKUP(C80,'13-12-25'!$J$2:$L$64,3,0) -> 4830 | O80: =VLOOKUP(C80,'3-1-26'!$J$2:$L$48,3,0) -> 4190 | P80: =VLOOKUP(C80,'31-1-26'!$J$4:$L$53,3,0) -> 2342.5 | Q80: =VLOOKUP(C80,'15-02-26'!$J$2:$L$41,3,0) -> 3770 | V80: =SUM(E80:U80) -> 40237.5 | W80: =V80 -> 40237.5
B81: 79 | C81: Pak Sumarman | D81: 4 | E81: =VLOOKUP(C81,'12-7-2025'!$J$2:$L$53,3,0) -> 4345 | G81: =VLOOKUP(C81,'9-8-2025'!$N$2:$P$57,3,0) -> 11845 | I81: =VLOOKUP(C81,'7-9-2025'!$J$2:$L$57,3,0) -> 12290 | J81: =VLOOKUP(C81,'21-9-2025'!$J$2:$L$55,3,0) -> 9280 | K81: =VLOOKUP(C81,'19-10-25'!$J$2:$L$69,3,0) -> 6450 | M81: =VLOOKUP(C81,'15-11-25'!$J$2:$L$46,3,0) -> 4302.5 | N81: =VLOOKUP(C81,'13-12-25'!$J$2:$L$64,3,0) -> 3200 | O81: =VLOOKUP(C81,'3-1-26'!$J$2:$L$48,3,0) -> 5580 | P81: =VLOOKUP(C81,'31-1-26'!$J$4:$L$53,3,0) -> 25395 | V81: =SUM(E81:U81) -> 82687.5 | W81: =V81 -> 82687.5
B82: 80 | C82: Selly | D82: 4 | E82: =VLOOKUP(C82,'12-7-2025'!$J$2:$L$53,3,0) -> 7700 | F82: =VLOOKUP(C82,'26-7-2025'!$N$2:$P$50,3,0) -> 9495 | G82: =VLOOKUP(C82,'9-8-2025'!$N$2:$P$57,3,0) -> 6150 | I82: =VLOOKUP(C82,'7-9-2025'!$J$2:$L$57,3,0) -> 7455 | K82: =VLOOKUP(C82,'19-10-25'!$J$2:$L$69,3,0) -> 12155 | M82: =VLOOKUP(C82,'15-11-25'!$J$2:$L$46,3,0) -> 8332.5 | N82: =VLOOKUP(C82,'13-12-25'!$J$2:$L$64,3,0) -> 5865 | O82: =VLOOKUP(C82,'3-1-26'!$J$2:$L$48,3,0) -> 214740 | P82: =VLOOKUP(C82,'31-1-26'!$J$4:$L$53,3,0) -> 12790 | V82: =SUM(E82:U82) -> 284682.5 | W82: =V82 -> 284682.5
B83: 81 | C83: Mba Dian | D83: 4 | F83: =VLOOKUP(C83,'26-7-2025'!$N$2:$P$50,3,0) -> 1350 | G83: =VLOOKUP(C83,'9-8-2025'!$N$2:$P$57,3,0) -> 10182.5 | H83: =VLOOKUP(C83,'23-8-2025'!$J$2:$L$54,3,0) -> 2525 | I83: =VLOOKUP(C83,'7-9-2025'!$J$2:$L$57,3,0) -> 21930 | J83: =VLOOKUP(C83,'21-9-2025'!$J$2:$L$55,3,0) -> 11700 | K83: =VLOOKUP(C83,'19-10-25'!$J$2:$L$69,3,0) -> 14425 | L83: =VLOOKUP(C83,'1-11-25'!$J$2:$L$48,3,0) -> 6535 | M83: =VLOOKUP(C83,'15-11-25'!$J$2:$L$46,3,0) -> 8590 | N83: =VLOOKUP(C83,'13-12-25'!$J$2:$L$64,3,0) -> 24227.5 | O83: =VLOOKUP(C83,'3-1-26'!$J$2:$L$48,3,0) -> 5580 | P83: =VLOOKUP(C83,'31-1-26'!$J$4:$L$53,3,0) -> 24135 | V83: =SUM(E83:U83) -> 131180 | W83: =V83-131000 -> 180
B84: 82 | C84: Pak Giri | D84: 4 | M84: =VLOOKUP(C84,'15-11-25'!$J$2:$L$46,3,0) -> 33820 | V84: =SUM(E84:U84) -> 33820 | W84: =V84 -> 33820
B85: 83 | C85: Bu Arsudin | D85: 5 | G85: =VLOOKUP(C85,'9-8-2025'!$N$2:$P$57,3,0) -> 41200 | V85: =SUM(E85:U85) -> 41200 | W85: =V85-41200 -> 0 | X85: 9 Agustus | Y85: Cash
B86: 84 | C86: Bu Dida | D86: 5 | I86: =VLOOKUP(C86,'7-9-2025'!$J$2:$L$57,3,0) -> 12610 | K86: =VLOOKUP(C86,'19-10-25'!$J$2:$L$69,3,0) -> 14517.5 | L86: =VLOOKUP(C86,'1-11-25'!$J$2:$L$48,3,0) -> 4800 | O86: =VLOOKUP(C86,'3-1-26'!$J$2:$L$48,3,0) -> 15515 | V86: =SUM(E86:U86) -> 47442.5 | W86: =V86 -> 47442.5
B87: 85 | C87: Bu Kamiem | D87: 5 | E87: =VLOOKUP(C87,'12-7-2025'!$J$2:$L$53,3,0) -> 25600 | F87: =VLOOKUP(C87,'26-7-2025'!$N$2:$P$50,3,0) -> 13575 | K87: =VLOOKUP(C87,'19-10-25'!$J$2:$L$69,3,0) -> 13482.5 | M87: =VLOOKUP(C87,'15-11-25'!$J$2:$L$46,3,0) -> 4290 | N87: =VLOOKUP(C87,'13-12-25'!$J$2:$L$64,3,0) -> 3600 | P87: =VLOOKUP(C87,'31-1-26'!$J$4:$L$53,3,0) -> 26730 | V87: =SUM(E87:U87) -> 87277.5 | W87: =V87 -> 87277.5
B88: 86 | C88: Bu Ecin Dwi | D88: 5 | G88: =VLOOKUP(C88,'9-8-2025'!$N$2:$P$57,3,0) -> 25130 | H88: =VLOOKUP(C88,'23-8-2025'!$J$2:$L$54,3,0) -> 14690 | I88: =VLOOKUP(C88,'7-9-2025'!$J$2:$L$57,3,0) -> 25095 | J88: =VLOOKUP(C88,'21-9-2025'!$J$2:$L$55,3,0) -> 30015 | K88: =VLOOKUP(C88,'19-10-25'!$J$2:$L$69,3,0) -> 40895 | L88: =VLOOKUP(C88,'1-11-25'!$J$2:$L$48,3,0) -> 9275 | M88: =VLOOKUP(C88,'15-11-25'!$J$2:$L$46,3,0) -> 14485 | N88: =VLOOKUP(C88,'13-12-25'!$J$2:$L$64,3,0) -> 23420 | O88: =VLOOKUP(C88,'3-1-26'!$J$2:$L$48,3,0) -> 11580 | Q88: =VLOOKUP(C88,'15-02-26'!$J$2:$L$41,3,0) -> 38800 | V88: =SUM(E88:U88) -> 233385 | W88: =V88-100000 -> 133385
B89: 87 | C89: Bu Nurhayati | D89: 5 | E89: =VLOOKUP(C89,'12-7-2025'!$J$2:$L$53,3,0) -> 1195 | V89: =SUM(E89:U89) -> 1195 | W89: =V89 -> 1195
B90: 88 | C90: Bu Sri Retno | D90: 5 | E90: =VLOOKUP(C90,'12-7-2025'!$J$2:$L$53,3,0) -> 4530 | I90: =VLOOKUP(C90,'7-9-2025'!$J$2:$L$57,3,0) -> 12220 | K90: =VLOOKUP(C90,'19-10-25'!$J$2:$L$69,3,0) -> 10582.5 | N90: =VLOOKUP(C90,'13-12-25'!$J$2:$L$64,3,0) -> 19670 | P90: =VLOOKUP(C90,'31-1-26'!$J$4:$L$53,3,0) -> 14570 | V90: =SUM(E90:U90) -> 61572.5 | W90: =V90 -> 61572.5
B91: 89 | C91: Bu Uum | D91: 5 | E91: =VLOOKUP(C91,'12-7-2025'!$J$2:$L$53,3,0) -> 15546 | H91: =VLOOKUP(C91,'23-8-2025'!$J$2:$L$54,3,0) -> 36695 | I91: =VLOOKUP(C91,'7-9-2025'!$J$2:$L$57,3,0) -> 12437.5 | K91: =VLOOKUP(C91,'19-10-25'!$J$2:$L$69,3,0) -> 48435 | Q91: =VLOOKUP(C91,'15-02-26'!$J$2:$L$41,3,0) -> 17330 | V91: =SUM(E91:U91) -> 130443.5 | W91: =V91-110000 -> 20443.5
B92: 90 | C92: Bu Yanti | D92: 5 | E92: =VLOOKUP(C92,'12-7-2025'!$J$2:$L$53,3,0) -> 6720 | G92: =VLOOKUP(C92,'9-8-2025'!$N$2:$P$57,3,0) -> 5540 | I92: =VLOOKUP(C92,'7-9-2025'!$J$2:$L$57,3,0) -> 17760 | K92: =VLOOKUP(C92,'19-10-25'!$J$2:$L$69,3,0) -> 12057.5 | M92: =VLOOKUP(C92,'15-11-25'!$J$2:$L$46,3,0) -> 5000 | V92: =SUM(E92:U92) -> 47077.5 | W92: =V92 -> 47077.5
B93: 91 | C93: Bu Lilis | D93: 5 | E93: =VLOOKUP(C93,'12-7-2025'!$J$2:$L$53,3,0) -> 45685 | F93: =VLOOKUP(C93,'26-7-2025'!$N$2:$P$50,3,0) -> 15025 | G93: =VLOOKUP(C93,'9-8-2025'!$N$2:$P$57,3,0) -> 5095 | H93: =VLOOKUP(C93,'23-8-2025'!$J$2:$L$54,3,0) -> 4670 | I93: =VLOOKUP(C93,'7-9-2025'!$J$2:$L$57,3,0) -> 3015 | J93: =VLOOKUP(C93,'21-9-2025'!$J$2:$L$55,3,0) -> 11630 | K93: =VLOOKUP(C93,'19-10-25'!$J$2:$L$69,3,0) -> 7010 | L93: =VLOOKUP(C93,'1-11-25'!$J$2:$L$48,3,0) -> 4645 | M93: =VLOOKUP(C93,'15-11-25'!$J$2:$L$46,3,0) -> 13400 | N93: =VLOOKUP(C93,'13-12-25'!$J$2:$L$64,3,0) -> 9300 | O93: =VLOOKUP(C93,'3-1-26'!$J$2:$L$48,3,0) -> 29565 | P93: =VLOOKUP(C93,'31-1-26'!$J$4:$L$53,3,0) -> 13585 | Q93: =VLOOKUP(C93,'15-02-26'!$J$2:$L$41,3,0) -> 9475 | V93: =SUM(E93:U93) -> 172100 | W93: =V93 -> 172100
B94: 92 | C94: Rafi | D94: 5 | E94: =VLOOKUP(C94,'12-7-2025'!$J$2:$L$53,3,0) -> 6515 | G94: =VLOOKUP(C94,'9-8-2025'!$N$2:$P$57,3,0) -> 3665 | K94: =VLOOKUP(C94,'19-10-25'!$J$2:$L$69,3,0) -> 1402.5 | V94: =SUM(E94:U94) -> 11582.5 | W94: =V94 -> 11582.5
B95: 93 | C95: Syifa Kamila | D95: 5 | F95: =VLOOKUP(C95,'26-7-2025'!$N$2:$P$50,3,0) -> 18200 | I95: =VLOOKUP(C95,'7-9-2025'!$J$2:$L$57,3,0) -> 3277.5 | N95: =VLOOKUP(C95,'13-12-25'!$J$2:$L$64,3,0) -> 16720 | V95: =SUM(E95:U95) -> 38197.5 | W95: =V95 -> 38197.5
B96: 94 | C96: Pak Soleh | D96: 5 | F96: =VLOOKUP(C96,'26-7-2025'!$N$2:$P$50,3,0) -> 3735 | H96: =VLOOKUP(C96,'23-8-2025'!$J$2:$L$54,3,0) -> 5050 | L96: =VLOOKUP(C96,'1-11-25'!$J$2:$L$48,3,0) -> 22085 | O96: =VLOOKUP(C96,'3-1-26'!$J$2:$L$48,3,0) -> 6215 | Q96: =VLOOKUP(C96,'15-02-26'!$J$2:$L$41,3,0) -> 14230 | V96: =SUM(E96:U96) -> 51315 | W96: =V96 -> 51315
B97: 95 | C97: Oma Carrisa | D97: 5 | L97: =VLOOKUP(C97,'1-11-25'!$J$2:$L$48,3,0) -> 23122 | M97: =VLOOKUP(C97,'15-11-25'!$J$2:$L$46,3,0) -> 17855 | Q97: =VLOOKUP(C97,'15-02-26'!$J$2:$L$41,3,0) -> 45495 | V97: =SUM(E97:U97) -> 86472 | W97: =V97 -> 86472
B98: 96 | C98: Mas Angga | D98: 5 | N98: =VLOOKUP(C98,'13-12-25'!$J$2:$L$64,3,0) -> 7000 | V98: =SUM(E98:U98) -> 7000 | W98: =V98 -> 7000
B99: 97 | C99: Sahabat Qur'an | D99: 5 | O99: =VLOOKUP(C99,'3-1-26'!$J$2:$L$48,3,0) -> 29200 | Q99: =VLOOKUP(C99,'15-02-26'!$J$2:$L$41,3,0) -> 6055 | V99: =SUM(E99:U99) -> 35255 | W99: =V99 -> 35255
B100: 98 | C100: Nabil | D100: 6 | K100: =VLOOKUP(C100,'19-10-25'!$J$2:$L$69,3,0) -> 9220 | N100: =VLOOKUP(C100,'13-12-25'!$J$2:$L$64,3,0) -> 7230 | V100: =SUM(E100:U100) -> 16450 | W100: =V100 -> 16450
...

Sheet 15-02-26
A2: No | B2: Nama | C2: RT | D2: Jenis Sampah | E2: Harga | F2: Berat | G2: Total Harga | J2: Row Labels | K2: Sum of RT | L2: Sum of Total Harga | N2: Timbangan Bu Erta | Q2: Minggu, 15 Februari 2026 | T2: Timbangan Kami Box | W2: Minggu, 15 Februari 2026 | Z2: Timbangan Kami Box | AB2: Minggu, 15 Februari 2026
A3: 1 | B3: Bu Angga | C3: 2 | D3: Botol Putih Bersih | E3: =VLOOKUP(D3,'Bu Erta'!$C$2:$E$66,3,0) -> 2800 | F3: 0.45 | G3: =E3*F3 -> 1260 | H3: =VLOOKUP(D3,'Bu Erta'!$C$2:$F$66,4,0)*F3 -> 1395 | J3: Bu Yanti Bela | K3: 0 | L3: 4775 | N3: No | O3: Jenis Sampah | P3: Harga | Q3: Berat | R3: Total Harga | T3: No | U3: Jenis Sampah | V3: Harga | W3: Berat | X3: Total Harga | Z3: No | AA3: Jenis Sampah | AB3: Berat
B4: Bu Angga | D4: Multilayer | E4: =VLOOKUP(D4,'Bu Erta'!$C$2:$E$66,3,0) -> 300 | F4: 0.5 | G4: =E4*F4 -> 150 | H4: =VLOOKUP(D4,'Bu Erta'!$C$2:$F$66,4,0)*F4 -> 200 | J4: Bu Nita | K4: 1 | L4: 11945 | N4: 1 | O4: Acrylic | P4: =VLOOKUP(O4,'Bu Erta'!$C$2:$F$66,4,0) -> 1500 | Q4: =SUMIF($D$3:$D$271,O4,$F$3:$F$271) -> 0 | R4: =P4*Q4 -> 0 | T4: 1 | U4: AC | V4: =VLOOKUP(U4,KamiBox!$C$2:$F$54,4,0) -> 200000 | X4: =V4*W4 -> 0 | Z4: 1 | AA4: AC
B5: Bu Angga | D5: Tutup Botol | E5: =VLOOKUP(D5,'Bu Erta'!$C$2:$E$66,3,0) -> 2500 | F5: 0.25 | G5: =E5*F5 -> 625 | H5: =VLOOKUP(D5,'Bu Erta'!$C$2:$F$66,4,0)*F5 -> 750 | J5: Bu Admini | K5: 1 | L5: 7245 | N5: 2 | O5: AC Blower | P5: =VLOOKUP(O5,'Bu Erta'!$C$2:$F$66,4,0) -> 100000 | Q5: =SUMIF($D$3:$D$271,O5,$F$3:$F$271) -> 0 | R5: =P5*Q5 -> 0 | T5: 2 | U5: Aki | V5: =VLOOKUP(U5,KamiBox!$C$2:$F$54,4,0) -> 9000 | X5: =V5*W5 -> 0 | Z5: 2 | AA5: Aki
B6: Bu Angga | D6: Boncos | E6: =VLOOKUP(D6,'Bu Erta'!$C$2:$E$66,3,0) -> 300 | F6: 0.35 | G6: =E6*F6 -> 105 | H6: =VLOOKUP(D6,'Bu Erta'!$C$2:$F$66,4,0)*F6 -> 140 | J6: Bu Betria | K6: 1 | L6: 14305 | N6: 3 | O6: AC Indoor | P6: =VLOOKUP(O6,'Bu Erta'!$C$2:$F$66,4,0) -> 40000 | Q6: =SUMIF($D$3:$D$271,O6,$F$3:$F$271) -> 0 | R6: =P6*Q6 -> 0 | T6: 3 | U6: Aluminium | V6: =VLOOKUP(U6,KamiBox!$C$2:$F$54,4,0) -> 10000 | W6: 0.25 | X6: =V6*W6 -> 2500 | Z6: 3 | AA6: Aluminium | AB6: 0.25
B7: Bu Angga | D7: Gabrukan | E7: =VLOOKUP(D7,'Bu Erta'!$C$2:$E$66,3,0) -> 1000 | F7: 0.95 | G7: =E7*F7 -> 950 | H7: =VLOOKUP(D7,'Bu Erta'!$C$2:$F$66,4,0)*F7 -> 1045 | J7: Mama Wahyu | K7: 1 | L7: 1930 | N7: 4 | O7: AKI | P7: =VLOOKUP(O7,'Bu Erta'!$C$2:$F$66,4,0) -> 6500 | Q7: =SUMIF($D$3:$D$271,O7,$F$3:$F$271) -> 0 | R7: =P7*Q7 -> 0 | T7: 4 | U7: Arsip | V7: =VLOOKUP(U7,KamiBox!$C$2:$F$54,4,0) -> 1000 | X7: =V7*W7 -> 0 | Z7: 4 | AA7: Arsip
B8: Bu Angga | D8: Botol & Gelas Putih (Kotor) | E8: =VLOOKUP(D8,'Bu Erta'!$C$2:$E$66,3,0) -> 1600 | F8: =0.3+0.3+0.3 -> 0.9 | G8: =E8*F8 -> 1440 | H8: =VLOOKUP(D8,'Bu Erta'!$C$2:$F$66,4,0)*F8 -> 1530 | J8: Bu Yenvitriati | K8: 1 | L8: 6905 | N8: 5 | O8: Alumunium | P8: =VLOOKUP(O8,'Bu Erta'!$C$2:$F$66,4,0) -> 8500 | Q8: =SUMIF($D$3:$D$271,O8,$F$3:$F$271) -> 0.25 | R8: =P8*Q8 -> 2125 | T8: 5 | U8: Asoy | X8: =V8*W8 -> 0 | Z8: 5 | AA8: Asoy
B9: Bu Angga | D9: Kardus Baik/Kering | E9: =VLOOKUP(D9,'Bu Erta'!$C$2:$E$66,3,0) -> 1000 | F9: =0.05+0.05+0.85+0.75 -> 1.7 | G9: =E9*F9 -> 1700 | H9: =VLOOKUP(D9,'Bu Erta'!$C$2:$F$66,4,0)*F9 -> 2040 | J9: Pak Wawan | K9: 2 | L9: 7500 | N9: 6 | O9: Alumunium Foil | P9: =VLOOKUP(O9,'Bu Erta'!$C$2:$F$66,4,0) -> 4000 | Q9: =SUMIF($D$3:$D$271,O9,$F$3:$F$271) -> 0 | R9: =P9*Q9 -> 0 | T9: 6 | U9: Besi | V9: =VLOOKUP(U9,KamiBox!$C$2:$F$54,4,0) -> 4000 | W9: 24.2 | X9: =V9*W9 -> 96800 | Z9: 6 | AA9: Besi | AC9: 24.2
B10: Bu Angga | D10: Plastik (PE) | E10: =VLOOKUP(D10,'Bu Erta'!$C$2:$E$66,3,0) -> 800 | F10: 0.05 | G10: =E10*F10 -> 40 | H10: =VLOOKUP(D10,'Bu Erta'!$C$2:$F$66,4,0)*F10 -> 45 | J10: Bu Anwar | K10: 2 | L10: 7552.5 | N10: 7 | O10: Asoy | P10: =VLOOKUP(O10,'Bu Erta'!$C$2:$F$66,4,0) -> 300 | Q10: =SUMIF($D$3:$D$271,O10,$F$3:$F$271) -> 0 | R10: =P10*Q10 -> 0 | T10: 7 | U10: Boncos Kotor | V10: =VLOOKUP(U10,KamiBox!$C$2:$F$54,4,0) -> 400 | X10: =V10*W10 -> 0 | Z10: 7 | AA10: Boncos Kotor
B11: Bu Angga | D11: Besi | E11: =VLOOKUP(D11,'Bu Erta'!$C$2:$E$66,3,0) -> 2500 | F11: =3.75+3.55+3.55 -> 10.85 | G11: =E11*F11 -> 27125 | H11: =VLOOKUP(D11,'Bu Erta'!$C$2:$F$66,4,0)*F11 -> 32550 | J11: Mbak Nurhayati | K11: 2 | L11: 17585 | N11: 8 | O11: Babet | P11: =VLOOKUP(O11,'Bu Erta'!$C$2:$F$66,4,0) -> 8000 | Q11: =SUMIF($D$3:$D$271,O11,$F$3:$F$271) -> 0 | R11: =P11*Q11 -> 0 | T11: 8 | U11: Botol Kaca Hijau | V11: =VLOOKUP(U11,KamiBox!$C$2:$F$54,4,0) -> 100 | X11: =V11*W11 -> 0 | Z11: 8 | AA11: Botol Kaca Hijau
A12: 2 | B12: Bu Suci | C12: 4 | D12: Emberan | E12: =VLOOKUP(D12,'Bu Erta'!$C$2:$E$66,3,0) -> 1400 | F12: =2.2+1.85+2.15+1.55+1.8+0.8+0.75+0.1+0.5+0.6+1.6 -> 13.9 | G12: =E12*F12 -> 19460 | H12: =VLOOKUP(D12,'Bu Erta'!$C$2:$F$66,4,0)*F12 -> 22240 | J12: Bu Widodo | K12: 2 | L12: 3740 | N12: 9 | O12: Ban Bekas | P12: =VLOOKUP(O12,'Bu Erta'!$C$2:$F$66,4,0) -> 200 | Q12: =SUMIF($D$3:$D$271,O12,$F$3:$F$271) -> 0 | R12: =P12*Q12 -> 0 | T12: 9 | U12: Botol Kaca Bening/Putih | V12: =VLOOKUP(U12,KamiBox!$C$2:$F$54,4,0) -> 200 | W12: 10.9 | X12: =V12*W12 -> 2180 | Z12: 9 | AA12: Botol Kaca Bening/Putih | AB12: 10.9
B13: Bu Suci | D13: Kaleng | E13: =VLOOKUP(D13,'Bu Erta'!$C$2:$E$66,3,0) -> 1500 | F13: =0.6+0.2 -> 0.8 | G13: =E13*F13 -> 1200 | H13: =VLOOKUP(D13,'Bu Erta'!$C$2:$F$66,4,0)*F13 -> 1600 | J13: Bu Angga | K13: 2 | L13: 33395 | N13: 10 | O13: Besi | P13: =VLOOKUP(O13,'Bu Erta'!$C$2:$F$66,4,0) -> 3000 | Q13: =SUMIF($D$3:$D$271,O13,$F$3:$F$271) -> 24.2 | R13: =P13*Q13 -> 72600 | T13: 10 | U13: Botol Kaca Campur | V13: =VLOOKUP(U13,KamiBox!$C$2:$F$54,4,0) -> 100 | X13: =V13*W13 -> 0 | Z13: 10 | AA13: Botol Kaca Campur
B14: Bu Suci | D14: Kabin | E14: =VLOOKUP(D14,'Bu Erta'!$C$2:$E$66,3,0) -> 1800 | F14: =2.1+0.7+0.3 -> 3.1 | G14: =E14*F14 -> 5580 | H14: =VLOOKUP(D14,'Bu Erta'!$C$2:$F$66,4,0)*F14 -> 6200 | J14: Bu Purwani | K14: 3 | L14: 18300 | N14: 11 | O14: Boncos | P14: =VLOOKUP(O14,'Bu Erta'!$C$2:$F$66,4,0) -> 400 | Q14: =SUMIF($D$3:$D$271,O14,$F$3:$F$271) -> 34.95 | R14: =P14*Q14 -> 13980 | T14: 11 | U14: Botol Kaca Coklat/Merah | V14: =VLOOKUP(U14,KamiBox!$C$2:$F$54,4,0) -> 800 | X14: =V14*W14 -> 0 | Z14: 11 | AA14: Botol Kaca Coklat/Merah
B15: Bu Suci | D15: Impact | E15: =VLOOKUP(D15,'Bu Erta'!$C$2:$E$66,3,0) -> 600 | F15: 1.4 | G15: =E15*F15 -> 840 | H15: =VLOOKUP(D15,'Bu Erta'!$C$2:$F$66,4,0)*F15 -> 910 | J15: Bu Minah | K15: 3 | L15: 2165 | N15: 12 | O15: Botol & Gelas Putih (Kotor) | P15: =VLOOKUP(O15,'Bu Erta'!$C$2:$F$66,4,0) -> 1700 | Q15: =SUMIF($D$3:$D$271,O15,$F$3:$F$271) -> 6.25 | R15: =P15*Q15 -> 10625 | T15: 12 | U15: Botol PET bersih | V15: =VLOOKUP(U15,KamiBox!$C$2:$F$54,4,0) -> 4000 | W15: =25.65+5 -> 30.65 | X15: =V15*W15 -> 122600 | Z15: 12 | AA15: Botol PET bersih | AB15: =25.65+5 -> 30.65
B16: Bu Suci | D16: Gelas Putih Bersih | E16: =VLOOKUP(D16,'Bu Erta'!$C$2:$E$66,3,0) -> 3500 | F16: 0.2 | G16: =E16*F16 -> 700 | H16: =VLOOKUP(D16,'Bu Erta'!$C$2:$F$66,4,0)*F16 -> 720 | J16: Bu Wiwin | K16: 3 | L16: 7790 | N16: 13 | O16: Botol & Kaca Beling | P16: =VLOOKUP(O16,'Bu Erta'!$C$2:$F$66,4,0) -> 200 | Q16: =SUMIF($D$3:$D$271,O16,$F$3:$F$271) -> 10.9 | R16: =P16*Q16 -> 2180 | T16: 13 | U16: Botol PET Kotor | V16: =VLOOKUP(U16,KamiBox!$C$2:$F$54,4,0) -> 2000 | W16: 1.25 | X16: =V16*W16 -> 2500 | Z16: 13 | AA16: Botol PET Kotor | AB16: 1.25
B17: Bu Suci | D17: Toples Kue Kristal | E17: =VLOOKUP(D17,'Bu Erta'!$C$2:$E$66,3,0) -> 2700 | F17: 0.55 | G17: =E17*F17 -> 1485 | H17: =VLOOKUP(D17,'Bu Erta'!$C$2:$F$66,4,0)*F17 -> 1650 | J17: Bu Sarti | K17: 4 | L17: 18825 | N17: 14 | O17: Botol Berwarna | P17: =VLOOKUP(O17,'Bu Erta'!$C$2:$F$66,4,0) -> 1000 | Q17: =SUMIF($D$3:$D$271,O17,$F$3:$F$271) -> 0 | R17: =P17*Q17 -> 0 | T17: 14 | U17: Botol Plastik Kemasan Campur | V17: =VLOOKUP(U17,KamiBox!$C$2:$F$54,4,0) -> 1000 | X17: =V17*W17 -> 0 | Z17: 14 | AA17: Botol Plastik Kemasan Campur
B18: Bu Suci | D18: Botol & Gelas Putih (Kotor) | E18: =VLOOKUP(D18,'Bu Erta'!$C$2:$E$66,3,0) -> 1600 | F18: 0.15 | G18: =E18*F18 -> 240 | H18: =VLOOKUP(D18,'Bu Erta'!$C$2:$F$66,4,0)*F18 -> 255 | J18: Bu Neni | K18: 4 | L18: 3720 | N18: 15 | O18: Botol Putih Bersih | P18: =VLOOKUP(O18,'Bu Erta'!$C$2:$F$66,4,0) -> 3100 | Q18: =SUMIF($D$3:$D$271,O18,$F$3:$F$271) -> 25.65 | R18: =P18*Q18 -> 79515 | T18: 15 | U18: Buku, majalah, brosur, koran | V18: =VLOOKUP(U18,KamiBox!$C$2:$F$54,4,0) -> 1000 | W18: =14.75+0.6 -> 15.35 | X18: =V18*W18 -> 15350 | Z18: 15 | AA18: Buku, majalah, brosur, koran | AB18: =14.75+0.6 -> 15.35
B19: Bu Suci | D19: Botol Putih Bersih | E19: =VLOOKUP(D19,'Bu Erta'!$C$2:$E$66,3,0) -> 2800 | F19: 0.25 | G19: =E19*F19 -> 700 | H19: =VLOOKUP(D19,'Bu Erta'!$C$2:$F$66,4,0)*F19 -> 775 | J19: Bu Febri | K19: 4 | L19: 12775 | N19: 16 | O19: Buku Tulis & Pelajaran | P19: =VLOOKUP(O19,'Bu Erta'!$C$2:$F$66,4,0) -> 1300 | Q19: =SUMIF($D$3:$D$271,O19,$F$3:$F$271) -> 14.75 | R19: =P19*Q19 -> 19175 | T19: 16 | U19: Emberan | V19: =VLOOKUP(U19,KamiBox!$C$2:$F$54,4,0) -> 1200 | W19: =68.65+1.2 -> 69.85 | X19: =V19*W19 -> 83820 | Z19: 16 | AA19: Emberan | AB19: =68.65+1.2 -> 69.85
B20: Bu Suci | D20: Tutup Botol | E20: =VLOOKUP(D20,'Bu Erta'!$C$2:$E$66,3,0) -> 2500 | F20: 0.1 | G20: =E20*F20 -> 250 | H20: =VLOOKUP(D20,'Bu Erta'!$C$2:$F$66,4,0)*F20 -> 300 | J20: Bu Rina | K20: 4 | L20: 15300 | N20: 17 | O20: CD Kristal | P20: =VLOOKUP(O20,'Bu Erta'!$C$2:$F$66,4,0) -> 6000 | Q20: =SUMIF($D$3:$D$271,O20,$F$3:$F$271) -> 2.95 | R20: =P20*Q20 -> 17700 | T20: 17 | U20: Gabrukan | V20: =VLOOKUP(U20,KamiBox!$C$2:$F$54,4,0) -> 1000 | W20: 15 | X20: =V20*W20 -> 15000 | Z20: 17 | AA20: Gabrukan | AB20: 15
B21: Bu Suci | D21: Boncos | E21: =VLOOKUP(D21,'Bu Erta'!$C$2:$E$66,3,0) -> 300 | F21: 0.75 | G21: =E21*F21 -> 225 | H21: =VLOOKUP(D21,'Bu Erta'!$C$2:$F$66,4,0)*F21 -> 300 | J21: Bu Sariyanti | K21: 4 | L21: 12367.5 | N21: 18 | O21: CPU | P21: =VLOOKUP(O21,'Bu Erta'!$C$2:$F$66,4,0) -> 15000 | Q21: =SUMIF($D$3:$D$271,O21,$F$3:$F$271) -> 0 | R21: =P21*Q21 -> 0 | T21: 18 | U21: Galon PC | V21: =VLOOKUP(U21,KamiBox!$C$2:$F$54,4,0) -> 3000 | X21: =V21*W21 -> 0 | Z21: 18 | AA21: Galon PC
B22: Bu Suci | D22: Multilayer | E22: =VLOOKUP(D22,'Bu Erta'!$C$2:$E$66,3,0) -> 300 | F22: =0.95+0.4 -> 1.35 | G22: =E22*F22 -> 405 | H22: =VLOOKUP(D22,'Bu Erta'!$C$2:$F$66,4,0)*F22 -> 540 | J22: Bu Riris | K22: 4 | L22: 40495 | N22: 19 | O22: Emberan | P22: =VLOOKUP(O22,'Bu Erta'!$C$2:$F$66,4,0) -> 1600 | Q22: =SUMIF($D$3:$D$271,O22,$F$3:$F$271) -> 68.65 | R22: =P22*Q22 -> 109840 | T22: 19 | U22: Gelas PP Bersih | V22: =VLOOKUP(U22,KamiBox!$C$2:$F$54,4,0) -> 3500 | W22: 2.7 | X22: =V22*W22 -> 9450 | Z22: 19 | AA22: Gelas PP Bersih | AB22: 2.7
B23: Bu Suci | D23: Kardus Baik/Kering | E23: =VLOOKUP(D23,'Bu Erta'!$C$2:$E$66,3,0) -> 1000 | F23: 0.85 | G23: =E23*F23 -> 850 | H23: =VLOOKUP(D23,'Bu Erta'!$C$2:$F$66,4,0)*F23 -> 1020 | J23: Bu Suci | K23: 4 | L23: 31942.5 | N23: 20 | O23: Gabrukan | P23: =VLOOKUP(O23,'Bu Erta'!$C$2:$F$66,4,0) -> 1100 | Q23: =SUMIF($D$3:$D$271,O23,$F$3:$F$271) -> 15 | R23: =P23*Q23 -> 16500 | T23: 20 | U23: Gelas PP Warna | V23: =VLOOKUP(U23,KamiBox!$C$2:$F$54,4,0) -> 2000 | X23: =V23*W23 -> 0 | Z23: 20 | AA23: Gelas PP Warna
B24: Bu Suci | D24: Sterofoam | E24: =VLOOKUP(D24,'Bu Erta'!$C$2:$E$66,3,0) -> 150 | F24: 0.05 | G24: =E24*F24 -> 7.5 | H24: =VLOOKUP(D24,'Bu Erta'!$C$2:$F$66,4,0)*F24 -> 10 | J24: Mama Adam | K24: 4 | L24: 3770 | N24: 21 | O24: Galon Aqua | P24: =VLOOKUP(O24,'Bu Erta'!$C$2:$F$66,4,0) -> 5000 | Q24: =SUMIF($D$3:$D$271,O24,$F$3:$F$271) -> 0 | R24: =P24*Q24 -> 0 | T24: 21 | U24: Handphone | V24: =VLOOKUP(U24,KamiBox!$C$2:$F$54,4,0) -> 5000 | X24: =V24*W24 -> 0 | Z24: 21 | AA24: Handphone
A25: 3 | B25: Bu Neni | C25: 4 | D25: Botol Putih Bersih | E25: =VLOOKUP(D25,'Bu Erta'!$C$2:$E$66,3,0) -> 2800 | F25: =0.15+0.25 -> 0.4 | G25: =E25*F25 -> 1120 | H25: =VLOOKUP(D25,'Bu Erta'!$C$2:$F$66,4,0)*F25 -> 1240 | J25: Bu Tunut | K25: 4 | L25: 28820 | N25: 22 | O25: Gelas Berwarna | P25: =VLOOKUP(O25,'Bu Erta'!$C$2:$F$66,4,0) -> 1400 | Q25: =SUMIF($D$3:$D$271,O25,$F$3:$F$271) -> 0 | R25: =P25*Q25 -> 0 | T25: 22 | U25: HVS | V25: =VLOOKUP(U25,KamiBox!$C$2:$F$54,4,0) -> 2000 | W25: 6.5 | X25: =V25*W25 -> 13000 | Z25: 22 | AA25: HVS | AB25: 6.5
B26: Bu Neni | D26: Boncos | E26: =VLOOKUP(D26,'Bu Erta'!$C$2:$E$66,3,0) -> 300 | F26: 0.25 | G26: =E26*F26 -> 75 | H26: =VLOOKUP(D26,'Bu Erta'!$C$2:$F$66,4,0)*F26 -> 100 | J26: Bu Nining | K26: 4 | L26: 15330 | N26: 23 | O26: Gelas Putih Bersih | P26: =VLOOKUP(O26,'Bu Erta'!$C$2:$F$66,4,0) -> 3600 | Q26: =SUMIF($D$3:$D$271,O26,$F$3:$F$271) -> 2.7 | R26: =P26*Q26 -> 9720 | T26: 23 | U26: Impact | V26: =VLOOKUP(U26,KamiBox!$C$2:$F$54,4,0) -> 700 | W26: 8.1 | X26: =V26*W26 -> 5670 | Z26: 23 | AA26: Impact | AB26: 8.1
B27: Bu Neni | D27: Botol & Kaca Beling | E27: =VLOOKUP(D27,'Bu Erta'!$C$2:$E$66,3,0) -> 150 | F27: =2.4+0.3 -> 2.7 | G27: =E27*F27 -> 405 | H27: =VLOOKUP(D27,'Bu Erta'!$C$2:$F$66,4,0)*F27 -> 540 | J27: Bu Irma | K27: 4 | L27: 7390 | N27: 24 | O27: Handphone | P27: =VLOOKUP(O27,'Bu Erta'!$C$2:$F$66,4,0) -> 2000 | Q27: =SUMIF($D$3:$D$271,O27,$F$3:$F$271) -> 0 | R27: =P27*Q27 -> 0 | T27: 24 | U27: Jelantah | V27: =VLOOKUP(U27,KamiBox!$C$2:$F$54,4,0) -> 7000 | W27: 14.55 | X27: =V27*W27 -> 101850 | Z27: 24 | AA27: Jelantah | AB27: 14.55
B28: Bu Neni | D28: Emberan | E28: =VLOOKUP(D28,'Bu Erta'!$C$2:$E$66,3,0) -> 1400 | F28: =0.3+0.9+0.1 -> 1.3 | G28: =E28*F28 -> 1820 | H28: =VLOOKUP(D28,'Bu Erta'!$C$2:$F$66,4,0)*F28 -> 2080 | J28: Bu Suriya | K28: 4 | L28: 5320 | N28: 25 | O28: Impact | P28: =VLOOKUP(O28,'Bu Erta'!$C$2:$F$66,4,0) -> 650 | Q28: =SUMIF($D$3:$D$271,O28,$F$3:$F$271) -> 8.1 | R28: =P28*Q28 -> 5265 | T28: 25 | U28: Kabel | V28: =VLOOKUP(U28,KamiBox!$C$2:$F$54,4,0) -> 1500 | W28: 2.3 | X28: =V28*W28 -> 3450 | Z28: 25 | AA28: Kabel | AB28: 2.3
B29: Bu Neni | D29: Kaleng | E29: =VLOOKUP(D29,'Bu Erta'!$C$2:$E$66,3,0) -> 1500 | F29: 0.2 | G29: =E29*F29 -> 300 | H29: =VLOOKUP(D29,'Bu Erta'!$C$2:$F$66,4,0)*F29 -> 400 | J29: Bu Wuri | K29: 4 | L29: 16020 | N29: 26 | O29: Injek | P29: =VLOOKUP(O29,'Bu Erta'!$C$2:$F$66,4,0) -> 2000 | Q29: =SUMIF($D$3:$D$271,O29,$F$3:$F$271) -> 0 | R29: =P29*Q29 -> 0 | T29: 26 | U29: Kabin | V29: =VLOOKUP(U29,KamiBox!$C$2:$F$54,4,0) -> 2000 | W29: 10.5 | X29: =V29*W29 -> 21000 | Z29: 26 | AA29: Kabin | AB29: 10.5
A30: 4 | B30: Bu Ecin Dwi | C30: 5 | D30: Kardus Baik/Kering | E30: =VLOOKUP(D30,'Bu Erta'!$C$2:$E$66,3,0) -> 1000 | F30: =14.3+2.85 -> 17.15 | G30: =E30*F30 -> 17150 | H30: =VLOOKUP(D30,'Bu Erta'!$C$2:$F$66,4,0)*F30 -> 20580 | J30: Bu Ani | K30: 4 | L30: 15205 | N30: 27 | O30: Kabel | P30: =VLOOKUP(O30,'Bu Erta'!$C$2:$F$66,4,0) -> 1600 | Q30: =SUMIF($D$3:$D$271,O30,$F$3:$F$271) -> 2.3 | R30: =P30*Q30 -> 3680 | T30: 27 | U30: Kaca | V30: =VLOOKUP(U30,KamiBox!$C$2:$F$54,4,0) -> 100 | X30: =V30*W30 -> 0 | Z30: 27 | AA30: Kaca
B31: Bu Ecin Dwi | D31: Botol Putih Bersih | E31: =VLOOKUP(D31,'Bu Erta'!$C$2:$E$66,3,0) -> 2800 | F31: 0.35 | G31: =E31*F31 -> 980 | H31: =VLOOKUP(D31,'Bu Erta'!$C$2:$F$66,4,0)*F31 -> 1085 | J31: Bu Ida Amanah | K31: 4 | L31: 21555 | N31: 28 | O31: Kabel Internet | P31: =VLOOKUP(O31,'Bu Erta'!$C$2:$F$66,4,0) -> 200 | Q31: =SUMIF($D$3:$D$271,O31,$F$3:$F$271) -> 0 | R31: =P31*Q31 -> 0 | T31: 28 | U31: Kaleng | V31: =VLOOKUP(U31,KamiBox!$C$2:$F$54,4,0) -> 2000 | W31: 6.25 | X31: =V31*W31 -> 12500 | Z31: 28 | AA31: Kaleng | AB31: 6.25
B32: Bu Ecin Dwi | D32: Tutup Botol | E32: =VLOOKUP(D32,'Bu Erta'!$C$2:$E$66,3,0) -> 2500 | F32: 0.25 | G32: =E32*F32 -> 625 | H32: =VLOOKUP(D32,'Bu Erta'!$C$2:$F$66,4,0)*F32 -> 750 | J32: Bu Nurlayli | K32: 4 | L32: 2920 | N32: 29 | O32: Kabel Kulit | P32: =VLOOKUP(O32,'Bu Erta'!$C$2:$F$66,4,0) -> 800 | Q32: =SUMIF($D$3:$D$271,O32,$F$3:$F$271) -> 0 | R32: =P32*Q32 -> 0 | T32: 29 | U32: Kantung Semen | V32: =VLOOKUP(U32,KamiBox!$C$2:$F$54,4,0) -> 1800 | X32: =V32*W32 -> 0 | Z32: 29 | AA32: Kantung Semen
B33: Bu Ecin Dwi | D33: Gelas Putih Bersih | E33: =VLOOKUP(D33,'Bu Erta'!$C$2:$E$66,3,0) -> 3500 | F33: 2.1 | G33: =E33*F33 -> 7350 | H33: =VLOOKUP(D33,'Bu Erta'!$C$2:$F$66,4,0)*F33 -> 7560 | J33: Bu Ecin Dwi | K33: 5 | L33: 38800 | N33: 30 | O33: Kabin | P33: =VLOOKUP(O33,'Bu Erta'!$C$2:$F$66,4,0) -> 2000 | Q33: =SUMIF($D$3:$D$271,O33,$F$3:$F$271) -> 10.5 | R33: =P33*Q33 -> 21000 | T33: 30 | U33: Kardus | V33: =VLOOKUP(U33,KamiBox!$C$2:$F$54,4,0) -> 1700 | W33: 96.55 | X33: =V33*W33 -> 164135 | Z33: 30 | AA33: Kardus | AB33: 96.55
B34: Bu Ecin Dwi | D34: Multilayer | E34: =VLOOKUP(D34,'Bu Erta'!$C$2:$E$66,3,0) -> 300 | F34: =1.15+0.85 -> 2 | G34: =E34*F34 -> 600 | H34: =VLOOKUP(D34,'Bu Erta'!$C$2:$F$66,4,0)*F34 -> 800 | J34: Sahabat Qur'an | K34: 5 | L34: 6055 | N34: 31 | O34: Kaleng | P34: =VLOOKUP(O34,'Bu Erta'!$C$2:$F$66,4,0) -> 2000 | Q34: =SUMIF($D$3:$D$271,O34,$F$3:$F$271) -> 6.25 | R34: =P34*Q34 -> 12500 | T34: 31 | U34: Kaset CD | V34: =VLOOKUP(U34,KamiBox!$C$2:$F$54,4,0) -> 4000 | W34: 2.95 | X34: =V34*W34 -> 11800 | Z34: 31 | AA34: Kaset CD | AC34: 2.95
B35: Bu Ecin Dwi | D35: Boncos | E35: =VLOOKUP(D35,'Bu Erta'!$C$2:$E$66,3,0) -> 300 | F35: 0.8 | G35: =E35*F35 -> 240 | H35: =VLOOKUP(D35,'Bu Erta'!$C$2:$F$66,4,0)*F35 -> 320 | J35: Oma Carrisa | K35: 5 | L35: 45495 | N35: 32 | O35: Kardus Baik/Kering | P35: =VLOOKUP(O35,'Bu Erta'!$C$2:$F$66,4,0) -> 1200 | Q35: =SUMIF($D$3:$D$271,O35,$F$3:$F$271) -> 96.55 | R35: =P35*Q35 -> 115860 | T35: 32 | U35: Komputer | V35: =VLOOKUP(U35,KamiBox!$C$2:$F$54,4,0) -> 60000 | X35: =V35*W35 -> 0 | Z35: 32 | AA35: Komputer
B36: Bu Ecin Dwi | D36: Besi | E36: =VLOOKUP(D36,'Bu Erta'!$C$2:$E$66,3,0) -> 2500 | F36: 1.15 | G36: =E36*F36 -> 2875 | H36: =VLOOKUP(D36,'Bu Erta'!$C$2:$F$66,4,0)*F36 -> 3450 | J36: Bu Lilis | K36: 5 | L36: 9475 | N36: 33 | O36: Karpet Talang | P36: =VLOOKUP(O36,'Bu Erta'!$C$2:$F$66,4,0) -> 500 | Q36: =SUMIF($D$3:$D$271,O36,$F$3:$F$271) -> 0 | R36: =P36*Q36 -> 0 | T36: 33 | U36: Kones | V36: =VLOOKUP(U36,KamiBox!$C$2:$F$54,4,0) -> 700 | X36: =V36*W36 -> 0 | Z36: 33 | AA36: Kones
B37: Bu Ecin Dwi | D37: Gabrukan | E37: =VLOOKUP(D37,'Bu Erta'!$C$2:$E$66,3,0) -> 1000 | F37: 0.75 | G37: =E37*F37 -> 750 | H37: =VLOOKUP(D37,'Bu Erta'!$C$2:$F$66,4,0)*F37 -> 825 | J37: Pak Soleh | K37: 5 | L37: 14230 | N37: 34 | O37: Karung Beras | P37: =VLOOKUP(O37,'Bu Erta'!$C$2:$F$66,4,0) -> 500 | Q37: =SUMIF($D$3:$D$271,O37,$F$3:$F$271) -> 6.3 | R37: =P37*Q37 -> 3150 | T37: 34 | U37: Kristal Putih | V37: =VLOOKUP(U37,KamiBox!$C$2:$F$54,4,0) -> 4000 | W37: 1 | X37: =V37*W37 -> 4000 | Z37: 34 | AA37: Kristal Putih | AB37: 1
B38: Bu Ecin Dwi | D38: Botol & Gelas Putih (Kotor) | E38: =VLOOKUP(D38,'Bu Erta'!$C$2:$E$66,3,0) -> 1600 | F38: 0.25 | G38: =E38*F38 -> 400 | H38: =VLOOKUP(D38,'Bu Erta'!$C$2:$F$66,4,0)*F38 -> 425 | J38: Bu Uum | K38: 5 | L38: 17330 | N38: 35 | O38: Kawat | P38: =VLOOKUP(O38,'Bu Erta'!$C$2:$F$66,4,0) -> 800 | Q38: =SUMIF($D$3:$D$271,O38,$F$3:$F$271) -> 0 | R38: =P38*Q38 -> 0 | T38: 35 | U38: Kulkas | V38: =VLOOKUP(U38,KamiBox!$C$2:$F$54,4,0) -> 50000 | X38: =V38*W38 -> 0 | Z38: 35 | AA38: Kulkas
B39: Bu Ecin Dwi | D39: Kabin | E39: =VLOOKUP(D39,'Bu Erta'!$C$2:$E$66,3,0) -> 1800 | F39: 4.35 | G39: =E39*F39 -> 7830 | H39: =VLOOKUP(D39,'Bu Erta'!$C$2:$F$66,4,0)*F39 -> 8700 | J39: Dipo | K39: 6 | L39: 7945 | N39: 36 | O39: Kertas HVS Putih | P39: =VLOOKUP(O39,'Bu Erta'!$C$2:$F$66,4,0) -> 1500 | Q39: =SUMIF($D$3:$D$271,O39,$F$3:$F$271) -> 6.5 | R39: =P39*Q39 -> 9750 | T39: 36 | U39: Kuningan | V39: =VLOOKUP(U39,KamiBox!$C$2:$F$54,4,0) -> 35000 | X39: =V39*W39 -> 0 | Z39: 36 | AA39: Kuningan
A40: 5 | B40: Bu Purwani | C40: 3 | D40: Kardus Baik/Kering | E40: =VLOOKUP(D40,'Bu Erta'!$C$2:$E$66,3,0) -> 1000 | F40: 11.55 | G40: =E40*F40 -> 11550 | H40: =VLOOKUP(D40,'Bu Erta'!$C$2:$F$66,4,0)*F40 -> 13860 | J40: Bu Hadiyana | K40: 6 | L40: 7105 | N40: 37 | O40: Kertas Semen | P40: =VLOOKUP(O40,'Bu Erta'!$C$2:$F$66,4,0) -> 1500 | Q40: =SUMIF($D$3:$D$271,O40,$F$3:$F$271) -> 0 | R40: =P40*Q40 -> 0 | T40: 37 | U40: Mesin Cuci | V40: =VLOOKUP(U40,KamiBox!$C$2:$F$54,4,0) -> 50000 | X40: =V40*W40 -> 0 | Z40: 37 | AA40: Mesin Cuci
B41: Bu Purwani | D41: Gabrukan | E41: =VLOOKUP(D41,'Bu Erta'!$C$2:$E$66,3,0) -> 1000 | F41: 0.2 | G41: =E41*F41 -> 200 | H41: =VLOOKUP(D41,'Bu Erta'!$C$2:$F$66,4,0)*F41 -> 220 | J41: Grand Total | K41: 130 | L41: 543322.5 | N41: 38 | O41: Kipas Angin | P41: =VLOOKUP(O41,'Bu Erta'!$C$2:$F$66,4,0) -> 15000 | Q41: =SUMIF($D$3:$D$271,O41,$F$3:$F$271) -> 0 | R41: =P41*Q41 -> 0 | T41: 38 | U41: Mika | X41: =V41*W41 -> 0 | Z41: 38 | AA41: Mika
B42: Bu Purwani | D42: Boncos | E42: =VLOOKUP(D42,'Bu Erta'!$C$2:$E$66,3,0) -> 300 | F42: 1.05 | G42: =E42*F42 -> 315 | H42: =VLOOKUP(D42,'Bu Erta'!$C$2:$F$66,4,0)*F42 -> 420 | N42: 39 | O42: Koran/LKS | P42: =VLOOKUP(O42,'Bu Erta'!$C$2:$F$66,4,0) -> 900 | Q42: =SUMIF($D$3:$D$271,O42,$F$3:$F$271) -> 0.6 | R42: =P42*Q42 -> 540 | T42: 39 | U42: MIX A/Boncos | V42: =VLOOKUP(U42,KamiBox!$C$2:$F$54,4,0) -> 700 | W42: 34.95 | X42: =V42*W42 -> 24465 | Z42: 39 | AA42: MIX A/Boncos | AB42: 34.95
B43: Bu Purwani | D43: Botol Putih Bersih | E43: =VLOOKUP(D43,'Bu Erta'!$C$2:$E$66,3,0) -> 2800 | F43: =0.25+1.7 -> 1.95 | G43: =E43*F43 -> 5460 | H43: =VLOOKUP(D43,'Bu Erta'!$C$2:$F$66,4,0)*F43 -> 6045 | N43: 40 | O43: Kulkas 1 Pintu | P43: =VLOOKUP(O43,'Bu Erta'!$C$2:$F$66,4,0) -> 45000 | Q43: =SUMIF($D$3:$D$271,O43,$F$3:$F$271) -> 0 | R43: =P43*Q43 -> 0 | T43: 40 | U43: Plastik Minyak goreng | X43: =V43*W43 -> 0 | Z43: 40 | AA43: Plastik Minyak goreng
B44: Bu Purwani | D44: Multilayer | E44: =VLOOKUP(D44,'Bu Erta'!$C$2:$E$66,3,0) -> 300 | F44: 0.5 | G44: =E44*F44 -> 150 | H44: =VLOOKUP(D44,'Bu Erta'!$C$2:$F$66,4,0)*F44 -> 200 | N44: 41 | O44: Kulkas 2 Pintu | P44: =VLOOKUP(O44,'Bu Erta'!$C$2:$F$66,4,0) -> 55000 | Q44: =SUMIF($D$3:$D$271,O44,$F$3:$F$271) -> 0 | R44: =P44*Q44 -> 0 | T44: 41 | U44: Plastik Multilayer | V44: =VLOOKUP(U44,KamiBox!$C$2:$F$54,4,0) -> 500 | W44: =25.75+50.8 -> 76.55 | X44: =V44*W44 -> 38275 | Z44: 41 | AA44: Plastik Multilayer | AB44: =25.75+50.8 -> 76.55
B45: Bu Purwani | D45: Tutup Botol | E45: =VLOOKUP(D45,'Bu Erta'!$C$2:$E$66,3,0) -> 2500 | F45: 0.25 | G45: =E45*F45 -> 625 | H45: =VLOOKUP(D45,'Bu Erta'!$C$2:$F$66,4,0)*F45 -> 750 | J45: Keuntungan Penjualan | N45: 42 | O45: Kuningan | P45: =VLOOKUP(O45,'Bu Erta'!$C$2:$F$66,4,0) -> 30000 | Q45: =SUMIF($D$3:$D$271,O45,$F$3:$F$271) -> 0 | R45: =P45*Q45 -> 0 | T45: 42 | U45: Plastik PE | V45: =VLOOKUP(U45,KamiBox!$C$2:$F$54,4,0) -> 1000 | W45: 3.65 | X45: =V45*W45 -> 3650 | Z45: 42 | AA45: Plastik PE | AB45: 3.65
A46: 6 | B46: Pak Soleh | C46: 5 | D46: Impact | E46: =VLOOKUP(D46,'Bu Erta'!$C$2:$E$66,3,0) -> 600 | F46: =2.7+0.55 -> 3.25 | G46: =E46*F46 -> 1950 | H46: =VLOOKUP(D46,'Bu Erta'!$C$2:$F$66,4,0)*F46 -> 2112.5 | J46: =R68-GETPIVOTDATA("Sum of Total Harga",$J$2) -> 99932.5 | N46: 43 | O46: Magic Com Lengkap | P46: =VLOOKUP(O46,'Bu Erta'!$C$2:$F$66,4,0) -> 12000 | Q46: =SUMIF($D$3:$D$271,O46,$F$3:$F$271) -> 0 | R46: =P46*Q46 -> 0 | T46: 43 | U46: PVC | V46: =VLOOKUP(U46,KamiBox!$C$2:$F$54,4,0) -> 900 | X46: =V46*W46 -> 0 | Z46: 43 | AA46: PVC
B47: Pak Soleh | D47: Gabrukan | E47: =VLOOKUP(D47,'Bu Erta'!$C$2:$E$66,3,0) -> 1000 | F47: 1 | G47: =E47*F47 -> 1000 | H47: =VLOOKUP(D47,'Bu Erta'!$C$2:$F$66,4,0)*F47 -> 1100 | J47: =X56-GETPIVOTDATA("Sum of Total Harga",$J$2) -> 238782.5 | N47: 44 | O47: Majalah | P47: =VLOOKUP(O47,'Bu Erta'!$C$2:$F$66,4,0) -> 650 | Q47: =SUMIF($D$3:$D$271,O47,$F$3:$F$271) -> 0 | R47: =P47*Q47 -> 0 | T47: 44 | U47: Seng/Kawat | V47: =VLOOKUP(U47,KamiBox!$C$2:$F$54,4,0) -> 700 | W47: 1.85 | X47: =V47*W47 -> 1295 | Z47: 44 | AA47: Seng/Kawat | AB47: 1.85
B48: Pak Soleh | D48: CD Kristal | E48: =VLOOKUP(D48,'Bu Erta'!$C$2:$E$66,3,0) -> 5000 | F48: =0.75 -> 0.75 | G48: =E48*F48 -> 3750 | H48: =VLOOKUP(D48,'Bu Erta'!$C$2:$F$66,4,0)*F48 -> 4500 | N48: 45 | O48: Mesin Cuci | P48: =VLOOKUP(O48,'Bu Erta'!$C$2:$F$66,4,0) -> 40000 | Q48: =SUMIF($D$3:$D$271,O48,$F$3:$F$271) -> 0 | R48: =P48*Q48 -> 0 | T48: 45 | U48: Styrofoam | V48: =VLOOKUP(U48,KamiBox!$C$2:$F$54,4,0) -> 400 | W48: 1.45 | X48: =V48*W48 -> 580 | Z48: 45 | AA48: Styrofoam | AB48: 1.45
B49: Pak Soleh | D49: Emberan | E49: =VLOOKUP(D49,'Bu Erta'!$C$2:$E$66,3,0) -> 1400 | F49: 0.95 | G49: =E49*F49 -> 1330 | H49: =VLOOKUP(D49,'Bu Erta'!$C$2:$F$66,4,0)*F49 -> 1520 | N49: 46 | O49: Minyak Jelantah | P49: =VLOOKUP(O49,'Bu Erta'!$C$2:$F$66,4,0) -> 5500 | Q49: =SUMIF($D$3:$D$271,O49,$F$3:$F$271) -> 14.55 | R49: =P49*Q49 -> 80025 | T49: 46 | U49: Tembaga | V49: =VLOOKUP(U49,KamiBox!$C$2:$F$54,4,0) -> 60000 | X49: =V49*W49 -> 0 | Z49: 46 | AA49: Tembaga
B50: Pak Soleh | D50: Kardus Baik/Kering | E50: =VLOOKUP(D50,'Bu Erta'!$C$2:$E$66,3,0) -> 1000 | F50: 6.2 | G50: =E50*F50 -> 6200 | H50: =VLOOKUP(D50,'Bu Erta'!$C$2:$F$66,4,0)*F50 -> 7440 | N50: 47 | O50: Multilayer | P50: =VLOOKUP(O50,'Bu Erta'!$C$2:$F$66,4,0) -> 400 | Q50: =SUMIF($D$3:$D$271,O50,$F$3:$F$271) -> 25.75 | R50: =P50*Q50 -> 10300 | T50: 47 | U50: Tetrapak/UBC | V50: =VLOOKUP(U50,KamiBox!$C$2:$F$54,4,0) -> 150 | X50: =V50*W50 -> 0 | Z50: 47 | AA50: Tetrapak/UBC
A51: 7 | B51: Bu Widodo | C51: 2 | D51: Botol Putih Bersih | E51: =VLOOKUP(D51,'Bu Erta'!$C$2:$E$66,3,0) -> 2800 | F51: 0.5 | G51: =E51*F51 -> 1400 | H51: =VLOOKUP(D51,'Bu Erta'!$C$2:$F$66,4,0)*F51 -> 1550 | N51: 48 | O51: Monitor LED | P51: =VLOOKUP(O51,'Bu Erta'!$C$2:$F$66,4,0) -> 10000 | Q51: =SUMIF($D$3:$D$271,O51,$F$3:$F$271) -> 0 | R51: =P51*Q51 -> 0 | T51: 48 | U51: Tutup Botol | V51: =VLOOKUP(U51,KamiBox!$C$2:$F$54,4,0) -> 3000 | W51: =4.8-1.8 -> 3 | X51: =V51*W51 -> 9000 | Z51: 48 | AA51: Tutup Botol | AB51: =4.8-1.8 -> 3
B52: Bu Widodo | D52: Multilayer | E52: =VLOOKUP(D52,'Bu Erta'!$C$2:$E$66,3,0) -> 300 | F52: 0.1 | G52: =E52*F52 -> 30 | H52: =VLOOKUP(D52,'Bu Erta'!$C$2:$F$66,4,0)*F52 -> 40 | N52: 49 | O52: Monitor Tabung | P52: =VLOOKUP(O52,'Bu Erta'!$C$2:$F$66,4,0) -> 15000 | Q52: =SUMIF($D$3:$D$271,O52,$F$3:$F$271) -> 0 | R52: =P52*Q52 -> 0 | T52: 49 | U52: Tutup Galon | V52: =VLOOKUP(U52,KamiBox!$C$2:$F$54,4,0) -> 4500 | W52: =0.35+1.8 -> 2.15 | X52: =V52*W52 -> 9675 | Z52: 49 | AA52: Tutup Galon | AB52: =0.35+1.8 -> 2.15
B53: Bu Widodo | D53: Emberan | E53: =VLOOKUP(D53,'Bu Erta'!$C$2:$E$66,3,0) -> 1400 | F53: 1.65 | G53: =E53*F53 -> 2310 | H53: =VLOOKUP(D53,'Bu Erta'!$C$2:$F$66,4,0)*F53 -> 2640 | N53: 50 | O53: Naso | P53: =VLOOKUP(O53,'Bu Erta'!$C$2:$F$66,4,0) -> 2500 | Q53: =SUMIF($D$3:$D$271,O53,$F$3:$F$271) -> 1.2 | R53: =P53*Q53 -> 3000 | T53: 50 | U53: TV | V53: =VLOOKUP(U53,KamiBox!$C$2:$F$54,4,0) -> 20000 | X53: =V53*W53 -> 0 | Z53: 50 | AA53: TV
A54: 8 | B54: Bu Lilis | C54: 5 | D54: Emberan | E54: =VLOOKUP(D54,'Bu Erta'!$C$2:$E$66,3,0) -> 1400 | F54: =0.4+0.85+0.2 -> 1.45 | G54: =E54*F54 -> 2030 | H54: =VLOOKUP(D54,'Bu Erta'!$C$2:$F$66,4,0)*F54 -> 2320 | N54: 51 | O54: Oli Bekas | P54: =VLOOKUP(O54,'Bu Erta'!$C$2:$F$66,4,0) -> 600 | Q54: =SUMIF($D$3:$D$271,O54,$F$3:$F$271) -> 0 | R54: =P54*Q54 -> 0 | T54: 51 | U54: Yakult | V54: =VLOOKUP(U54,KamiBox!$C$2:$F$54,4,0) -> 1000 | X54: =V54*W54 -> 0 | Z54: 51 | AA54: Yakult
B55: Bu Lilis | D55: Kaleng | E55: =VLOOKUP(D55,'Bu Erta'!$C$2:$E$66,3,0) -> 1500 | F55: 0.15 | G55: =E55*F55 -> 225 | H55: =VLOOKUP(D55,'Bu Erta'!$C$2:$F$66,4,0)*F55 -> 300 | N55: 52 | O55: Paralon | P55: =VLOOKUP(O55,'Bu Erta'!$C$2:$F$66,4,0) -> 1500 | Q55: =SUMIF($D$3:$D$271,O55,$F$3:$F$271) -> 0 | R55: =P55*Q55 -> 0 | T55: 52 | U55: Karung Beras | V55: =VLOOKUP(U55,KamiBox!$C$2:$F$54,4,0) -> 1200 | W55: 6.3 | X55: =V55*W55 -> 7560 | Z55: 52 | AA55: Karung Beras | AB55: 6.3
B56: Bu Lilis | D56: Kardus Baik/Kering | E56: =VLOOKUP(D56,'Bu Erta'!$C$2:$E$66,3,0) -> 1000 | F56: =2.3+0.1 -> 2.4 | G56: =E56*F56 -> 2400 | H56: =VLOOKUP(D56,'Bu Erta'!$C$2:$F$66,4,0)*F56 -> 2880 | N56: 53 | O56: Plastik (PE) | P56: =VLOOKUP(O56,'Bu Erta'!$C$2:$F$66,4,0) -> 900 | Q56: =SUMIF($D$3:$D$271,O56,$F$3:$F$271) -> 3.65 | R56: =P56*Q56 -> 3285 | V56: TOTAL | W56: =SUM(W4:W55) -> 448.75 | X56: =SUM(X4:X55) -> 782105 | AA56: Total | AB56: =SUM(AB4:AB55) -> 421.6
B57: Bu Lilis | D57: Boncos | E57: =VLOOKUP(D57,'Bu Erta'!$C$2:$E$66,3,0) -> 300 | F57: =0.3+0.45+0.55+0.65+0.05 -> 2 | G57: =E57*F57 -> 600 | H57: =VLOOKUP(D57,'Bu Erta'!$C$2:$F$66,4,0)*F57 -> 800 | N57: 54 | O57: Selang Air | P57: =VLOOKUP(O57,'Bu Erta'!$C$2:$F$66,4,0) -> 500 | Q57: =SUMIF($D$3:$D$271,O57,$F$3:$F$271) -> 0 | R57: =P57*Q57 -> 0
B58: Bu Lilis | D58: Botol & Kaca Beling | E58: =VLOOKUP(D58,'Bu Erta'!$C$2:$E$66,3,0) -> 150 | F58: =0.2+0.1+0.6 -> 0.9 | G58: =E58*F58 -> 135 | H58: =VLOOKUP(D58,'Bu Erta'!$C$2:$F$66,4,0)*F58 -> 180 | N58: 55 | O58: Seng | P58: =VLOOKUP(O58,'Bu Erta'!$C$2:$F$66,4,0) -> 1000 | Q58: =SUMIF($D$3:$D$271,O58,$F$3:$F$271) -> 1.85 | R58: =P58*Q58 -> 1850
B59: Bu Lilis | D59: Multilayer | E59: =VLOOKUP(D59,'Bu Erta'!$C$2:$E$66,3,0) -> 300 | F59: 0.85 | G59: =E59*F59 -> 255 | H59: =VLOOKUP(D59,'Bu Erta'!$C$2:$F$66,4,0)*F59 -> 340 | N59: 56 | O59: Seng Pasir | P59: =VLOOKUP(O59,'Bu Erta'!$C$2:$F$66,4,0) -> 900 | Q59: =SUMIF($D$3:$D$271,O59,$F$3:$F$271) -> 0 | R59: =P59*Q59 -> 0
B60: Bu Lilis | D60: Botol Putih Bersih | E60: =VLOOKUP(D60,'Bu Erta'!$C$2:$E$66,3,0) -> 2800 | F60: 1.2 | G60: =E60*F60 -> 3360 | H60: =VLOOKUP(D60,'Bu Erta'!$C$2:$F$66,4,0)*F60 -> 3720 | N60: 57 | O60: Sterofoam | P60: =VLOOKUP(O60,'Bu Erta'!$C$2:$F$66,4,0) -> 200 | Q60: =SUMIF($D$3:$D$271,O60,$F$3:$F$271) -> 1.45 | R60: =P60*Q60 -> 290
B61: Bu Lilis | D61: Botol & Gelas Putih (Kotor) | E61: =VLOOKUP(D61,'Bu Erta'!$C$2:$E$66,3,0) -> 1600 | F61: 0.2 | G61: =E61*F61 -> 320 | H61: =VLOOKUP(D61,'Bu Erta'!$C$2:$F$66,4,0)*F61 -> 340 | N61: 58 | O61: Tembaga | P61: =VLOOKUP(O61,'Bu Erta'!$C$2:$F$66,4,0) -> 55000 | Q61: =SUMIF($D$3:$D$271,O61,$F$3:$F$271) -> 0 | R61: =P61*Q61 -> 0
B62: Bu Lilis | D62: Gabrukan | E62: =VLOOKUP(D62,'Bu Erta'!$C$2:$E$66,3,0) -> 1000 | F62: 0.15 | G62: =E62*F62 -> 150 | H62: =VLOOKUP(D62,'Bu Erta'!$C$2:$F$66,4,0)*F62 -> 165 | N62: 59 | O62: Toples Kue Kristal | P62: =VLOOKUP(O62,'Bu Erta'!$C$2:$F$66,4,0) -> 3000 | Q62: =SUMIF($D$3:$D$271,O62,$F$3:$F$271) -> 1 | R62: =P62*Q62 -> 3000
A63: 9 | B63: Bu Nita | C63: 1 | D63: Botol & Gelas Putih (Kotor) | E63: =VLOOKUP(D63,'Bu Erta'!$C$2:$E$66,3,0) -> 1600 | F63: =1.3+1.1 -> 2.4 | G63: =E63*F63 -> 3840 | H63: =VLOOKUP(D63,'Bu Erta'!$C$2:$F$66,4,0)*F63 -> 4080 | N63: 60 | O63: Try Telur | P63: =VLOOKUP(O63,'Bu Erta'!$C$2:$F$66,4,0) -> 200 | Q63: =SUMIF($D$3:$D$271,O63,$F$3:$F$271) -> 0 | R63: =P63*Q63 -> 0
B64: Bu Nita | D64: Gabrukan | E64: =VLOOKUP(D64,'Bu Erta'!$C$2:$E$66,3,0) -> 1000 | F64: 1.65 | G64: =E64*F64 -> 1650 | H64: =VLOOKUP(D64,'Bu Erta'!$C$2:$F$66,4,0)*F64 -> 1815 | N64: 61 | O64: Tutup Botol | P64: =VLOOKUP(O64,'Bu Erta'!$C$2:$F$66,4,0) -> 3000 | Q64: =SUMIF($D$3:$D$271,O64,$F$3:$F$271) -> 4.8 | R64: =P64*Q64 -> 14400
B65: Bu Nita | D65: Multilayer | E65: =VLOOKUP(D65,'Bu Erta'!$C$2:$E$66,3,0) -> 300 | F65: 4.65 | G65: =E65*F65 -> 1395 | H65: =VLOOKUP(D65,'Bu Erta'!$C$2:$F$66,4,0)*F65 -> 1860 | N65: 62 | O65: Tutup Galon | P65: =VLOOKUP(O65,'Bu Erta'!$C$2:$F$66,4,0) -> 4000 | Q65: =SUMIF($D$3:$D$271,O65,$F$3:$F$271) -> 0.35 | R65: =P65*Q65 -> 1400
B66: Bu Nita | D66: Kardus Baik/Kering | E66: =VLOOKUP(D66,'Bu Erta'!$C$2:$E$66,3,0) -> 1000 | F66: 0.4 | G66: =E66*F66 -> 400 | H66: =VLOOKUP(D66,'Bu Erta'!$C$2:$F$66,4,0)*F66 -> 480 | N66: 63 | O66: TV LED | P66: =VLOOKUP(O66,'Bu Erta'!$C$2:$F$66,4,0) -> 10000 | Q66: =SUMIF($D$3:$D$271,O66,$F$3:$F$271) -> 0 | R66: =P66*Q66 -> 0
B67: Bu Nita | D67: Emberan | E67: =VLOOKUP(D67,'Bu Erta'!$C$2:$E$66,3,0) -> 1400 | F67: =1.65+0.25 -> 1.9 | G67: =E67*F67 -> 2660 | H67: =VLOOKUP(D67,'Bu Erta'!$C$2:$F$66,4,0)*F67 -> 3040 | N67: 64 | O67: TV Tabung | P67: =VLOOKUP(O67,'Bu Erta'!$C$2:$F$66,4,0) -> 15000 | Q67: =SUMIF($D$3:$D$271,O67,$F$3:$F$271) -> 0 | R67: =P67*Q67 -> 0
B68: Bu Nita | C68: BASAH | D68: Kardus Baik/Kering | E68: =VLOOKUP(D68,'Bu Erta'!$C$2:$E$66,3,0) -> 1000 | F68: 2 | G68: =E68*F68 -> 2000 | H68: =VLOOKUP(D68,'Bu Erta'!$C$2:$F$66,4,0)*F68 -> 2400 | P68: TOTAL | Q68: =SUM(Q4:Q67) -> 397.95 | R68: =SUM(R4:R67) -> 643255
A69: 10 | B69: Bu Rina | C69: 4 | D69: Botol Putih Bersih | E69: =VLOOKUP(D69,'Bu Erta'!$C$2:$E$66,3,0) -> 2800 | F69: =0.7+0.55 -> 1.25 | G69: =E69*F69 -> 3500 | H69: =VLOOKUP(D69,'Bu Erta'!$C$2:$F$66,4,0)*F69 -> 3875
B70: Bu Rina | D70: Tutup Botol | E70: =VLOOKUP(D70,'Bu Erta'!$C$2:$E$66,3,0) -> 2500 | F70: 0.1 | G70: =E70*F70 -> 250 | H70: =VLOOKUP(D70,'Bu Erta'!$C$2:$F$66,4,0)*F70 -> 300
B71: Bu Rina | D71: Minyak Jelantah | E71: =VLOOKUP(D71,'Bu Erta'!$C$2:$E$66,3,0) -> 4000 | F71: 1.35 | G71: =E71*F71 -> 5400 | H71: =VLOOKUP(D71,'Bu Erta'!$C$2:$F$66,4,0)*F71 -> 7425 | R71: =X56-R68 -> 138850
B72: Bu Rina | D72: Multilayer | E72: =VLOOKUP(D72,'Bu Erta'!$C$2:$E$66,3,0) -> 300 | F72: 0.25 | G72: =E72*F72 -> 75 | H72: =VLOOKUP(D72,'Bu Erta'!$C$2:$F$66,4,0)*F72 -> 100
B73: Bu Rina | D73: Plastik (PE) | E73: =VLOOKUP(D73,'Bu Erta'!$C$2:$E$66,3,0) -> 800 | F73: 0.15 | G73: =E73*F73 -> 120 | H73: =VLOOKUP(D73,'Bu Erta'!$C$2:$F$66,4,0)*F73 -> 135
B74: Bu Rina | D74: Emberan | E74: =VLOOKUP(D74,'Bu Erta'!$C$2:$E$66,3,0) -> 1400 | F74: =0.55+0.4 -> 0.95 | G74: =E74*F74 -> 1330 | H74: =VLOOKUP(D74,'Bu Erta'!$C$2:$F$66,4,0)*F74 -> 1520
B75: Bu Rina | D75: Besi | E75: =VLOOKUP(D75,'Bu Erta'!$C$2:$E$66,3,0) -> 2500 | F75: 1.7 | G75: =E75*F75 -> 4250 | H75: =VLOOKUP(D75,'Bu Erta'!$C$2:$F$66,4,0)*F75 -> 5100
B76: Bu Rina | D76: Kaleng | E76: =VLOOKUP(D76,'Bu Erta'!$C$2:$E$66,3,0) -> 1500 | F76: 0.25 | G76: =E76*F76 -> 375 | H76: =VLOOKUP(D76,'Bu Erta'!$C$2:$F$66,4,0)*F76 -> 500
A77: 11 | B77: Bu Tunut | C77: 4 | D77: Botol Putih Bersih | E77: =VLOOKUP(D77,'Bu Erta'!$C$2:$E$66,3,0) -> 2800 | F77: 3.25 | G77: =E77*F77 -> 9100 | H77: =VLOOKUP(D77,'Bu Erta'!$C$2:$F$66,4,0)*F77 -> 10075
B78: Bu Tunut | D78: Emberan | E78: =VLOOKUP(D78,'Bu Erta'!$C$2:$E$66,3,0) -> 1400 | F78: =1.9+0.7+0.95+0.35 -> 3.9 | G78: =E78*F78 -> 5460 | H78: =VLOOKUP(D78,'Bu Erta'!$C$2:$F$66,4,0)*F78 -> 6240
B79: Bu Tunut | D79: Tutup Botol | E79: =VLOOKUP(D79,'Bu Erta'!$C$2:$E$66,3,0) -> 2500 | F79: 0.65 | G79: =E79*F79 -> 1625 | H79: =VLOOKUP(D79,'Bu Erta'!$C$2:$F$66,4,0)*F79 -> 1950
B80: Bu Tunut | D80: Kaleng | E80: =VLOOKUP(D80,'Bu Erta'!$C$2:$E$66,3,0) -> 1500 | F80: 0.75 | G80: =E80*F80 -> 1125 | H80: =VLOOKUP(D80,'Bu Erta'!$C$2:$F$66,4,0)*F80 -> 1500
B81: Bu Tunut | D81: Kardus Baik/Kering | E81: =VLOOKUP(D81,'Bu Erta'!$C$2:$E$66,3,0) -> 1000 | F81: 4.7 | G81: =E81*F81 -> 4700 | H81: =VLOOKUP(D81,'Bu Erta'!$C$2:$F$66,4,0)*F81 -> 5640
B82: Bu Tunut | D82: Multilayer | E82: =VLOOKUP(D82,'Bu Erta'!$C$2:$E$66,3,0) -> 300 | F82: 2 | G82: =E82*F82 -> 600 | H82: =VLOOKUP(D82,'Bu Erta'!$C$2:$F$66,4,0)*F82 -> 800
B83: Bu Tunut | D83: Naso | E83: =VLOOKUP(D83,'Bu Erta'!$C$2:$E$66,3,0) -> 2000 | F83: 0.2 | G83: =E83*F83 -> 400 | H83: =VLOOKUP(D83,'Bu Erta'!$C$2:$F$66,4,0)*F83 -> 500
B84: Bu Tunut | D84: Besi | E84: =VLOOKUP(D84,'Bu Erta'!$C$2:$E$66,3,0) -> 2500 | F84: 2.3 | G84: =E84*F84 -> 5750 | H84: =VLOOKUP(D84,'Bu Erta'!$C$2:$F$66,4,0)*F84 -> 6900
B85: Bu Tunut | D85: Botol & Kaca Beling | E85: =VLOOKUP(D85,'Bu Erta'!$C$2:$E$66,3,0) -> 150 | F85: 0.4 | G85: =E85*F85 -> 60 | H85: =VLOOKUP(D85,'Bu Erta'!$C$2:$F$66,4,0)*F85 -> 80
A86: 12 | B86: Bu Admini | C86: 1 | D86: Botol Putih Bersih | E86: =VLOOKUP(D86,'Bu Erta'!$C$2:$E$66,3,0) -> 2800 | F86: 1.05 | G86: =E86*F86 -> 2940 | H86: =VLOOKUP(D86,'Bu Erta'!$C$2:$F$66,4,0)*F86 -> 3255
B87: Bu Admini | D87: Multilayer | E87: =VLOOKUP(D87,'Bu Erta'!$C$2:$E$66,3,0) -> 300 | F87: 1.25 | G87: =E87*F87 -> 375 | H87: =VLOOKUP(D87,'Bu Erta'!$C$2:$F$66,4,0)*F87 -> 500
B88: Bu Admini | D88: Boncos | E88: =VLOOKUP(D88,'Bu Erta'!$C$2:$E$66,3,0) -> 300 | F88: =1.25+0.85+0.5 -> 2.6 | G88: =E88*F88 -> 780 | H88: =VLOOKUP(D88,'Bu Erta'!$C$2:$F$66,4,0)*F88 -> 1040
B89: Bu Admini | D89: Kardus Baik/Kering | E89: =VLOOKUP(D89,'Bu Erta'!$C$2:$E$66,3,0) -> 1000 | F89: 0.9 | G89: =E89*F89 -> 900 | H89: =VLOOKUP(D89,'Bu Erta'!$C$2:$F$66,4,0)*F89 -> 1080
B90: Bu Admini | D90: Gabrukan | E90: =VLOOKUP(D90,'Bu Erta'!$C$2:$E$66,3,0) -> 1000 | F90: 1.9 | G90: =E90*F90 -> 1900 | H90: =VLOOKUP(D90,'Bu Erta'!$C$2:$F$66,4,0)*F90 -> 2090
B91: Bu Admini | D91: Kabel | E91: =VLOOKUP(D91,'Bu Erta'!$C$2:$E$66,3,0) -> 1400 | F91: 0.25 | G91: =E91*F91 -> 350 | H91: =VLOOKUP(D91,'Bu Erta'!$C$2:$F$66,4,0)*F91 -> 400
A92: 13 | B92: Bu Yenvitriati | C92: 1 | D92: Gabrukan | E92: =VLOOKUP(D92,'Bu Erta'!$C$2:$E$66,3,0) -> 1000 | F92: =0.6+0.95 -> 1.55 | G92: =E92*F92 -> 1550 | H92: =VLOOKUP(D92,'Bu Erta'!$C$2:$F$66,4,0)*F92 -> 1705
B93: Bu Yenvitriati | D93: Sterofoam | E93: =VLOOKUP(D93,'Bu Erta'!$C$2:$E$66,3,0) -> 150 | F93: =0.35+0.35 -> 0.7 | G93: =E93*F93 -> 105 | H93: =VLOOKUP(D93,'Bu Erta'!$C$2:$F$66,4,0)*F93 -> 140
B94: Bu Yenvitriati | D94: Plastik (PE) | E94: =VLOOKUP(D94,'Bu Erta'!$C$2:$E$66,3,0) -> 800 | F94: 1.65 | G94: =E94*F94 -> 1320 | H94: =VLOOKUP(D94,'Bu Erta'!$C$2:$F$66,4,0)*F94 -> 1485
B95: Bu Yenvitriati | D95: Multilayer | E95: =VLOOKUP(D95,'Bu Erta'!$C$2:$E$66,3,0) -> 300 | F95: 1.1 | G95: =E95*F95 -> 330 | H95: =VLOOKUP(D95,'Bu Erta'!$C$2:$F$66,4,0)*F95 -> 440
B96: Bu Yenvitriati | D96: Boncos | E96: =VLOOKUP(D96,'Bu Erta'!$C$2:$E$66,3,0) -> 300 | F96: 0.55 | G96: =E96*F96 -> 165 | H96: =VLOOKUP(D96,'Bu Erta'!$C$2:$F$66,4,0)*F96 -> 220
B97: Bu Yenvitriati | D97: Kaleng | E97: =VLOOKUP(D97,'Bu Erta'!$C$2:$E$66,3,0) -> 1500 | F97: 0.15 | G97: =E97*F97 -> 225 | H97: =VLOOKUP(D97,'Bu Erta'!$C$2:$F$66,4,0)*F97 -> 300
B98: Bu Yenvitriati | D98: Alumunium | E98: =VLOOKUP(D98,'Bu Erta'!$C$2:$E$66,3,0) -> 8000 | F98: 0.15 | G98: =E98*F98 -> 1200 | H98: =VLOOKUP(D98,'Bu Erta'!$C$2:$F$66,4,0)*F98 -> 1275
B99: Bu Yenvitriati | D99: Kabin | E99: =VLOOKUP(D99,'Bu Erta'!$C$2:$E$66,3,0) -> 1800 | F99: 1 | G99: =E99*F99 -> 1800 | H99: =VLOOKUP(D99,'Bu Erta'!$C$2:$F$66,4,0)*F99 -> 2000
B100: Bu Yenvitriati | D100: Emberan | E100: =VLOOKUP(D100,'Bu Erta'!$C$2:$E$66,3,0) -> 1400 | F100: 0.15 | G100: =E100*F100 -> 210 | H100: =VLOOKUP(D100,'Bu Erta'!$C$2:$F$66,4,0)*F100 -> 240
A101: 14 | B101: Bu Betria | C101: 1 | D101: Kardus Baik/Kering | E101: =VLOOKUP(D101,'Bu Erta'!$C$2:$E$66,3,0) -> 1000 | F101: =6.5+3.5 -> 10 | G101: =E101*F101 -> 10000 | H101: =VLOOKUP(D101,'Bu Erta'!$C$2:$F$66,4,0)*F101 -> 12000
...

Sheet 31-1-26
A2: No | B2: Nama | C2: RT | D2: Jenis Sampah | E2: Harga | F2: Berat | G2: Total Harga | N2: Timbangan Bu Erta | Q2: Sabtu, 31 Januari 2026 | T2: Timbangan Pak Surat | W2: Sabtu, 3 Januari 2026
A3: 1 | B3: Pak Sumarman | C3: 4 | D3: Buku Tulis & Pelajaran | E3: =VLOOKUP(D3,'Bu Erta'!$C$2:$E$66,3,0) -> 1200 | F3: =3.5+5.1 -> 8.6 | G3: =E3*F3 -> 10320 | H3: =VLOOKUP(D3,'Bu Erta'!$C$2:$F$66,4,0)*F3 -> 11180 | N3: No | O3: Jenis Sampah | P3: Harga | Q3: Berat | R3: Total Harga | T3: No | U3: Jenis Sampah | V3: Harga | W3: Berat | X3: Total Harga
B4: Pak Sumarman | D4: Kertas HVS Putih | E4: =VLOOKUP(D4,'Bu Erta'!$C$2:$E$66,3,0) -> 1400 | F4: 1.8 | G4: =E4*F4 -> 2520 | H4: =VLOOKUP(D4,'Bu Erta'!$C$2:$F$66,4,0)*F4 -> 2700 | J4: Row Labels | K4: Sum of RT | L4: Sum of Total Harga | N4: 1 | O4: Acrylic | P4: =VLOOKUP(O4,'Bu Erta'!$C$2:$F$66,4,0) -> 1500 | Q4: =SUMIF($D$3:$D$332,O4,$F$3:$F$332) -> 0 | R4: =P4*Q4 -> 0 | T4: 1 | U4: Acrylic | X4: =V4*W4 -> 0
B5: Pak Sumarman | D5: Koran/LKS | E5: =VLOOKUP(D5,'Bu Erta'!$C$2:$E$66,3,0) -> 800 | F5: 7 | G5: =E5*F5 -> 5600 | H5: =VLOOKUP(D5,'Bu Erta'!$C$2:$F$66,4,0)*F5 -> 6300 | J5: Bu Sri Rukiyati | K5: 0 | L5: 1260 | N5: 2 | O5: AC Blower | P5: =VLOOKUP(O5,'Bu Erta'!$C$2:$F$66,4,0) -> 100000 | Q5: =SUMIF($D$3:$D$332,O5,$F$3:$F$332) -> 0 | R5: =P5*Q5 -> 0 | T5: 2 | U5: AC Blower | X5: =V5*W5 -> 0
B6: Pak Sumarman | D6: Kardus Baik/Kering | E6: =VLOOKUP(D6,'Bu Erta'!$C$2:$E$66,3,0) -> 1000 | F6: =0.05+1.6 -> 1.65 | G6: =E6*F6 -> 1650 | H6: =VLOOKUP(D6,'Bu Erta'!$C$2:$F$66,4,0)*F6 -> 1980 | J6: Bu Yanti Bela | K6: 0 | L6: 99935 | N6: 3 | O6: AC Indoor | P6: =VLOOKUP(O6,'Bu Erta'!$C$2:$F$66,4,0) -> 40000 | Q6: =SUMIF($D$3:$D$332,O6,$F$3:$F$332) -> 0 | R6: =P6*Q6 -> 0 | T6: 3 | U6: AC Indoor | X6: =V6*W6 -> 0
B7: Pak Sumarman | D7: Tutup Botol | E7: =VLOOKUP(D7,'Bu Erta'!$C$2:$E$66,3,0) -> 2500 | F7: 0.15 | G7: =E7*F7 -> 375 | H7: =VLOOKUP(D7,'Bu Erta'!$C$2:$F$66,4,0)*F7 -> 450 | J7: (blank) | N7: 4 | O7: AKI | P7: =VLOOKUP(O7,'Bu Erta'!$C$2:$F$66,4,0) -> 6500 | Q7: =SUMIF($D$3:$D$332,O7,$F$3:$F$332) -> 0 | R7: =P7*Q7 -> 0 | T7: 4 | U7: AKI | X7: =V7*W7 -> 0
B8: Pak Sumarman | D8: Boncos | E8: =VLOOKUP(D8,'Bu Erta'!$C$2:$E$66,3,0) -> 300 | F8: 0.45 | G8: =E8*F8 -> 135 | H8: =VLOOKUP(D8,'Bu Erta'!$C$2:$F$66,4,0)*F8 -> 180 | J8: Bu Sunarti | K8: 1 | L8: 17270 | N8: 5 | O8: Alumunium | P8: =VLOOKUP(O8,'Bu Erta'!$C$2:$F$66,4,0) -> 8500 | Q8: =SUMIF($D$3:$D$332,O8,$F$3:$F$332) -> 0 | R8: =P8*Q8 -> 0 | T8: 5 | U8: Alumunium | X8: =V8*W8 -> 0
B9: Pak Sumarman | D9: Botol Putih Bersih | E9: =VLOOKUP(D9,'Bu Erta'!$C$2:$E$66,3,0) -> 2800 | F9: 0.4 | G9: =E9*F9 -> 1120 | H9: =VLOOKUP(D9,'Bu Erta'!$C$2:$F$66,4,0)*F9 -> 1240 | J9: Bu Suhermiati | K9: 1 | L9: 9497.5 | N9: 6 | O9: Alumunium Foil | P9: =VLOOKUP(O9,'Bu Erta'!$C$2:$F$66,4,0) -> 4000 | Q9: =SUMIF($D$3:$D$332,O9,$F$3:$F$332) -> 0 | R9: =P9*Q9 -> 0 | T9: 6 | U9: Alumunium Foil | X9: =V9*W9 -> 0
B10: Pak Sumarman | D10: Emberan | E10: =VLOOKUP(D10,'Bu Erta'!$C$2:$E$66,3,0) -> 1400 | F10: 0.1 | G10: =E10*F10 -> 140 | H10: =VLOOKUP(D10,'Bu Erta'!$C$2:$F$66,4,0)*F10 -> 160 | J10: Mama Wahyu | K10: 1 | L10: 5145 | N10: 7 | O10: Asoy | P10: =VLOOKUP(O10,'Bu Erta'!$C$2:$F$66,4,0) -> 300 | Q10: =SUMIF($D$3:$D$332,O10,$F$3:$F$332) -> 24.9 | R10: =P10*Q10 -> 7470 | T10: 7 | U10: Asoy | X10: =V10*W10 -> 0
B11: Pak Sumarman | D11: Asoy | E11: =VLOOKUP(D11,'Bu Erta'!$C$2:$E$66,3,0) -> 200 | F11: 0.05 | G11: =E11*F11 -> 10 | H11: =VLOOKUP(D11,'Bu Erta'!$C$2:$F$66,4,0)*F11 -> 15 | J11: Bu Termin | K11: 1 | L11: 6072.5 | N11: 8 | O11: Babet | P11: =VLOOKUP(O11,'Bu Erta'!$C$2:$F$66,4,0) -> 8000 | Q11: =SUMIF($D$3:$D$332,O11,$F$3:$F$332) -> 0 | R11: =P11*Q11 -> 0 | T11: 8 | U11: Babet | X11: =V11*W11 -> 0
B12: Pak Sumarman | D12: Multilayer | E12: =VLOOKUP(D12,'Bu Erta'!$C$2:$E$66,3,0) -> 300 | F12: 0.05 | G12: =E12*F12 -> 15 | H12: =VLOOKUP(D12,'Bu Erta'!$C$2:$F$66,4,0)*F12 -> 20 | J12: Bu Betria | K12: 1 | L12: 32960 | N12: 9 | O12: Ban Bekas | P12: =VLOOKUP(O12,'Bu Erta'!$C$2:$F$66,4,0) -> 200 | Q12: =SUMIF($D$3:$D$332,O12,$F$3:$F$332) -> 0 | R12: =P12*Q12 -> 0 | T12: 9 | U12: Ban Bekas | X12: =V12*W12 -> 0
B13: Pak Sumarman | D13: Kabin | E13: =VLOOKUP(D13,'Bu Erta'!$C$2:$E$66,3,0) -> 1800 | F13: 1.95 | G13: =E13*F13 -> 3510 | H13: =VLOOKUP(D13,'Bu Erta'!$C$2:$F$66,4,0)*F13 -> 3900 | J13: Bu Yenvitriati | K13: 1 | L13: 3050 | N13: 10 | O13: Besi | P13: =VLOOKUP(O13,'Bu Erta'!$C$2:$F$66,4,0) -> 3000 | Q13: =SUMIF($D$3:$D$332,O13,$F$3:$F$332)-17.4 -> 0 | R13: =P13*Q13 -> 0 | T13: 10 | U13: Besi | W13: 17.4 | X13: 54000
A14: 2 | B14: Dame | C14: 4 | D14: Emberan | E14: =VLOOKUP(D14,'Bu Erta'!$C$2:$E$66,3,0) -> 1400 | F14: 0.5 | G14: =E14*F14 -> 700 | H14: =VLOOKUP(D14,'Bu Erta'!$C$2:$F$66,4,0)*F14 -> 800 | J14: Bu Widodo | K14: 2 | L14: 13200 | N14: 11 | O14: Boncos | P14: =VLOOKUP(O14,'Bu Erta'!$C$2:$F$66,4,0) -> 400 | Q14: =SUMIF($D$3:$D$332,O14,$F$3:$F$332) -> 49.7 | R14: =P14*Q14 -> 19880 | T14: 11 | U14: Boncos | X14: =V14*W14 -> 0
B15: Dame | D15: Tutup Galon | E15: =VLOOKUP(D15,'Bu Erta'!$C$2:$E$66,3,0) -> 3500 | F15: 0.05 | G15: =E15*F15 -> 175 | H15: =VLOOKUP(D15,'Bu Erta'!$C$2:$F$66,4,0)*F15 -> 200 | J15: Bu Angga | K15: 2 | L15: 2642.5 | N15: 12 | O15: Botol & Gelas Putih (Kotor) | P15: =VLOOKUP(O15,'Bu Erta'!$C$2:$F$66,4,0) -> 1700 | Q15: =SUMIF($D$3:$D$332,O15,$F$3:$F$332)-5 -> 1.6 | R15: =P15*Q15 -> 2720 | T15: 12 | U15: Botol & Gelas Putih (Kotor) | W15: 5 | X15: =V15*W15 -> 0 | Y15: botol le mineral
B16: Dame | D16: Multilayer | E16: =VLOOKUP(D16,'Bu Erta'!$C$2:$E$66,3,0) -> 300 | F16: =1.75+0.35 -> 2.1 | G16: =E16*F16 -> 630 | H16: =VLOOKUP(D16,'Bu Erta'!$C$2:$F$66,4,0)*F16 -> 840 | J16: Bu Ratu Tuti | K16: 2 | L16: 4760 | N16: 13 | O16: Botol & Kaca Beling | P16: =VLOOKUP(O16,'Bu Erta'!$C$2:$F$66,4,0) -> 200 | Q16: =SUMIF($D$3:$D$332,O16,$F$3:$F$332) -> 12.55 | R16: =P16*Q16 -> 2510 | T16: 13 | U16: Botol & Kaca Beling | X16: =V16*W16 -> 0
A17: 3 | B17: Bu Neni | C17: 4 | D17: Gabrukan | E17: =VLOOKUP(D17,'Bu Erta'!$C$2:$E$66,3,0) -> 1000 | F17: =1+2.6 -> 3.6 | G17: =E17*F17 -> 3600 | H17: =VLOOKUP(D17,'Bu Erta'!$C$2:$F$66,4,0)*F17 -> 3960 | J17: Mbak Nurhayati | K17: 2 | L17: 23787.5 | N17: 14 | O17: Botol Berwarna | P17: =VLOOKUP(O17,'Bu Erta'!$C$2:$F$66,4,0) -> 1000 | Q17: =SUMIF($D$3:$D$332,O17,$F$3:$F$332) -> 0 | R17: =P17*Q17 -> 0 | T17: 14 | U17: Botol Berwarna | X17: =V17*W17 -> 0
B18: Bu Neni | D18: Asoy | E18: =VLOOKUP(D18,'Bu Erta'!$C$2:$E$66,3,0) -> 200 | F18: 0.45 | G18: =E18*F18 -> 90 | H18: =VLOOKUP(D18,'Bu Erta'!$C$2:$F$66,4,0)*F18 -> 135 | J18: Sela | K18: 2 | L18: 9472.5 | N18: 15 | O18: Botol Putih Bersih | P18: =VLOOKUP(O18,'Bu Erta'!$C$2:$F$66,4,0) -> 3100 | Q18: =SUMIF($D$3:$D$332,O18,$F$3:$F$332)+0.2 -> 30.85 | R18: =P18*Q18 -> 95635 | T18: 15 | U18: Botol Putih Bersih | X18: =V18*W18 -> 0
B19: Bu Neni | D19: Botol & Gelas Putih (Kotor) | E19: =VLOOKUP(D19,'Bu Erta'!$C$2:$E$66,3,0) -> 1600 | F19: 0.05 | G19: =E19*F19 -> 80 | H19: =VLOOKUP(D19,'Bu Erta'!$C$2:$F$66,4,0)*F19 -> 85 | J19: Pak Wawan | K19: 2 | L19: 7760 | N19: 16 | O19: Buku Tulis & Pelajaran | P19: =VLOOKUP(O19,'Bu Erta'!$C$2:$F$66,4,0) -> 1300 | Q19: =SUMIF($D$3:$D$332,O19,$F$3:$F$332) -> 69.3 | R19: =P19*Q19 -> 90090 | T19: 16 | U19: Buku Tulis & Pelajaran | X19: =V19*W19 -> 0
B20: Bu Neni | D20: Multilayer | E20: =VLOOKUP(D20,'Bu Erta'!$C$2:$E$66,3,0) -> 300 | F20: 0.35 | G20: =E20*F20 -> 105 | H20: =VLOOKUP(D20,'Bu Erta'!$C$2:$F$66,4,0)*F20 -> 140 | J20: Bu Rumiyati | K20: 3 | L20: 4970 | N20: 17 | O20: CD Kristal | P20: =VLOOKUP(O20,'Bu Erta'!$C$2:$F$66,4,0) -> 6000 | Q20: =SUMIF($D$3:$D$332,O20,$F$3:$F$332) -> 0 | R20: =P20*Q20 -> 0 | T20: 17 | U20: CD Kristal | X20: =V20*W20 -> 0
B21: Bu Neni | D21: Emberan | E21: =VLOOKUP(D21,'Bu Erta'!$C$2:$E$66,3,0) -> 1400 | F21: 1.55 | G21: =E21*F21 -> 2170 | H21: =VLOOKUP(D21,'Bu Erta'!$C$2:$F$66,4,0)*F21 -> 2480 | J21: Bu Wiwin | K21: 3 | L21: 10145 | N21: 18 | O21: CPU | P21: =VLOOKUP(O21,'Bu Erta'!$C$2:$F$66,4,0) -> 15000 | Q21: =SUMIF($D$3:$D$332,O21,$F$3:$F$332) -> 0 | R21: =P21*Q21 -> 0 | T21: 18 | U21: CPU | X21: =V21*W21 -> 0
B22: Bu Neni | D22: Besi | E22: =VLOOKUP(D22,'Bu Erta'!$C$2:$E$66,3,0) -> 2500 | F22: 1.5 | G22: =E22*F22 -> 3750 | H22: =VLOOKUP(D22,'Bu Erta'!$C$2:$F$66,4,0)*F22 -> 4500 | J22: Bu Purwani | K22: 3 | L22: 11955 | N22: 19 | O22: Emberan | P22: =VLOOKUP(O22,'Bu Erta'!$C$2:$F$66,4,0) -> 1600 | Q22: =SUMIF($D$3:$D$332,O22,$F$3:$F$332) -> 45.7 | R22: =P22*Q22 -> 73120 | T22: 19 | U22: Emberan | X22: =V22*W22 -> 0
B23: Bu Neni | D23: Kardus Baik/Kering | E23: =VLOOKUP(D23,'Bu Erta'!$C$2:$E$66,3,0) -> 1000 | F23: 0.05 | G23: =E23*F23 -> 50 | H23: =VLOOKUP(D23,'Bu Erta'!$C$2:$F$66,4,0)*F23 -> 60 | J23: Bu Minah | K23: 3 | L23: 7447.5 | N23: 20 | O23: Gabrukan | P23: =VLOOKUP(O23,'Bu Erta'!$C$2:$F$66,4,0) -> 1100 | Q23: =SUMIF($D$3:$D$332,O23,$F$3:$F$332) -> 45.53 | R23: =P23*Q23 -> 50083 | T23: 20 | U23: Gabrukan | X23: =V23*W23 -> 0
A24: 4 | B24: Mba Dian | C24: 4 | D24: Tutup Botol | E24: =VLOOKUP(D24,'Bu Erta'!$C$2:$E$66,3,0) -> 2500 | F24: 0.2 | G24: =E24*F24 -> 500 | H24: =VLOOKUP(D24,'Bu Erta'!$C$2:$F$66,4,0)*F24 -> 600 | J24: Bu Satini | K24: 4 | L24: 3872.5 | N24: 21 | O24: Galon Aqua | P24: =VLOOKUP(O24,'Bu Erta'!$C$2:$F$66,4,0) -> 5000 | Q24: =SUMIF($D$3:$D$332,O24,$F$3:$F$332) -> 0 | R24: =P24*Q24 -> 0 | T24: 21 | U24: Galon Aqua | X24: =V24*W24 -> 0
B25: Mba Dian | D25: Asoy | E25: =VLOOKUP(D25,'Bu Erta'!$C$2:$E$66,3,0) -> 200 | F25: =0.4+1.3 -> 1.7 | G25: =E25*F25 -> 340 | H25: =VLOOKUP(D25,'Bu Erta'!$C$2:$F$66,4,0)*F25 -> 510 | J25: Bu Neni | K25: 4 | L25: 9845 | N25: 22 | O25: Gelas Berwarna | P25: =VLOOKUP(O25,'Bu Erta'!$C$2:$F$66,4,0) -> 1400 | Q25: =SUMIF($D$3:$D$332,O25,$F$3:$F$332) -> 0 | R25: =P25*Q25 -> 0 | T25: 22 | U25: Gelas Berwarna | X25: =V25*W25 -> 0
B26: Mba Dian | D26: Botol Putih Bersih | E26: =VLOOKUP(D26,'Bu Erta'!$C$2:$E$66,3,0) -> 2800 | F26: =1.3+0.2 -> 1.5 | G26: =E26*F26 -> 4200 | H26: =VLOOKUP(D26,'Bu Erta'!$C$2:$F$66,4,0)*F26 -> 4650 | J26: Bu Wuri | K26: 4 | L26: 6650 | N26: 23 | O26: Gelas Putih Bersih | P26: =VLOOKUP(O26,'Bu Erta'!$C$2:$F$66,4,0) -> 3600 | Q26: =SUMIF($D$3:$D$332,O26,$F$3:$F$332) -> 1.1 | R26: =P26*Q26 -> 3960 | T26: 23 | U26: Gelas Putih Bersih | X26: =V26*W26 -> 0
B27: Mba Dian | D27: Emberan | E27: =VLOOKUP(D27,'Bu Erta'!$C$2:$E$66,3,0) -> 1400 | F27: =2.3+1.75 -> 4.05 | G27: =E27*F27 -> 5670 | H27: =VLOOKUP(D27,'Bu Erta'!$C$2:$F$66,4,0)*F27 -> 6480 | J27: Bu Sarmiyah | K27: 4 | L27: 13035 | N27: 24 | O27: Handphone | P27: =VLOOKUP(O27,'Bu Erta'!$C$2:$F$66,4,0) -> 2000 | Q27: =SUMIF($D$3:$D$332,O27,$F$3:$F$332) -> 0 | R27: =P27*Q27 -> 0 | T27: 24 | U27: Handphone | X27: =V27*W27 -> 0
B28: Mba Dian | D28: Injek | E28: =VLOOKUP(D28,'Bu Erta'!$C$2:$E$66,3,0) -> 1600 | F28: 0.55 | G28: =E28*F28 -> 880 | H28: =VLOOKUP(D28,'Bu Erta'!$C$2:$F$66,4,0)*F28 -> 1100 | J28: Bu Nining | K28: 4 | L28: 7520 | N28: 25 | O28: Impact | P28: =VLOOKUP(O28,'Bu Erta'!$C$2:$F$66,4,0) -> 650 | Q28: =SUMIF($D$3:$D$332,O28,$F$3:$F$332) -> 0 | R28: =P28*Q28 -> 0 | T28: 25 | U28: Impact | X28: =V28*W28 -> 0
B29: Mba Dian | D29: Multilayer | E29: =VLOOKUP(D29,'Bu Erta'!$C$2:$E$66,3,0) -> 300 | F29: 1.4 | G29: =E29*F29 -> 420 | H29: =VLOOKUP(D29,'Bu Erta'!$C$2:$F$66,4,0)*F29 -> 560 | J29: Bu Sarti | K29: 4 | L29: 4950 | N29: 26 | O29: Injek | P29: =VLOOKUP(O29,'Bu Erta'!$C$2:$F$66,4,0) -> 2000 | Q29: =SUMIF($D$3:$D$332,O29,$F$3:$F$332) -> 5.05 | R29: =P29*Q29 -> 10100 | T29: 26 | U29: Injek | X29: =V29*W29 -> 0
B30: Mba Dian | D30: Gelas Putih Bersih | E30: =VLOOKUP(D30,'Bu Erta'!$C$2:$E$66,3,0) -> 3500 | F30: 0.4 | G30: =E30*F30 -> 1400 | H30: =VLOOKUP(D30,'Bu Erta'!$C$2:$F$66,4,0)*F30 -> 1440 | J30: Bu Sandra | K30: 4 | L30: 30365 | N30: 27 | O30: Kabel | P30: =VLOOKUP(O30,'Bu Erta'!$C$2:$F$66,4,0) -> 1600 | Q30: =SUMIF($D$3:$D$332,O30,$F$3:$F$332) -> 0.95 | R30: =P30*Q30 -> 1520 | T30: 27 | U30: Kabel | X30: =V30*W30 -> 0
B31: Mba Dian | D31: Besi | E31: =VLOOKUP(D31,'Bu Erta'!$C$2:$E$66,3,0) -> 2500 | F31: 2.75 | G31: =E31*F31 -> 6875 | H31: =VLOOKUP(D31,'Bu Erta'!$C$2:$F$66,4,0)*F31 -> 8250 | J31: Bu Ida Amanah | K31: 4 | L31: 36725 | N31: 28 | O31: Kabel Internet | P31: =VLOOKUP(O31,'Bu Erta'!$C$2:$F$66,4,0) -> 200 | Q31: =SUMIF($D$3:$D$332,O31,$F$3:$F$332) -> 0 | R31: =P31*Q31 -> 0 | T31: 28 | U31: Kabel Internet | X31: =V31*W31 -> 0
B32: Mba Dian | D32: Boncos | E32: =VLOOKUP(D32,'Bu Erta'!$C$2:$E$66,3,0) -> 300 | F32: 1.75 | G32: =E32*F32 -> 525 | H32: =VLOOKUP(D32,'Bu Erta'!$C$2:$F$66,4,0)*F32 -> 700 | J32: Bu Nurlayli | K32: 4 | L32: 2550 | N32: 29 | O32: Kabel Kulit | P32: =VLOOKUP(O32,'Bu Erta'!$C$2:$F$66,4,0) -> 800 | Q32: =SUMIF($D$3:$D$332,O32,$F$3:$F$332) -> 0 | R32: =P32*Q32 -> 0 | T32: 29 | U32: Kabel Kulit | X32: =V32*W32 -> 0
B33: Mba Dian | D33: Kardus Baik/Kering | E33: =VLOOKUP(D33,'Bu Erta'!$C$2:$E$66,3,0) -> 1000 | F33: 0.85 | G33: =E33*F33 -> 850 | H33: =VLOOKUP(D33,'Bu Erta'!$C$2:$F$66,4,0)*F33 -> 1020 | J33: Bu Irma | K33: 4 | L33: 2672.5 | N33: 30 | O33: Kabin | P33: =VLOOKUP(O33,'Bu Erta'!$C$2:$F$66,4,0) -> 2000 | Q33: =SUMIF($D$3:$D$332,O33,$F$3:$F$332) -> 4.85 | R33: =P33*Q33 -> 9700 | T33: 30 | U33: Kabin | X33: =V33*W33 -> 0
B34: Mba Dian | D34: Kaleng | E34: =VLOOKUP(D34,'Bu Erta'!$C$2:$E$66,3,0) -> 1500 | F34: 1.65 | G34: =E34*F34 -> 2475 | H34: =VLOOKUP(D34,'Bu Erta'!$C$2:$F$66,4,0)*F34 -> 3300 | J34: Dame | K34: 4 | L34: 1505 | N34: 31 | O34: Kaleng | P34: =VLOOKUP(O34,'Bu Erta'!$C$2:$F$66,4,0) -> 2000 | Q34: =SUMIF($D$3:$D$332,O34,$F$3:$F$332) -> 12.2 | R34: =P34*Q34 -> 24400 | T34: 31 | U34: Kaleng | X34: =V34*W34 -> 0
A35: 5 | B35: Bu Widodo | C35: 2 | D35: Emberan | E35: =VLOOKUP(D35,'Bu Erta'!$C$2:$E$66,3,0) -> 1400 | F35: =1.45+0.05 -> 1.5 | G35: =E35*F35 -> 2100 | H35: =VLOOKUP(D35,'Bu Erta'!$C$2:$F$66,4,0)*F35 -> 2400 | J35: Bu Tunut | K35: 4 | L35: 10855 | N35: 32 | O35: Kardus Baik/Kering | P35: =VLOOKUP(O35,'Bu Erta'!$C$2:$F$66,4,0) -> 1200 | Q35: =SUMIF($D$3:$D$332,O35,$F$3:$F$332) -> 101.1 | R35: =P35*Q35 -> 121320 | T35: 32 | U35: Kardus Baik/Kering | X35: =V35*W35 -> 0
B36: Bu Widodo | D36: Botol Putih Bersih | E36: =VLOOKUP(D36,'Bu Erta'!$C$2:$E$66,3,0) -> 2800 | F36: 0.55 | G36: =E36*F36 -> 1540 | H36: =VLOOKUP(D36,'Bu Erta'!$C$2:$F$66,4,0)*F36 -> 1705 | J36: Mama Adam | K36: 4 | L36: 2342.5 | N36: 33 | O36: Karpet Talang | P36: =VLOOKUP(O36,'Bu Erta'!$C$2:$F$66,4,0) -> 500 | Q36: =SUMIF($D$3:$D$332,O36,$F$3:$F$332) -> 0 | R36: =P36*Q36 -> 0 | T36: 33 | U36: Karpet Talang | X36: =V36*W36 -> 0
B37: Bu Widodo | D37: Botol & Kaca Beling | E37: =VLOOKUP(D37,'Bu Erta'!$C$2:$E$66,3,0) -> 150 | F37: 1.1 | G37: =E37*F37 -> 165 | H37: =VLOOKUP(D37,'Bu Erta'!$C$2:$F$66,4,0)*F37 -> 220 | J37: Bu Sariyanti | K37: 4 | L37: 2400 | N37: 34 | O37: Karung Beras | P37: =VLOOKUP(O37,'Bu Erta'!$C$2:$F$66,4,0) -> 500 | Q37: =SUMIF($D$3:$D$332,O37,$F$3:$F$332) -> 1.61 | R37: =P37*Q37 -> 805 | T37: 34 | U37: Karung Beras | X37: =V37*W37 -> 0
B38: Bu Widodo | D38: Asoy | E38: =VLOOKUP(D38,'Bu Erta'!$C$2:$E$66,3,0) -> 200 | F38: =0.35+0.15 -> 0.5 | G38: =E38*F38 -> 100 | H38: =VLOOKUP(D38,'Bu Erta'!$C$2:$F$66,4,0)*F38 -> 150 | J38: Bu Febri | K38: 4 | L38: 11930 | N38: 35 | O38: Kawat | P38: =VLOOKUP(O38,'Bu Erta'!$C$2:$F$66,4,0) -> 800 | Q38: =SUMIF($D$3:$D$332,O38,$F$3:$F$332) -> 0 | R38: =P38*Q38 -> 0 | T38: 35 | U38: Kawat | X38: =V38*W38 -> 0
B39: Bu Widodo | D39: Multilayer | E39: =VLOOKUP(D39,'Bu Erta'!$C$2:$E$66,3,0) -> 300 | F39: 0.4 | G39: =E39*F39 -> 120 | H39: =VLOOKUP(D39,'Bu Erta'!$C$2:$F$66,4,0)*F39 -> 160 | J39: Bu Suci | K39: 4 | L39: 11340 | N39: 36 | O39: Kertas HVS Putih | P39: =VLOOKUP(O39,'Bu Erta'!$C$2:$F$66,4,0) -> 1500 | Q39: =SUMIF($D$3:$D$332,O39,$F$3:$F$332) -> 28.35 | R39: =P39*Q39 -> 42525 | T39: 36 | U39: Kertas HVS Putih | X39: =V39*W39 -> 0
B40: Bu Widodo | D40: Boncos | E40: =VLOOKUP(D40,'Bu Erta'!$C$2:$E$66,3,0) -> 300 | F40: 0.75 | G40: =E40*F40 -> 225 | H40: =VLOOKUP(D40,'Bu Erta'!$C$2:$F$66,4,0)*F40 -> 300 | J40: Mba Dian | K40: 4 | L40: 24135 | N40: 37 | O40: Kertas Semen | P40: =VLOOKUP(O40,'Bu Erta'!$C$2:$F$66,4,0) -> 1500 | Q40: =SUMIF($D$3:$D$332,O40,$F$3:$F$332) -> 0 | R40: =P40*Q40 -> 0 | T40: 37 | U40: Kertas Semen | X40: =V40*W40 -> 0
B41: Bu Widodo | D41: Kardus Baik/Kering | E41: =VLOOKUP(D41,'Bu Erta'!$C$2:$E$66,3,0) -> 1000 | F41: 1.7 | G41: =E41*F41 -> 1700 | H41: =VLOOKUP(D41,'Bu Erta'!$C$2:$F$66,4,0)*F41 -> 2040 | J41: Bu Ani | K41: 4 | L41: 11047.5 | N41: 38 | O41: Kipas Angin | P41: =VLOOKUP(O41,'Bu Erta'!$C$2:$F$66,4,0) -> 15000 | Q41: =SUMIF($D$3:$D$332,O41,$F$3:$F$332)-1 -> 1 | R41: =P41*Q41 -> 15000 | T41: 38 | U41: Kipas Angin | W41: 1 | X41: =V41*W41 -> 0
B42: Bu Widodo | D42: Besi | E42: =VLOOKUP(D42,'Bu Erta'!$C$2:$E$66,3,0) -> 2500 | F42: 2.9 | G42: =E42*F42 -> 7250 | H42: =VLOOKUP(D42,'Bu Erta'!$C$2:$F$66,4,0)*F42 -> 8700 | J42: Bu Fisca | K42: 4 | L42: 8495 | N42: 39 | O42: Koran/LKS | P42: =VLOOKUP(O42,'Bu Erta'!$C$2:$F$66,4,0) -> 900 | Q42: =SUMIF($D$3:$D$332,O42,$F$3:$F$332) -> 12.4 | R42: =P42*Q42 -> 11160 | T42: 39 | U42: Koran/LKS | X42: =V42*W42 -> 0
A43: 6 | B43: Bu Suci | C43: 4 | D43: Gabrukan | E43: =VLOOKUP(D43,'Bu Erta'!$C$2:$E$66,3,0) -> 1000 | F43: =2.15+0.75+0.65+0.45 -> 4 | G43: =E43*F43 -> 4000 | H43: =VLOOKUP(D43,'Bu Erta'!$C$2:$F$66,4,0)*F43 -> 4400 | J43: Bu Suriya | K43: 4 | L43: 8510 | N43: 40 | O43: Kulkas 1 Pintu | P43: =VLOOKUP(O43,'Bu Erta'!$C$2:$F$66,4,0) -> 45000 | Q43: =SUMIF($D$3:$D$332,O43,$F$3:$F$332) -> 0 | R43: =P43*Q43 -> 0 | T43: 40 | U43: Kulkas 1 Pintu | X43: =V43*W43 -> 0
B44: Bu Suci | D44: Injek | E44: =VLOOKUP(D44,'Bu Erta'!$C$2:$E$66,3,0) -> 1600 | F44: 0.55 | G44: =E44*F44 -> 880 | H44: =VLOOKUP(D44,'Bu Erta'!$C$2:$F$66,4,0)*F44 -> 1100 | J44: Pak Sumarman | K44: 4 | L44: 25395 | N44: 41 | O44: Kulkas 2 Pintu | P44: =VLOOKUP(O44,'Bu Erta'!$C$2:$F$66,4,0) -> 55000 | Q44: =SUMIF($D$3:$D$332,O44,$F$3:$F$332) -> 0 | R44: =P44*Q44 -> 0 | T44: 41 | U44: Kulkas 2 Pintu | X44: =V44*W44 -> 0
B45: Bu Suci | D45: Kardus Baik/Kering | E45: =VLOOKUP(D45,'Bu Erta'!$C$2:$E$66,3,0) -> 1000 | F45: =0.55+4.95 -> 5.5 | G45: =E45*F45 -> 5500 | H45: =VLOOKUP(D45,'Bu Erta'!$C$2:$F$66,4,0)*F45 -> 6600 | J45: Selly | K45: 4 | L45: 12790 | N45: 42 | O45: Kuningan | P45: =VLOOKUP(O45,'Bu Erta'!$C$2:$F$66,4,0) -> 30000 | Q45: =SUMIF($D$3:$D$332,O45,$F$3:$F$332) -> 0 | R45: =P45*Q45 -> 0 | T45: 42 | U45: Kuningan | X45: =V45*W45 -> 0
B46: Bu Suci | D46: Multilayer | E46: =VLOOKUP(D46,'Bu Erta'!$C$2:$E$66,3,0) -> 300 | F46: =0.5+0.4+0.75+1+0.55 -> 3.2 | G46: =E46*F46 -> 960 | H46: =VLOOKUP(D46,'Bu Erta'!$C$2:$F$66,4,0)*F46 -> 1280 | J46: Bu Riris | K46: 4 | L46: 12227.5 | N46: 43 | O46: Magic Com Lengkap | P46: =VLOOKUP(O46,'Bu Erta'!$C$2:$F$66,4,0) -> 12000 | Q46: =SUMIF($D$3:$D$332,O46,$F$3:$F$332) -> 0 | R46: =P46*Q46 -> 0 | T46: 43 | U46: Magic Com Lengkap | X46: =V46*W46 -> 0
A47: 7 | B47: Bu Kamiem | C47: 5 | D47: Multilayer | E47: =VLOOKUP(D47,'Bu Erta'!$C$2:$E$66,3,0) -> 300 | F47: 0.2 | G47: =E47*F47 -> 60 | H47: =VLOOKUP(D47,'Bu Erta'!$C$2:$F$66,4,0)*F47 -> 80 | J47: Bu Sri Retno | K47: 5 | L47: 14570 | N47: 44 | O47: Majalah | P47: =VLOOKUP(O47,'Bu Erta'!$C$2:$F$66,4,0) -> 650 | Q47: =SUMIF($D$3:$D$332,O47,$F$3:$F$332) -> 47.45 | R47: =P47*Q47 -> 30842.5 | T47: 44 | U47: Majalah | X47: =V47*W47 -> 0
B48: Bu Kamiem | D48: Botol & Gelas Putih (Kotor) | E48: =VLOOKUP(D48,'Bu Erta'!$C$2:$E$66,3,0) -> 1600 | F48: 0.2 | G48: =E48*F48 -> 320 | H48: =VLOOKUP(D48,'Bu Erta'!$C$2:$F$66,4,0)*F48 -> 340 | J48: Bu Lilis | K48: 5 | L48: 13585 | N48: 45 | O48: Mesin Cuci | P48: =VLOOKUP(O48,'Bu Erta'!$C$2:$F$66,4,0) -> 40000 | Q48: =SUMIF($D$3:$D$332,O48,$F$3:$F$332) -> 0 | R48: =P48*Q48 -> 0 | T48: 45 | U48: Mesin Cuci | X48: =V48*W48 -> 0
B49: Bu Kamiem | D49: Boncos | E49: =VLOOKUP(D49,'Bu Erta'!$C$2:$E$66,3,0) -> 300 | F49: 0.45 | G49: =E49*F49 -> 135 | H49: =VLOOKUP(D49,'Bu Erta'!$C$2:$F$66,4,0)*F49 -> 180 | J49: Bu Kamiem | K49: 5 | L49: 26730 | N49: 46 | O49: Minyak Jelantah | P49: =VLOOKUP(O49,'Bu Erta'!$C$2:$F$66,4,0) -> 5500 | Q49: =SUMIF($D$3:$D$332,O49,$F$3:$F$332) -> 15.75 | R49: =P49*Q49 -> 86625 | T49: 46 | U49: Minyak Jelantah | X49: =V49*W49 -> 0
B50: Bu Kamiem | D50: Kardus Baik/Kering | E50: =VLOOKUP(D50,'Bu Erta'!$C$2:$E$66,3,0) -> 1000 | F50: 0.1 | G50: =E50*F50 -> 100 | H50: =VLOOKUP(D50,'Bu Erta'!$C$2:$F$66,4,0)*F50 -> 120 | J50: Dipo | K50: 6 | L50: 20830 | N50: 47 | O50: Multilayer | P50: =VLOOKUP(O50,'Bu Erta'!$C$2:$F$66,4,0) -> 400 | Q50: 0 | R50: =P50*Q50 -> 0 | T50: 47 | U50: Multilayer | W50: 50.8 | X50: =V50*W50 -> 0
B51: Bu Kamiem | D51: Asoy | E51: =VLOOKUP(D51,'Bu Erta'!$C$2:$E$66,3,0) -> 200 | F51: 0.2 | G51: =E51*F51 -> 40 | H51: =VLOOKUP(D51,'Bu Erta'!$C$2:$F$66,4,0)*F51 -> 60 | J51: Bu Hadiyana | K51: 6 | L51: 65999 | N51: 48 | O51: Monitor LED | P51: =VLOOKUP(O51,'Bu Erta'!$C$2:$F$66,4,0) -> 10000 | Q51: =SUMIF($D$3:$D$332,O51,$F$3:$F$332) -> 0 | R51: =P51*Q51 -> 0 | T51: 48 | U51: Monitor LED | X51: =V51*W51 -> 0
B52: Bu Kamiem | D52: Gabrukan | E52: =VLOOKUP(D52,'Bu Erta'!$C$2:$E$66,3,0) -> 1000 | F52: 0.8 | G52: =E52*F52 -> 800 | H52: =VLOOKUP(D52,'Bu Erta'!$C$2:$F$66,4,0)*F52 -> 880 | J52: Bu Halimah | K52: 7 | L52: 35145 | N52: 49 | O52: Monitor Tabung | P52: =VLOOKUP(O52,'Bu Erta'!$C$2:$F$66,4,0) -> 15000 | Q52: =SUMIF($D$3:$D$332,O52,$F$3:$F$332) -> 0 | R52: =P52*Q52 -> 0 | T52: 49 | U52: Monitor Tabung | X52: =V52*W52 -> 0
B53: Bu Kamiem | D53: Kaleng | E53: =VLOOKUP(D53,'Bu Erta'!$C$2:$E$66,3,0) -> 1500 | F53: 1.65 | G53: =E53*F53 -> 2475 | H53: =VLOOKUP(D53,'Bu Erta'!$C$2:$F$66,4,0)*F53 -> 3300 | J53: Grand Total | K53: 156 | L53: 709346.5 | N53: 50 | O53: Naso | P53: =VLOOKUP(O53,'Bu Erta'!$C$2:$F$66,4,0) -> 2500 | Q53: =SUMIF($D$3:$D$332,O53,$F$3:$F$332) -> 3.5 | R53: =P53*Q53 -> 8750 | T53: 50 | U53: Naso | X53: =V53*W53 -> 0
B54: Bu Kamiem | D54: Minyak Jelantah | E54: =VLOOKUP(D54,'Bu Erta'!$C$2:$E$66,3,0) -> 4000 | F54: 1.85 | G54: =E54*F54 -> 7400 | H54: =VLOOKUP(D54,'Bu Erta'!$C$2:$F$66,4,0)*F54 -> 10175 | N54: 51 | O54: Oli Bekas | P54: =VLOOKUP(O54,'Bu Erta'!$C$2:$F$66,4,0) -> 600 | Q54: =SUMIF($D$3:$D$332,O54,$F$3:$F$332) -> 0 | R54: =P54*Q54 -> 0 | T54: 51 | U54: Oli Bekas | X54: =V54*W54 -> 0
B55: Bu Kamiem | D55: Botol Putih Bersih | E55: =VLOOKUP(D55,'Bu Erta'!$C$2:$E$66,3,0) -> 2800 | F55: =0.3+1.8+1.8 -> 3.9 | G55: =E55*F55 -> 10920 | H55: =VLOOKUP(D55,'Bu Erta'!$C$2:$F$66,4,0)*F55 -> 12090 | N55: 52 | O55: Paralon | P55: =VLOOKUP(O55,'Bu Erta'!$C$2:$F$66,4,0) -> 1500 | Q55: =SUMIF($D$3:$D$332,O55,$F$3:$F$332) -> 0 | R55: =P55*Q55 -> 0 | T55: 52 | U55: Paralon | X55: =V55*W55 -> 0
B56: Bu Kamiem | D56: Botol & Gelas Putih (Kotor) | E56: =VLOOKUP(D56,'Bu Erta'!$C$2:$E$66,3,0) -> 1600 | F56: =1.2+1.2+0.1+0.3 -> 2.8 | G56: =E56*F56 -> 4480 | H56: =VLOOKUP(D56,'Bu Erta'!$C$2:$F$66,4,0)*F56 -> 4760 | J56: Keuntungan Penjualan | N56: 53 | O56: Plastik (PE) | P56: =VLOOKUP(O56,'Bu Erta'!$C$2:$F$66,4,0) -> 900 | Q56: =SUMIF($D$3:$D$332,O56,$F$3:$F$332) -> 0 | R56: =P56*Q56 -> 0 | T56: 53 | U56: Plastik (PE) | X56: =V56*W56 -> 0
A57: 8 | B57: Bu Purwani | C57: 3 | D57: Asoy | E57: =VLOOKUP(D57,'Bu Erta'!$C$2:$E$66,3,0) -> 200 | F57: =0.45+0.25 -> 0.7 | G57: =E57*F57 -> 140 | H57: =VLOOKUP(D57,'Bu Erta'!$C$2:$F$66,4,0)*F57 -> 210 | J57: =R68+X68-GETPIVOTDATA("Sum of Total Harga",$J$4) -> 81369 | N57: 54 | O57: Selang Air | P57: =VLOOKUP(O57,'Bu Erta'!$C$2:$F$66,4,0) -> 500 | Q57: =SUMIF($D$3:$D$332,O57,$F$3:$F$332) -> 0 | R57: =P57*Q57 -> 0 | T57: 54 | U57: Selang Air | X57: =V57*W57 -> 0
B58: Bu Purwani | D58: Multilayer | E58: =VLOOKUP(D58,'Bu Erta'!$C$2:$E$66,3,0) -> 300 | F58: =1.05+2.3 -> 3.35 | G58: =E58*F58 -> 1005 | H58: =VLOOKUP(D58,'Bu Erta'!$C$2:$F$66,4,0)*F58 -> 1340 | N58: 55 | O58: Seng | P58: =VLOOKUP(O58,'Bu Erta'!$C$2:$F$66,4,0) -> 1000 | Q58: =SUMIF($D$3:$D$332,O58,$F$3:$F$332) -> 0 | R58: =P58*Q58 -> 0 | T58: 55 | U58: Seng | X58: =V58*W58 -> 0
B59: Bu Purwani | D59: Boncos | E59: =VLOOKUP(D59,'Bu Erta'!$C$2:$E$66,3,0) -> 300 | F59: 2.7 | G59: =E59*F59 -> 810 | H59: =VLOOKUP(D59,'Bu Erta'!$C$2:$F$66,4,0)*F59 -> 1080 | N59: 56 | O59: Seng Pasir | P59: =VLOOKUP(O59,'Bu Erta'!$C$2:$F$66,4,0) -> 900 | Q59: =SUMIF($D$3:$D$332,O59,$F$3:$F$332) -> 0 | R59: =P59*Q59 -> 0 | T59: 56 | U59: Seng Pasir | X59: =V59*W59 -> 0
B60: Bu Purwani | D60: Gabrukan | E60: =VLOOKUP(D60,'Bu Erta'!$C$2:$E$66,3,0) -> 1000 | F60: 0.95 | G60: =E60*F60 -> 950 | H60: =VLOOKUP(D60,'Bu Erta'!$C$2:$F$66,4,0)*F60 -> 1045 | N60: 57 | O60: Sterofoam | P60: =VLOOKUP(O60,'Bu Erta'!$C$2:$F$66,4,0) -> 200 | Q60: =SUMIF($D$3:$D$332,O60,$F$3:$F$332) -> 0 | R60: =P60*Q60 -> 0 | T60: 57 | U60: Sterofoam | X60: =V60*W60 -> 0
B61: Bu Purwani | D61: Kardus Baik/Kering | E61: =VLOOKUP(D61,'Bu Erta'!$C$2:$E$66,3,0) -> 1000 | F61: =4.85+4.2 -> 9.05 | G61: =E61*F61 -> 9050 | H61: =VLOOKUP(D61,'Bu Erta'!$C$2:$F$66,4,0)*F61 -> 10860 | N61: 58 | O61: Tembaga | P61: =VLOOKUP(O61,'Bu Erta'!$C$2:$F$66,4,0) -> 55000 | Q61: =SUMIF($D$3:$D$332,O61,$F$3:$F$332) -> 0 | R61: =P61*Q61 -> 0 | T61: 58 | U61: Tembaga | X61: =V61*W61 -> 0
A62: 9 | B62: Bu Satini | C62: 4 | D62: Asoy | E62: =VLOOKUP(D62,'Bu Erta'!$C$2:$E$66,3,0) -> 200 | F62: 0.35 | G62: =E62*F62 -> 70 | H62: =VLOOKUP(D62,'Bu Erta'!$C$2:$F$66,4,0)*F62 -> 105 | N62: 59 | O62: Toples Kue Kristal | P62: =VLOOKUP(O62,'Bu Erta'!$C$2:$F$66,4,0) -> 3000 | Q62: =SUMIF($D$3:$D$332,O62,$F$3:$F$332) -> 0.1 | R62: =P62*Q62 -> 300 | T62: 59 | U62: Toples Kue Kristal | X62: =V62*W62 -> 0
B63: Bu Satini | D63: Multilayer | E63: =VLOOKUP(D63,'Bu Erta'!$C$2:$E$66,3,0) -> 300 | F63: 0.75 | G63: =E63*F63 -> 225 | H63: =VLOOKUP(D63,'Bu Erta'!$C$2:$F$66,4,0)*F63 -> 300 | N63: 60 | O63: Try Telur | P63: =VLOOKUP(O63,'Bu Erta'!$C$2:$F$66,4,0) -> 200 | Q63: =SUMIF($D$3:$D$332,O63,$F$3:$F$332) -> 0 | R63: =P63*Q63 -> 0 | T63: 60 | U63: Try Telur | X63: =V63*W63 -> 0
B64: Bu Satini | D64: Emberan | E64: =VLOOKUP(D64,'Bu Erta'!$C$2:$E$66,3,0) -> 1400 | F64: 0.5 | G64: =E64*F64 -> 700 | H64: =VLOOKUP(D64,'Bu Erta'!$C$2:$F$66,4,0)*F64 -> 800 | N64: 61 | O64: Tutup Botol | P64: =VLOOKUP(O64,'Bu Erta'!$C$2:$F$66,4,0) -> 3000 | Q64: =SUMIF($D$3:$D$332,O64,$F$3:$F$332) -> 4.2 | R64: =P64*Q64 -> 12600 | T64: 61 | U64: Tutup Botol | X64: =V64*W64 -> 0
B65: Bu Satini | D65: Botol & Kaca Beling | E65: =VLOOKUP(D65,'Bu Erta'!$C$2:$E$66,3,0) -> 150 | F65: 1.25 | G65: =E65*F65 -> 187.5 | H65: =VLOOKUP(D65,'Bu Erta'!$C$2:$F$66,4,0)*F65 -> 250 | N65: 62 | O65: Tutup Galon | P65: =VLOOKUP(O65,'Bu Erta'!$C$2:$F$66,4,0) -> 4000 | Q65: =SUMIF($D$3:$D$332,O65,$F$3:$F$332) -> 1.4 | R65: =P65*Q65 -> 5600 | T65: 62 | U65: Tutup Galon | X65: =V65*W65 -> 0
B66: Bu Satini | D66: Boncos | E66: =VLOOKUP(D66,'Bu Erta'!$C$2:$E$66,3,0) -> 300 | F66: 0.2 | G66: =E66*F66 -> 60 | H66: =VLOOKUP(D66,'Bu Erta'!$C$2:$F$66,4,0)*F66 -> 80 | N66: 63 | O66: TV LED | P66: =VLOOKUP(O66,'Bu Erta'!$C$2:$F$66,4,0) -> 10000 | Q66: =SUMIF($D$3:$D$332,O66,$F$3:$F$332) -> 1 | R66: =P66*Q66 -> 10000 | T66: 63 | U66: TV LED | X66: =V66*W66 -> 0
B67: Bu Satini | D67: Gabrukan | E67: =VLOOKUP(D67,'Bu Erta'!$C$2:$E$66,3,0) -> 1000 | F67: =0.13+2.5 -> 2.63 | G67: =E67*F67 -> 2630 | H67: =VLOOKUP(D67,'Bu Erta'!$C$2:$F$66,4,0)*F67 -> 2893 | N67: 64 | O67: TV Tabung | P67: =VLOOKUP(O67,'Bu Erta'!$C$2:$F$66,4,0) -> 15000 | Q67: =SUMIF($D$3:$D$332,O67,$F$3:$F$332) -> 0 | R67: =P67*Q67 -> 0 | T67: 64 | U67: TV Tabung | X67: =V67*W67 -> 0
A68: 10 | P68: TOTAL | Q68: =SUM(Q4:Q67) -> 522.14 | R68: =SUM(R4:R67) -> 736715.5 | V68: TOTAL | W68: =SUM(W4:W67) -> 74.2 | X68: =SUM(X4:X67) -> 54000
A69: 11 | B69: Sela | C69: 2 | D69: Botol & Gelas Putih (Kotor) | E69: =VLOOKUP(D69,'Bu Erta'!$C$2:$E$66,3,0) -> 1600 | F69: 0.3 | G69: =E69*F69 -> 480 | H69: =VLOOKUP(D69,'Bu Erta'!$C$2:$F$66,4,0)*F69 -> 510
B70: Sela | D70: Kabin | E70: =VLOOKUP(D70,'Bu Erta'!$C$2:$E$66,3,0) -> 1800 | F70: =0.7+1.85 -> 2.55 | G70: =E70*F70 -> 4590 | H70: =VLOOKUP(D70,'Bu Erta'!$C$2:$F$66,4,0)*F70 -> 5100
B71: Sela | D71: Botol & Kaca Beling | E71: =VLOOKUP(D71,'Bu Erta'!$C$2:$E$66,3,0) -> 150 | F71: 0.35 | G71: =E71*F71 -> 52.5 | H71: =VLOOKUP(D71,'Bu Erta'!$C$2:$F$66,4,0)*F71 -> 70
B72: Sela | D72: Kaleng | E72: =VLOOKUP(D72,'Bu Erta'!$C$2:$E$66,3,0) -> 1500 | F72: 0.1 | G72: =E72*F72 -> 150 | H72: =VLOOKUP(D72,'Bu Erta'!$C$2:$F$66,4,0)*F72 -> 200
B73: Sela | D73: Gabrukan | E73: =VLOOKUP(D73,'Bu Erta'!$C$2:$E$66,3,0) -> 1000 | F73: =2.65+1.55 -> 4.2 | G73: =E73*F73 -> 4200 | H73: =VLOOKUP(D73,'Bu Erta'!$C$2:$F$66,4,0)*F73 -> 4620
A74: 12 | B74: Bu Sunarti | C74: 1 | D74: Besi | E74: =VLOOKUP(D74,'Bu Erta'!$C$2:$E$66,3,0) -> 2500 | F74: 4.35 | G74: =E74*F74 -> 10875 | H74: =VLOOKUP(D74,'Bu Erta'!$C$2:$F$66,4,0)*F74 -> 13050
B75: Bu Sunarti | D75: Minyak Jelantah | E75: =VLOOKUP(D75,'Bu Erta'!$C$2:$E$66,3,0) -> 4000 | F75: 0.1 | G75: =E75*F75 -> 400 | H75: =VLOOKUP(D75,'Bu Erta'!$C$2:$F$66,4,0)*F75 -> 550
B76: Bu Sunarti | D76: Kardus Baik/Kering | E76: =VLOOKUP(D76,'Bu Erta'!$C$2:$E$66,3,0) -> 1000 | F76: 1.8 | G76: =E76*F76 -> 1800 | H76: =VLOOKUP(D76,'Bu Erta'!$C$2:$F$66,4,0)*F76 -> 2160
B77: Bu Sunarti | D77: Asoy | E77: =VLOOKUP(D77,'Bu Erta'!$C$2:$E$66,3,0) -> 200 | F77: 2.25 | G77: =E77*F77 -> 450 | H77: =VLOOKUP(D77,'Bu Erta'!$C$2:$F$66,4,0)*F77 -> 675
B78: Bu Sunarti | D78: Karung Beras | E78: =VLOOKUP(D78,'Bu Erta'!$C$2:$E$66,3,0) -> 400 | F78: 1.15 | G78: =E78*F78 -> 460 | H78: =VLOOKUP(D78,'Bu Erta'!$C$2:$F$66,4,0)*F78 -> 575
B79: Bu Sunarti | D79: Multilayer | E79: =VLOOKUP(D79,'Bu Erta'!$C$2:$E$66,3,0) -> 300 | F79: 0.5 | G79: =E79*F79 -> 150 | H79: =VLOOKUP(D79,'Bu Erta'!$C$2:$F$66,4,0)*F79 -> 200
B80: Bu Sunarti | D80: Emberan | E80: =VLOOKUP(D80,'Bu Erta'!$C$2:$E$66,3,0) -> 1400 | F80: 0.55 | G80: =E80*F80 -> 770 | H80: =VLOOKUP(D80,'Bu Erta'!$C$2:$F$66,4,0)*F80 -> 880
B81: Bu Sunarti | D81: Boncos | E81: =VLOOKUP(D81,'Bu Erta'!$C$2:$E$66,3,0) -> 300 | F81: 0.55 | G81: =E81*F81 -> 165 | H81: =VLOOKUP(D81,'Bu Erta'!$C$2:$F$66,4,0)*F81 -> 220
B82: Bu Sunarti | D82: Kertas HVS Putih | E82: =VLOOKUP(D82,'Bu Erta'!$C$2:$E$66,3,0) -> 1400 | F82: 1.4 | G82: =E82*F82 -> 1960 | H82: =VLOOKUP(D82,'Bu Erta'!$C$2:$F$66,4,0)*F82 -> 2100
B83: Bu Sunarti | D83: Botol & Gelas Putih (Kotor) | E83: =VLOOKUP(D83,'Bu Erta'!$C$2:$E$66,3,0) -> 1600 | F83: 0.15 | G83: =E83*F83 -> 240 | H83: =VLOOKUP(D83,'Bu Erta'!$C$2:$F$66,4,0)*F83 -> 255
A84: 13 | B84: Bu Ratu Tuti | C84: 2 | D84: Botol Putih Bersih | E84: =VLOOKUP(D84,'Bu Erta'!$C$2:$E$66,3,0) -> 2800 | F84: 0.75 | G84: =E84*F84 -> 2100 | H84: =VLOOKUP(D84,'Bu Erta'!$C$2:$F$66,4,0)*F84 -> 2325
B85: Bu Ratu Tuti | D85: Multilayer | E85: =VLOOKUP(D85,'Bu Erta'!$C$2:$E$66,3,0) -> 300 | F85: 0.3 | G85: =E85*F85 -> 90 | H85: =VLOOKUP(D85,'Bu Erta'!$C$2:$F$66,4,0)*F85 -> 120
B86: Bu Ratu Tuti | D86: Asoy | E86: =VLOOKUP(D86,'Bu Erta'!$C$2:$E$66,3,0) -> 200 | F86: 0.5 | G86: =E86*F86 -> 100 | H86: =VLOOKUP(D86,'Bu Erta'!$C$2:$F$66,4,0)*F86 -> 150
B87: Bu Ratu Tuti | D87: Tutup Botol | E87: =VLOOKUP(D87,'Bu Erta'!$C$2:$E$66,3,0) -> 2500 | F87: 0.15 | G87: =E87*F87 -> 375 | H87: =VLOOKUP(D87,'Bu Erta'!$C$2:$F$66,4,0)*F87 -> 450
B88: Bu Ratu Tuti | D88: Boncos | E88: =VLOOKUP(D88,'Bu Erta'!$C$2:$E$66,3,0) -> 300 | F88: 0.65 | G88: =E88*F88 -> 195 | H88: =VLOOKUP(D88,'Bu Erta'!$C$2:$F$66,4,0)*F88 -> 260
B89: Bu Ratu Tuti | D89: Gabrukan | E89: =VLOOKUP(D89,'Bu Erta'!$C$2:$E$66,3,0) -> 1000 | F89: 1.15 | G89: =E89*F89 -> 1150 | H89: =VLOOKUP(D89,'Bu Erta'!$C$2:$F$66,4,0)*F89 -> 1265
B90: Bu Ratu Tuti | D90: Kardus Baik/Kering | E90: =VLOOKUP(D90,'Bu Erta'!$C$2:$E$66,3,0) -> 1000 | F90: 0.75 | G90: =E90*F90 -> 750 | H90: =VLOOKUP(D90,'Bu Erta'!$C$2:$F$66,4,0)*F90 -> 900
A91: 14 | B91: Bu Termin | C91: 1 | D91: Gabrukan | E91: =VLOOKUP(D91,'Bu Erta'!$C$2:$E$66,3,0) -> 1000 | F91: 0.75 | G91: =E91*F91 -> 750 | H91: =VLOOKUP(D91,'Bu Erta'!$C$2:$F$66,4,0)*F91 -> 825
B92: Bu Termin | D92: Asoy | E92: =VLOOKUP(D92,'Bu Erta'!$C$2:$E$66,3,0) -> 200 | F92: 0.5 | G92: =E92*F92 -> 100 | H92: =VLOOKUP(D92,'Bu Erta'!$C$2:$F$66,4,0)*F92 -> 150
B93: Bu Termin | D93: Multilayer | E93: =VLOOKUP(D93,'Bu Erta'!$C$2:$E$66,3,0) -> 300 | F93: 0.2 | G93: =E93*F93 -> 60 | H93: =VLOOKUP(D93,'Bu Erta'!$C$2:$F$66,4,0)*F93 -> 80
B94: Bu Termin | D94: Kaleng | E94: =VLOOKUP(D94,'Bu Erta'!$C$2:$E$66,3,0) -> 1500 | F94: 0.6 | G94: =E94*F94 -> 900 | H94: =VLOOKUP(D94,'Bu Erta'!$C$2:$F$66,4,0)*F94 -> 1200
B95: Bu Termin | D95: Botol & Kaca Beling | E95: =VLOOKUP(D95,'Bu Erta'!$C$2:$E$66,3,0) -> 150 | F95: 0.95 | G95: =E95*F95 -> 142.5 | H95: =VLOOKUP(D95,'Bu Erta'!$C$2:$F$66,4,0)*F95 -> 190
B96: Bu Termin | D96: Emberan | E96: =VLOOKUP(D96,'Bu Erta'!$C$2:$E$66,3,0) -> 1400 | F96: 0.75 | G96: =E96*F96 -> 1050 | H96: =VLOOKUP(D96,'Bu Erta'!$C$2:$F$66,4,0)*F96 -> 1200
B97: Bu Termin | D97: Boncos | E97: =VLOOKUP(D97,'Bu Erta'!$C$2:$E$66,3,0) -> 300 | F97: 0.9 | G97: =E97*F97 -> 270 | H97: =VLOOKUP(D97,'Bu Erta'!$C$2:$F$66,4,0)*F97 -> 360
B98: Bu Termin | D98: Minyak Jelantah | E98: =VLOOKUP(D98,'Bu Erta'!$C$2:$E$66,3,0) -> 4000 | F98: 0.7 | G98: =E98*F98 -> 2800 | H98: =VLOOKUP(D98,'Bu Erta'!$C$2:$F$66,4,0)*F98 -> 3850
A99: 15 | B99: Bu Angga | C99: 2 | D99: Botol & Kaca Beling | E99: =VLOOKUP(D99,'Bu Erta'!$C$2:$E$66,3,0) -> 150 | F99: =0.25+0.1 -> 0.35 | G99: =E99*F99 -> 52.5 | H99: =VLOOKUP(D99,'Bu Erta'!$C$2:$F$66,4,0)*F99 -> 70
B100: Bu Angga | D100: Emberan | E100: =VLOOKUP(D100,'Bu Erta'!$C$2:$E$66,3,0) -> 1400 | F100: =0.35+0.45 -> 0.8 | G100: =E100*F100 -> 1120 | H100: =VLOOKUP(D100,'Bu Erta'!$C$2:$F$66,4,0)*F100 -> 1280
B101: Bu Angga | D101: Boncos | E101: =VLOOKUP(D101,'Bu Erta'!$C$2:$E$66,3,0) -> 300 | F101: 0.2 | G101: =E101*F101 -> 60 | H101: =VLOOKUP(D101,'Bu Erta'!$C$2:$F$66,4,0)*F101 -> 80
...

Sheet 3-1-26
A2: No | B2: Nama | C2: RT | D2: Jenis Sampah | E2: Harga | F2: Berat | G2: Total Harga | J2: Row Labels | K2: Sum of RT | L2: Sum of Total Harga | N2: Timbangan Bu Erta | Q2: Sabtu, 3 Januari 2026 | T2: Timbangan Pak Surat | W2: Sabtu, 3 Januari 2026
A3: 1 | B3: Bu Suci | C3: 4 | D3: Asoy | E3: =VLOOKUP(D3,'Bu Erta'!$C$2:$E$66,3,0) -> 200 | F3: 1.5 | G3: =E3*F3 -> 300 | H3: =VLOOKUP(D3,'Bu Erta'!$C$2:$F$66,4,0)*F3 -> 450 | J3: Bu Termin | K3: 1 | L3: 5727.5 | N3: No | O3: Jenis Sampah | P3: Harga | Q3: Berat | R3: Total Harga | T3: No | U3: Jenis Sampah | V3: Harga | W3: Berat | X3: Total Harga
B4: Bu Suci | D4: Gabrukan | E4: =VLOOKUP(D4,'Bu Erta'!$C$2:$E$66,3,0) -> 1000 | F4: =0.95+1.9+0.8+0.55 -> 4.2 | G4: =E4*F4 -> 4200 | H4: =VLOOKUP(D4,'Bu Erta'!$C$2:$F$66,4,0)*F4 -> 4620 | J4: Bu Nurjanah | K4: 1 | L4: 7460 | N4: 1 | O4: Acrylic | P4: =VLOOKUP(O4,'Bu Erta'!$C$2:$F$66,4,0) -> 1500 | Q4: =SUMIF($D$3:$D$289,O4,$F$3:$F$289) -> 0 | R4: =P4*Q4 -> 0 | T4: 1 | U4: Acrylic | X4: =V4*W4 -> 0
B5: Bu Suci | D5: Kardus Baik/Kering | E5: =VLOOKUP(D5,'Bu Erta'!$C$2:$E$66,3,0) -> 1000 | F5: 3.35 | G5: =E5*F5 -> 3350 | H5: =VLOOKUP(D5,'Bu Erta'!$C$2:$F$66,4,0)*F5 -> 4020 | J5: Bu Sunarti | K5: 1 | L5: 9162.5 | N5: 2 | O5: AC Blower | P5: =VLOOKUP(O5,'Bu Erta'!$C$2:$F$66,4,0) -> 100000 | Q5: =SUMIF($D$3:$D$289,O5,$F$3:$F$289) -> 0 | R5: =P5*Q5 -> 0 | T5: 2 | U5: AC Blower | X5: =V5*W5 -> 0
B6: Bu Suci | D6: Galon Aqua | E6: =VLOOKUP(D6,'Bu Erta'!$C$2:$E$66,3,0) -> 4000 | F6: 1 | G6: =E6*F6 -> 4000 | H6: =VLOOKUP(D6,'Bu Erta'!$C$2:$F$66,4,0)*F6 -> 5000 | J6: Bu Nita | K6: 1 | L6: 23150 | N6: 3 | O6: AC Indoor | P6: =VLOOKUP(O6,'Bu Erta'!$C$2:$F$66,4,0) -> 40000 | Q6: =SUMIF($D$3:$D$289,O6,$F$3:$F$289) -> 0 | R6: =P6*Q6 -> 0 | T6: 3 | U6: AC Indoor | X6: =V6*W6 -> 0
B7: Bu Suci | D7: Emberan | E7: =VLOOKUP(D7,'Bu Erta'!$C$2:$E$66,3,0) -> 1400 | F7: 0.75 | G7: =E7*F7 -> 1050 | H7: =VLOOKUP(D7,'Bu Erta'!$C$2:$F$66,4,0)*F7 -> 1200 | J7: Bu Maryani | K7: 1 | L7: 150 | N7: 4 | O7: AKI | P7: =VLOOKUP(O7,'Bu Erta'!$C$2:$F$66,4,0) -> 6500 | Q7: =SUMIF($D$3:$D$289,O7,$F$3:$F$289) -> 0 | R7: =P7*Q7 -> 0 | T7: 4 | U7: AKI | X7: =V7*W7 -> 0
A8: 2 | B8: Bu Sariyanti | C8: 4 | D8: Kardus Baik/Kering | E8: =VLOOKUP(D8,'Bu Erta'!$C$2:$E$66,3,0) -> 1000 | F8: 2.1 | G8: =E8*F8 -> 2100 | H8: =VLOOKUP(D8,'Bu Erta'!$C$2:$F$66,4,0)*F8 -> 2520 | J8: Pak Danny | K8: 1 | L8: 6650 | N8: 5 | O8: Alumunium | P8: =VLOOKUP(O8,'Bu Erta'!$C$2:$F$66,4,0) -> 8500 | Q8: =SUMIF($D$3:$D$289,O8,$F$3:$F$289) -> 0.55 | R8: =P8*Q8 -> 4675 | T8: 5 | U8: Alumunium | X8: =V8*W8 -> 0
B9: Bu Sariyanti | D9: Gabrukan | E9: =VLOOKUP(D9,'Bu Erta'!$C$2:$E$66,3,0) -> 1000 | F9: 0.45 | G9: =E9*F9 -> 450 | H9: =VLOOKUP(D9,'Bu Erta'!$C$2:$F$66,4,0)*F9 -> 495 | J9: Mama Wahyu | K9: 1 | L9: 840 | N9: 6 | O9: Alumunium Foil | P9: =VLOOKUP(O9,'Bu Erta'!$C$2:$F$66,4,0) -> 4000 | Q9: =SUMIF($D$3:$D$289,O9,$F$3:$F$289) -> 0 | R9: =P9*Q9 -> 0 | T9: 6 | U9: Alumunium Foil | X9: =V9*W9 -> 0
B10: Bu Sariyanti | D10: Seng | E10: =VLOOKUP(D10,'Bu Erta'!$C$2:$E$66,3,0) -> 800 | F10: 0.2 | G10: =E10*F10 -> 160 | H10: =VLOOKUP(D10,'Bu Erta'!$C$2:$F$66,4,0)*F10 -> 200 | J10: Pak Wawan | K10: 2 | L10: 20260 | N10: 7 | O10: Asoy | P10: =VLOOKUP(O10,'Bu Erta'!$C$2:$F$66,4,0) -> 300 | Q10: =SUMIF($D$3:$D$289,O10,$F$3:$F$289) -> 26.25 | R10: =P10*Q10 -> 7875 | T10: 7 | U10: Asoy | X10: =V10*W10 -> 0
B11: Bu Sariyanti | D11: Besi | E11: =VLOOKUP(D11,'Bu Erta'!$C$2:$E$66,3,0) -> 2500 | F11: 4.55 | G11: =E11*F11 -> 11375 | H11: =VLOOKUP(D11,'Bu Erta'!$C$2:$F$66,4,0)*F11 -> 13650 | J11: Novem | K11: 2 | L11: 4135 | N11: 8 | O11: Babet | P11: =VLOOKUP(O11,'Bu Erta'!$C$2:$F$66,4,0) -> 8000 | Q11: =SUMIF($D$3:$D$289,O11,$F$3:$F$289) -> 0 | R11: =P11*Q11 -> 0 | T11: 8 | U11: Babet | X11: =V11*W11 -> 0
A12: 3 | B12: Bu Ecin Dwi | C12: 5 | D12: Kardus Baik/Kering | E12: =VLOOKUP(D12,'Bu Erta'!$C$2:$E$66,3,0) -> 1000 | F12: 4.95 | G12: =E12*F12 -> 4950 | H12: =VLOOKUP(D12,'Bu Erta'!$C$2:$F$66,4,0)*F12 -> 5940 | J12: Bu Angga | K12: 2 | L12: 5570 | N12: 9 | O12: Ban Bekas | P12: =VLOOKUP(O12,'Bu Erta'!$C$2:$F$66,4,0) -> 200 | Q12: =SUMIF($D$3:$D$289,O12,$F$3:$F$289) -> 0 | R12: =P12*Q12 -> 0 | T12: 9 | U12: Ban Bekas | X12: =V12*W12 -> 0
B13: Bu Ecin Dwi | D13: Multilayer | E13: =VLOOKUP(D13,'Bu Erta'!$C$2:$E$66,3,0) -> 300 | F13: 0.55 | G13: =E13*F13 -> 165 | H13: =VLOOKUP(D13,'Bu Erta'!$C$2:$F$66,4,0)*F13 -> 220 | J13: Mama Demas | K13: 2 | L13: 4970 | N13: 10 | O13: Besi | P13: =VLOOKUP(O13,'Bu Erta'!$C$2:$F$66,4,0) -> 3000 | Q13: 0 | R13: =P13*Q13 -> 0 | S13: 113.05 | T13: 10 | U13: Besi | W13: 113.05 | X13: 256000
B14: Bu Ecin Dwi | D14: Tutup Botol | E14: =VLOOKUP(D14,'Bu Erta'!$C$2:$E$66,3,0) -> 2500 | F14: 0.1 | G14: =E14*F14 -> 250 | H14: =VLOOKUP(D14,'Bu Erta'!$C$2:$F$66,4,0)*F14 -> 300 | J14: Mbak Nurhayati | K14: 2 | L14: 19997.5 | N14: 11 | O14: Boncos | P14: =VLOOKUP(O14,'Bu Erta'!$C$2:$F$66,4,0) -> 400 | Q14: =SUMIF($D$3:$D$289,O14,$F$3:$F$289) -> 35.8 | R14: =P14*Q14 -> 14320 | T14: 11 | U14: Boncos | X14: =V14*W14 -> 0
B15: Bu Ecin Dwi | D15: Gelas Putih Bersih | E15: =VLOOKUP(D15,'Bu Erta'!$C$2:$E$66,3,0) -> 3500 | F15: 0.3 | G15: =E15*F15 -> 1050 | H15: =VLOOKUP(D15,'Bu Erta'!$C$2:$F$66,4,0)*F15 -> 1080 | J15: Pak Suprayitno | K15: 2 | L15: 8705 | N15: 12 | O15: Botol & Gelas Putih (Kotor) | P15: =VLOOKUP(O15,'Bu Erta'!$C$2:$F$66,4,0) -> 1700 | Q15: =SUMIF($D$3:$D$289,O15,$F$3:$F$289)-5 -> 4.4 | R15: =P15*Q15 -> 7480 | T15: 12 | U15: Botol & Gelas Putih (Kotor) | X15: =V15*W15 -> 0
B16: Bu Ecin Dwi | D16: Asoy | E16: =VLOOKUP(D16,'Bu Erta'!$C$2:$E$66,3,0) -> 200 | F16: 0.15 | G16: =E16*F16 -> 30 | H16: =VLOOKUP(D16,'Bu Erta'!$C$2:$F$66,4,0)*F16 -> 45 | J16: Bu Sukayah | K16: 3 | L16: 630 | N16: 13 | O16: Botol & Kaca Beling | P16: =VLOOKUP(O16,'Bu Erta'!$C$2:$F$66,4,0) -> 200 | Q16: =SUMIF($D$3:$D$289,O16,$F$3:$F$289) -> 12.15 | R16: =P16*Q16 -> 2430 | T16: 13 | U16: Botol & Kaca Beling | X16: =V16*W16 -> 0
B17: Bu Ecin Dwi | D17: Botol Putih Bersih | E17: =VLOOKUP(D17,'Bu Erta'!$C$2:$E$66,3,0) -> 2800 | F17: 0.45 | G17: =E17*F17 -> 1260 | H17: =VLOOKUP(D17,'Bu Erta'!$C$2:$F$66,4,0)*F17 -> 1395 | J17: Bu Purwani | K17: 3 | L17: 3225 | N17: 14 | O17: Botol Berwarna | P17: =VLOOKUP(O17,'Bu Erta'!$C$2:$F$66,4,0) -> 1000 | Q17: =SUMIF($D$3:$D$289,O17,$F$3:$F$289) -> 0 | R17: =P17*Q17 -> 0 | T17: 14 | U17: Botol Berwarna | X17: =V17*W17 -> 0
B18: Bu Ecin Dwi | D18: Boncos | E18: =VLOOKUP(D18,'Bu Erta'!$C$2:$E$66,3,0) -> 300 | F18: 0.6 | G18: =E18*F18 -> 180 | H18: =VLOOKUP(D18,'Bu Erta'!$C$2:$F$66,4,0)*F18 -> 240 | J18: Bu Wiwin | K18: 3 | L18: 10100 | N18: 15 | O18: Botol Putih Bersih | P18: =VLOOKUP(O18,'Bu Erta'!$C$2:$F$66,4,0) -> 3100 | Q18: =SUMIF($D$3:$D$289,O18,$F$3:$F$289)+5 -> 32.1 | R18: =P18*Q18 -> 99510 | T18: 15 | U18: Botol Putih Bersih | X18: =V18*W18 -> 0
B19: Bu Ecin Dwi | D19: Emberan | E19: =VLOOKUP(D19,'Bu Erta'!$C$2:$E$66,3,0) -> 1400 | F19: =0.45+0.5 -> 0.95 | G19: =E19*F19 -> 1330 | H19: =VLOOKUP(D19,'Bu Erta'!$C$2:$F$66,4,0)*F19 -> 1520 | J19: Bu Minah | K19: 3 | L19: 4477.5 | N19: 16 | O19: Buku Tulis & Pelajaran | P19: =VLOOKUP(O19,'Bu Erta'!$C$2:$F$66,4,0) -> 1300 | Q19: =SUMIF($D$3:$D$289,O19,$F$3:$F$289) -> 7.6 | R19: =P19*Q19 -> 9880 | T19: 16 | U19: Buku Tulis & Pelajaran | X19: =V19*W19 -> 0
B20: Bu Ecin Dwi | D20: Kaleng | E20: =VLOOKUP(D20,'Bu Erta'!$C$2:$E$66,3,0) -> 1500 | F20: 0.15 | G20: =E20*F20 -> 225 | H20: =VLOOKUP(D20,'Bu Erta'!$C$2:$F$66,4,0)*F20 -> 300 | J20: Bu Maria Miski | K20: 3 | L20: 2585 | N20: 17 | O20: CD Kristal | P20: =VLOOKUP(O20,'Bu Erta'!$C$2:$F$66,4,0) -> 6000 | Q20: =SUMIF($D$3:$D$289,O20,$F$3:$F$289) -> 0 | R20: =P20*Q20 -> 0 | T20: 17 | U20: CD Kristal | X20: =V20*W20 -> 0
B21: Bu Ecin Dwi | D21: Botol & Kaca Beling | E21: =VLOOKUP(D21,'Bu Erta'!$C$2:$E$66,3,0) -> 150 | F21: 1.6 | G21: =E21*F21 -> 240 | H21: =VLOOKUP(D21,'Bu Erta'!$C$2:$F$66,4,0)*F21 -> 320 | J21: Bu Wuri | K21: 4 | L21: 89172.5 | N21: 18 | O21: CPU | P21: =VLOOKUP(O21,'Bu Erta'!$C$2:$F$66,4,0) -> 15000 | Q21: =SUMIF($D$3:$D$289,O21,$F$3:$F$289) -> 0 | R21: =P21*Q21 -> 0 | T21: 18 | U21: CPU | X21: =V21*W21 -> 0
B22: Bu Ecin Dwi | D22: Naso | E22: =VLOOKUP(D22,'Bu Erta'!$C$2:$E$66,3,0) -> 2000 | F22: 0.95 | G22: =E22*F22 -> 1900 | H22: =VLOOKUP(D22,'Bu Erta'!$C$2:$F$66,4,0)*F22 -> 2375 | J22: Mama Adam | K22: 4 | L22: 4190 | N22: 19 | O22: Emberan | P22: =VLOOKUP(O22,'Bu Erta'!$C$2:$F$66,4,0) -> 1600 | Q22: =SUMIF($D$3:$D$289,O22,$F$3:$F$289) -> 71 | R22: =P22*Q22 -> 113600 | T22: 19 | U22: Emberan | X22: =V22*W22 -> 0
A23: 4 | B23: Bu Wuri | C23: 4 | D23: Emberan | E23: =VLOOKUP(D23,'Bu Erta'!$C$2:$E$66,3,0) -> 1400 | F23: =1.75+6.35+0.45+6.3 -> 14.85 | G23: =E23*F23 -> 20790 | H23: =VLOOKUP(D23,'Bu Erta'!$C$2:$F$66,4,0)*F23 -> 23760 | J23: Bu Sariyanti | K23: 4 | L23: 14085 | N23: 20 | O23: Gabrukan | P23: =VLOOKUP(O23,'Bu Erta'!$C$2:$F$66,4,0) -> 1100 | Q23: =SUMIF($D$3:$D$289,O23,$F$3:$F$289) -> 38.75 | R23: =P23*Q23 -> 42625 | T23: 20 | U23: Gabrukan | X23: =V23*W23 -> 0
B24: Bu Wuri | C24: alu | D24: Besi | E24: =VLOOKUP(D24,'Bu Erta'!$C$2:$E$66,3,0) -> 2500 | F24: =5.65+0.1 -> 5.75 | G24: =E24*F24 -> 14375 | H24: =VLOOKUP(D24,'Bu Erta'!$C$2:$F$66,4,0)*F24 -> 17250 | J24: Bu Siti Alfiyah | K24: 4 | L24: 2610 | N24: 21 | O24: Galon Aqua | P24: =VLOOKUP(O24,'Bu Erta'!$C$2:$F$66,4,0) -> 5000 | Q24: =SUMIF($D$3:$D$289,O24,$F$3:$F$289) -> 1 | R24: =P24*Q24 -> 5000 | T24: 21 | U24: Galon Aqua | X24: =V24*W24 -> 0
B25: Bu Wuri | D25: Besi | E25: =VLOOKUP(D25,'Bu Erta'!$C$2:$E$66,3,0) -> 2500 | F25: =11+2.75 -> 13.75 | G25: =E25*F25 -> 34375 | H25: =VLOOKUP(D25,'Bu Erta'!$C$2:$F$66,4,0)*F25 -> 41250 | J25: Bu Sarti | K25: 4 | L25: 3725 | N25: 22 | O25: Gelas Berwarna | P25: =VLOOKUP(O25,'Bu Erta'!$C$2:$F$66,4,0) -> 1400 | Q25: =SUMIF($D$3:$D$289,O25,$F$3:$F$289) -> 0 | R25: =P25*Q25 -> 0 | T25: 22 | U25: Gelas Berwarna | X25: =V25*W25 -> 0
B26: Bu Wuri | D26: Kaleng | E26: =VLOOKUP(D26,'Bu Erta'!$C$2:$E$66,3,0) -> 1500 | F26: 0.9 | G26: =E26*F26 -> 1350 | H26: =VLOOKUP(D26,'Bu Erta'!$C$2:$F$66,4,0)*F26 -> 1800 | J26: Bu Fisca | K26: 4 | L26: 13410 | N26: 23 | O26: Gelas Putih Bersih | P26: =VLOOKUP(O26,'Bu Erta'!$C$2:$F$66,4,0) -> 3600 | Q26: =SUMIF($D$3:$D$289,O26,$F$3:$F$289) -> 2.1 | R26: =P26*Q26 -> 7560 | T26: 23 | U26: Gelas Putih Bersih | X26: =V26*W26 -> 0
B27: Bu Wuri | D27: Kardus Baik/Kering | E27: =VLOOKUP(D27,'Bu Erta'!$C$2:$E$66,3,0) -> 1000 | F27: 7.75 | G27: =E27*F27 -> 7750 | H27: =VLOOKUP(D27,'Bu Erta'!$C$2:$F$66,4,0)*F27 -> 9300 | J27: Bu Linda | K27: 4 | L27: 18420 | N27: 24 | O27: Handphone | P27: =VLOOKUP(O27,'Bu Erta'!$C$2:$F$66,4,0) -> 2000 | Q27: =SUMIF($D$3:$D$289,O27,$F$3:$F$289) -> 0 | R27: =P27*Q27 -> 0 | T27: 24 | U27: Handphone | X27: =V27*W27 -> 0
B28: Bu Wuri | D28: Boncos | E28: =VLOOKUP(D28,'Bu Erta'!$C$2:$E$66,3,0) -> 300 | F28: =2.3+1.9 -> 4.2 | G28: =E28*F28 -> 1260 | H28: =VLOOKUP(D28,'Bu Erta'!$C$2:$F$66,4,0)*F28 -> 1680 | J28: Bu Suriya | K28: 4 | L28: 12720 | N28: 25 | O28: Impact | P28: =VLOOKUP(O28,'Bu Erta'!$C$2:$F$66,4,0) -> 650 | Q28: =SUMIF($D$3:$D$289,O28,$F$3:$F$289) -> 0 | R28: =P28*Q28 -> 0 | T28: 25 | U28: Impact | X28: =V28*W28 -> 0
B29: Bu Wuri | D29: Botol Putih Bersih | E29: =VLOOKUP(D29,'Bu Erta'!$C$2:$E$66,3,0) -> 2800 | F29: =1.35+0.75 -> 2.1 | G29: =E29*F29 -> 5880 | H29: =VLOOKUP(D29,'Bu Erta'!$C$2:$F$66,4,0)*F29 -> 6510 | J29: Mba Dian | K29: 4 | L29: 5580 | N29: 26 | O29: Injek | P29: =VLOOKUP(O29,'Bu Erta'!$C$2:$F$66,4,0) -> 2000 | Q29: =SUMIF($D$3:$D$289,O29,$F$3:$F$289) -> 2.8 | R29: =P29*Q29 -> 5600 | T29: 26 | U29: Injek | X29: =V29*W29 -> 0
B30: Bu Wuri | D30: Asoy | E30: =VLOOKUP(D30,'Bu Erta'!$C$2:$E$66,3,0) -> 200 | F30: 1.9 | G30: =E30*F30 -> 380 | H30: =VLOOKUP(D30,'Bu Erta'!$C$2:$F$66,4,0)*F30 -> 570 | J30: Bu Titin | K30: 4 | L30: 5695 | N30: 27 | O30: Kabel | P30: =VLOOKUP(O30,'Bu Erta'!$C$2:$F$66,4,0) -> 1600 | Q30: =SUMIF($D$3:$D$289,O30,$F$3:$F$289) -> 0.35 | R30: =P30*Q30 -> 560 | T30: 27 | U30: Kabel | X30: =V30*W30 -> 0
B31: Bu Wuri | D31: Botol & Gelas Putih (Kotor) | E31: =VLOOKUP(D31,'Bu Erta'!$C$2:$E$66,3,0) -> 1600 | F31: 0.25 | G31: =E31*F31 -> 400 | H31: =VLOOKUP(D31,'Bu Erta'!$C$2:$F$66,4,0)*F31 -> 425 | J31: Bu Rina | K31: 4 | L31: 13450 | N31: 28 | O31: Kabel Internet | P31: =VLOOKUP(O31,'Bu Erta'!$C$2:$F$66,4,0) -> 200 | Q31: =SUMIF($D$3:$D$289,O31,$F$3:$F$289) -> 0.9 | R31: =P31*Q31 -> 180 | T31: 28 | U31: Kabel Internet | X31: =V31*W31 -> 0
B32: Bu Wuri | D32: Multilayer | E32: =VLOOKUP(D32,'Bu Erta'!$C$2:$E$66,3,0) -> 300 | F32: 1.25 | G32: =E32*F32 -> 375 | H32: =VLOOKUP(D32,'Bu Erta'!$C$2:$F$66,4,0)*F32 -> 500 | J32: Bu Nurlayli | K32: 4 | L32: 5385 | N32: 29 | O32: Kabel Kulit | P32: =VLOOKUP(O32,'Bu Erta'!$C$2:$F$66,4,0) -> 800 | Q32: =SUMIF($D$3:$D$289,O32,$F$3:$F$289) -> 0 | R32: =P32*Q32 -> 0 | T32: 29 | U32: Kabel Kulit | X32: =V32*W32 -> 0
B33: Bu Wuri | D33: Tutup Galon | E33: =VLOOKUP(D33,'Bu Erta'!$C$2:$E$66,3,0) -> 3500 | F33: 0.35 | G33: =E33*F33 -> 1225 | H33: =VLOOKUP(D33,'Bu Erta'!$C$2:$F$66,4,0)*F33 -> 1400 | J33: Bu Ani | K33: 4 | L33: 22415 | N33: 30 | O33: Kabin | P33: =VLOOKUP(O33,'Bu Erta'!$C$2:$F$66,4,0) -> 2000 | Q33: =SUMIF($D$3:$D$289,O33,$F$3:$F$289) -> 5.05 | R33: =P33*Q33 -> 10100 | T33: 30 | U33: Kabin | X33: =V33*W33 -> 0
B34: Bu Wuri | D34: Botol & Kaca Beling | E34: =VLOOKUP(D34,'Bu Erta'!$C$2:$E$66,3,0) -> 150 | F34: 1.75 | G34: =E34*F34 -> 262.5 | H34: =VLOOKUP(D34,'Bu Erta'!$C$2:$F$66,4,0)*F34 -> 350 | J34: Bu Ida Amanah | K34: 4 | L34: 6500 | N34: 31 | O34: Kaleng | P34: =VLOOKUP(O34,'Bu Erta'!$C$2:$F$66,4,0) -> 2000 | Q34: =SUMIF($D$3:$D$289,O34,$F$3:$F$289) -> 3.45 | R34: =P34*Q34 -> 6900 | T34: 31 | U34: Kaleng | X34: =V34*W34 -> 0
B35: Bu Wuri | D35: Tutup Botol | E35: =VLOOKUP(D35,'Bu Erta'!$C$2:$E$66,3,0) -> 2500 | F35: 0.3 | G35: =E35*F35 -> 750 | H35: =VLOOKUP(D35,'Bu Erta'!$C$2:$F$66,4,0)*F35 -> 900 | J35: Bu Sandra | K35: 4 | L35: 12240 | N35: 32 | O35: Kardus Baik/Kering | P35: =VLOOKUP(O35,'Bu Erta'!$C$2:$F$66,4,0) -> 1200 | Q35: =SUMIF($D$3:$D$289,O35,$F$3:$F$289) -> 102.25 | R35: =P35*Q35 -> 122700 | T35: 32 | U35: Kardus Baik/Kering | X35: =V35*W35 -> 0
B36: Bu Wuri | D36: Babet | E36: =VLOOKUP(D36,'Bu Erta'!$C$2:$E$66,3,0) -> 7500 | F36: 0 | G36: =E36*F36 -> 0 | H36: =VLOOKUP(D36,'Bu Erta'!$C$2:$F$66,4,0)*F36 -> 0 | J36: Bu Tunut | K36: 4 | L36: 22280 | N36: 33 | O36: Karpet Talang | P36: =VLOOKUP(O36,'Bu Erta'!$C$2:$F$66,4,0) -> 500 | Q36: =SUMIF($D$3:$D$289,O36,$F$3:$F$289) -> 0 | R36: =P36*Q36 -> 0 | T36: 33 | U36: Karpet Talang | X36: =V36*W36 -> 0
A37: 5 | B37: Mba Dian | C37: 4 | D37: Botol Putih Bersih | E37: =VLOOKUP(D37,'Bu Erta'!$C$2:$E$66,3,0) -> 2800 | F37: 1.15 | G37: =E37*F37 -> 3220 | H37: =VLOOKUP(D37,'Bu Erta'!$C$2:$F$66,4,0)*F37 -> 3565 | J37: Pak Sumarman | K37: 4 | L37: 5580 | N37: 34 | O37: Karung Beras | P37: =VLOOKUP(O37,'Bu Erta'!$C$2:$F$66,4,0) -> 500 | Q37: =SUMIF($D$3:$D$289,O37,$F$3:$F$289) -> 0 | R37: =P37*Q37 -> 0 | T37: 34 | U37: Karung Beras | X37: =V37*W37 -> 0
B38: Mba Dian | D38: Boncos | E38: =VLOOKUP(D38,'Bu Erta'!$C$2:$E$66,3,0) -> 300 | F38: =0.5+0.4 -> 0.9 | G38: =E38*F38 -> 270 | H38: =VLOOKUP(D38,'Bu Erta'!$C$2:$F$66,4,0)*F38 -> 360 | J38: Bu Irma | K38: 4 | L38: 14420 | N38: 35 | O38: Kawat | P38: =VLOOKUP(O38,'Bu Erta'!$C$2:$F$66,4,0) -> 800 | Q38: =SUMIF($D$3:$D$289,O38,$F$3:$F$289) -> 0 | R38: =P38*Q38 -> 0 | T38: 35 | U38: Kawat | X38: =V38*W38 -> 0
B39: Mba Dian | D39: Botol & Kaca Beling | E39: =VLOOKUP(D39,'Bu Erta'!$C$2:$E$66,3,0) -> 150 | F39: 2.1 | G39: =E39*F39 -> 315 | H39: =VLOOKUP(D39,'Bu Erta'!$C$2:$F$66,4,0)*F39 -> 420 | J39: Bu Neni | K39: 4 | L39: 25340 | N39: 36 | O39: Kertas HVS Putih | P39: =VLOOKUP(O39,'Bu Erta'!$C$2:$F$66,4,0) -> 1500 | Q39: =SUMIF($D$3:$D$289,O39,$F$3:$F$289) -> 18.55 | R39: =P39*Q39 -> 27825 | T39: 36 | U39: Kertas HVS Putih | X39: =V39*W39 -> 0
B40: Mba Dian | D40: Emberan | E40: =VLOOKUP(D40,'Bu Erta'!$C$2:$E$66,3,0) -> 1400 | F40: 0.7 | G40: =E40*F40 -> 980 | H40: =VLOOKUP(D40,'Bu Erta'!$C$2:$F$66,4,0)*F40 -> 1120 | J40: Bu Suci | K40: 4 | L40: 12900 | N40: 37 | O40: Kertas Semen | P40: =VLOOKUP(O40,'Bu Erta'!$C$2:$F$66,4,0) -> 1500 | Q40: =SUMIF($D$3:$D$289,O40,$F$3:$F$289) -> 0 | R40: =P40*Q40 -> 0 | T40: 37 | U40: Kertas Semen | X40: =V40*W40 -> 0
B41: Mba Dian | D41: Asoy | E41: =VLOOKUP(D41,'Bu Erta'!$C$2:$E$66,3,0) -> 200 | F41: =0.4+0.15 -> 0.55 | G41: =E41*F41 -> 110 | H41: =VLOOKUP(D41,'Bu Erta'!$C$2:$F$66,4,0)*F41 -> 165 | J41: Selly | K41: 4 | L41: 214740 | N41: 38 | O41: Kipas Angin | P41: =VLOOKUP(O41,'Bu Erta'!$C$2:$F$66,4,0) -> 15000 | Q41: =SUMIF($D$3:$D$289,O41,$F$3:$F$289) -> 0 | R41: =P41*Q41 -> 0 | T41: 38 | U41: Kipas Angin | X41: =V41*W41 -> 0
B42: Mba Dian | D42: Multilayer | E42: =VLOOKUP(D42,'Bu Erta'!$C$2:$E$66,3,0) -> 300 | F42: =1.3+0.15 -> 1.45 | G42: =E42*F42 -> 435 | H42: =VLOOKUP(D42,'Bu Erta'!$C$2:$F$66,4,0)*F42 -> 580 | J42: Bu Lilis | K42: 5 | L42: 29565 | N42: 39 | O42: Koran/LKS | P42: =VLOOKUP(O42,'Bu Erta'!$C$2:$F$66,4,0) -> 900 | Q42: =SUMIF($D$3:$D$289,O42,$F$3:$F$289) -> 2.05 | R42: =P42*Q42 -> 1845 | T42: 39 | U42: Koran/LKS | X42: =V42*W42 -> 0
B43: Mba Dian | D43: Tutup Botol | E43: =VLOOKUP(D43,'Bu Erta'!$C$2:$E$66,3,0) -> 2500 | F43: 0.1 | G43: =E43*F43 -> 250 | H43: =VLOOKUP(D43,'Bu Erta'!$C$2:$F$66,4,0)*F43 -> 300 | J43: Sahabat Qur'an | K43: 5 | L43: 29200 | N43: 40 | O43: Kulkas 1 Pintu | P43: =VLOOKUP(O43,'Bu Erta'!$C$2:$F$66,4,0) -> 45000 | Q43: =SUMIF($D$3:$D$289,O43,$F$3:$F$289) -> 0 | R43: =P43*Q43 -> 0 | T43: 40 | U43: Kulkas 1 Pintu | X43: =V43*W43 -> 0
A44: 6 | B44: Bu Neni | C44: 4 | D44: Gabrukan | E44: =VLOOKUP(D44,'Bu Erta'!$C$2:$E$66,3,0) -> 1000 | F44: =1.85+1.05 -> 2.9 | G44: =E44*F44 -> 2900 | H44: =VLOOKUP(D44,'Bu Erta'!$C$2:$F$66,4,0)*F44 -> 3190 | J44: Bu Ecin Dwi | K44: 5 | L44: 11580 | N44: 41 | O44: Kulkas 2 Pintu | P44: =VLOOKUP(O44,'Bu Erta'!$C$2:$F$66,4,0) -> 55000 | Q44: =SUMIF($D$3:$D$289,O44,$F$3:$F$289) -> 0 | R44: =P44*Q44 -> 0 | T44: 41 | U44: Kulkas 2 Pintu | X44: =V44*W44 -> 0
B45: Bu Neni | D45: Tutup Botol | E45: =VLOOKUP(D45,'Bu Erta'!$C$2:$E$66,3,0) -> 2500 | F45: 0.45 | G45: =E45*F45 -> 1125 | H45: =VLOOKUP(D45,'Bu Erta'!$C$2:$F$66,4,0)*F45 -> 1350 | J45: Pak Soleh | K45: 5 | L45: 6215 | N45: 42 | O45: Kuningan | P45: =VLOOKUP(O45,'Bu Erta'!$C$2:$F$66,4,0) -> 30000 | Q45: =SUMIF($D$3:$D$289,O45,$F$3:$F$289) -> 0 | R45: =P45*Q45 -> 0 | T45: 42 | U45: Kuningan | X45: =V45*W45 -> 0
B46: Bu Neni | D46: Kardus Baik/Kering | E46: =VLOOKUP(D46,'Bu Erta'!$C$2:$E$66,3,0) -> 1000 | F46: 3.45 | G46: =E46*F46 -> 3450 | H46: =VLOOKUP(D46,'Bu Erta'!$C$2:$F$66,4,0)*F46 -> 4140 | J46: Bu Dida | K46: 5 | L46: 15515 | N46: 43 | O46: Magic Com Lengkap | P46: =VLOOKUP(O46,'Bu Erta'!$C$2:$F$66,4,0) -> 12000 | Q46: =SUMIF($D$3:$D$289,O46,$F$3:$F$289) -> 1 | R46: =P46*Q46 -> 12000 | T46: 43 | U46: Magic Com Lengkap | X46: =V46*W46 -> 0
B47: Bu Neni | D47: Multilayer | E47: =VLOOKUP(D47,'Bu Erta'!$C$2:$E$66,3,0) -> 300 | F47: =1.25+0.65 -> 1.9 | G47: =E47*F47 -> 570 | H47: =VLOOKUP(D47,'Bu Erta'!$C$2:$F$66,4,0)*F47 -> 760 | J47: Dipo | K47: 6 | L47: 855 | N47: 44 | O47: Majalah | P47: =VLOOKUP(O47,'Bu Erta'!$C$2:$F$66,4,0) -> 650 | Q47: =SUMIF($D$3:$D$289,O47,$F$3:$F$289) -> 0.8 | R47: =P47*Q47 -> 520 | T47: 44 | U47: Majalah | X47: =V47*W47 -> 0
B48: Bu Neni | D48: Emberan | E48: =VLOOKUP(D48,'Bu Erta'!$C$2:$E$66,3,0) -> 1400 | F48: =2.5+0.25+0.1+0.45+0.05 -> 3.35 | G48: =E48*F48 -> 4690 | H48: =VLOOKUP(D48,'Bu Erta'!$C$2:$F$66,4,0)*F48 -> 5360 | J48: Grand Total | K48: 149 | L48: 755582.5 | N48: 45 | O48: Mesin Cuci | P48: =VLOOKUP(O48,'Bu Erta'!$C$2:$F$66,4,0) -> 40000 | Q48: =SUMIF($D$3:$D$289,O48,$F$3:$F$289) -> 0 | R48: =P48*Q48 -> 0 | T48: 45 | U48: Mesin Cuci | X48: =V48*W48 -> 0
B49: Bu Neni | D49: Toples Kue Kristal | E49: =VLOOKUP(D49,'Bu Erta'!$C$2:$E$66,3,0) -> 2700 | F49: 0.3 | G49: =E49*F49 -> 810 | H49: =VLOOKUP(D49,'Bu Erta'!$C$2:$F$66,4,0)*F49 -> 900 | N49: 46 | O49: Minyak Jelantah | P49: =VLOOKUP(O49,'Bu Erta'!$C$2:$F$66,4,0) -> 5500 | Q49: =SUMIF($D$3:$D$289,O49,$F$3:$F$289) -> 4.7 | R49: =P49*Q49 -> 25850 | T49: 46 | U49: Minyak Jelantah | X49: =V49*W49 -> 0
B50: Bu Neni | D50: Kaleng | E50: =VLOOKUP(D50,'Bu Erta'!$C$2:$E$66,3,0) -> 1500 | F50: 0.4 | G50: =E50*F50 -> 600 | H50: =VLOOKUP(D50,'Bu Erta'!$C$2:$F$66,4,0)*F50 -> 800 | N50: 47 | O50: Multilayer | P50: =VLOOKUP(O50,'Bu Erta'!$C$2:$F$66,4,0) -> 400 | Q50: 0 | R50: =P50*Q50 -> 0 | S50: 25.75 | T50: 47 | U50: Multilayer | X50: =V50*W50 -> 0
B51: Bu Neni | D51: Besi | E51: =VLOOKUP(D51,'Bu Erta'!$C$2:$E$66,3,0) -> 2500 | F51: =0.75+0.4 -> 1.15 | G51: =E51*F51 -> 2875 | H51: =VLOOKUP(D51,'Bu Erta'!$C$2:$F$66,4,0)*F51 -> 3450 | J51: Keuntungan Penjualan | N51: 48 | O51: Monitor LED | P51: =VLOOKUP(O51,'Bu Erta'!$C$2:$F$66,4,0) -> 10000 | Q51: =SUMIF($D$3:$D$289,O51,$F$3:$F$289) -> 0 | R51: =P51*Q51 -> 0 | T51: 48 | U51: Monitor LED | X51: =V51*W51 -> 0
B52: Bu Neni | D52: Koran/LKS | E52: =VLOOKUP(D52,'Bu Erta'!$C$2:$E$66,3,0) -> 800 | F52: 2.05 | G52: =E52*F52 -> 1640 | H52: =VLOOKUP(D52,'Bu Erta'!$C$2:$F$66,4,0)*F52 -> 1845 | J52: =R68+X68-GETPIVOTDATA("Sum of Total Harga",$J$2) -> 47427.5 | N52: 49 | O52: Monitor Tabung | P52: =VLOOKUP(O52,'Bu Erta'!$C$2:$F$66,4,0) -> 15000 | Q52: =SUMIF($D$3:$D$289,O52,$F$3:$F$289) -> 0 | R52: =P52*Q52 -> 0 | T52: 49 | U52: Monitor Tabung | X52: =V52*W52 -> 0
B53: Bu Neni | D53: Buku Tulis & Pelajaran | E53: =VLOOKUP(D53,'Bu Erta'!$C$2:$E$66,3,0) -> 1200 | F53: =3.65+1.5 -> 5.15 | G53: =E53*F53 -> 6180 | H53: =VLOOKUP(D53,'Bu Erta'!$C$2:$F$66,4,0)*F53 -> 6695 | N53: 50 | O53: Naso | P53: =VLOOKUP(O53,'Bu Erta'!$C$2:$F$66,4,0) -> 2500 | Q53: =SUMIF($D$3:$D$289,O53,$F$3:$F$289) -> 2.25 | R53: =P53*Q53 -> 5625 | T53: 50 | U53: Naso | X53: =V53*W53 -> 0
B54: Bu Neni | D54: Kardus Baik/Kering | E54: =VLOOKUP(D54,'Bu Erta'!$C$2:$E$66,3,0) -> 1000 | F54: 0.5 | G54: =E54*F54 -> 500 | H54: =VLOOKUP(D54,'Bu Erta'!$C$2:$F$66,4,0)*F54 -> 600 | N54: 51 | O54: Oli Bekas | P54: =VLOOKUP(O54,'Bu Erta'!$C$2:$F$66,4,0) -> 600 | Q54: =SUMIF($D$3:$D$289,O54,$F$3:$F$289) -> 0 | R54: =P54*Q54 -> 0 | T54: 51 | U54: Oli Bekas | X54: =V54*W54 -> 0
A55: 7 | B55: Bu Purwani | C55: 3 | D55: Gabrukan | E55: =VLOOKUP(D55,'Bu Erta'!$C$2:$E$66,3,0) -> 1000 | F55: =0.8+0.2 -> 1 | G55: =E55*F55 -> 1000 | H55: =VLOOKUP(D55,'Bu Erta'!$C$2:$F$66,4,0)*F55 -> 1100 | N55: 52 | O55: Paralon | P55: =VLOOKUP(O55,'Bu Erta'!$C$2:$F$66,4,0) -> 1500 | Q55: =SUMIF($D$3:$D$289,O55,$F$3:$F$289) -> 0 | R55: =P55*Q55 -> 0 | T55: 52 | U55: Paralon | X55: =V55*W55 -> 0
B56: Bu Purwani | D56: Emberan | E56: =VLOOKUP(D56,'Bu Erta'!$C$2:$E$66,3,0) -> 1400 | F56: =0.3+0.3 -> 0.6 | G56: =E56*F56 -> 840 | H56: =VLOOKUP(D56,'Bu Erta'!$C$2:$F$66,4,0)*F56 -> 960 | N56: 53 | O56: Plastik (PE) | P56: =VLOOKUP(O56,'Bu Erta'!$C$2:$F$66,4,0) -> 900 | Q56: =SUMIF($D$3:$D$289,O56,$F$3:$F$289) -> 0 | R56: =P56*Q56 -> 0 | T56: 53 | U56: Plastik (PE) | X56: =V56*W56 -> 0
B57: Bu Purwani | D57: Multilayer | E57: =VLOOKUP(D57,'Bu Erta'!$C$2:$E$66,3,0) -> 300 | F57: =0.3+0.5+0.2 -> 1 | G57: =E57*F57 -> 300 | H57: =VLOOKUP(D57,'Bu Erta'!$C$2:$F$66,4,0)*F57 -> 400 | N57: 54 | O57: Selang Air | P57: =VLOOKUP(O57,'Bu Erta'!$C$2:$F$66,4,0) -> 500 | Q57: =SUMIF($D$3:$D$289,O57,$F$3:$F$289) -> 0 | R57: =P57*Q57 -> 0 | T57: 54 | U57: Selang Air | X57: =V57*W57 -> 0
B58: Bu Purwani | D58: Botol & Kaca Beling | E58: =VLOOKUP(D58,'Bu Erta'!$C$2:$E$66,3,0) -> 150 | F58: 0.4 | G58: =E58*F58 -> 60 | H58: =VLOOKUP(D58,'Bu Erta'!$C$2:$F$66,4,0)*F58 -> 80 | N58: 55 | O58: Seng | P58: =VLOOKUP(O58,'Bu Erta'!$C$2:$F$66,4,0) -> 1000 | Q58: =SUMIF($D$3:$D$289,O58,$F$3:$F$289) -> 0.2 | R58: =P58*Q58 -> 200 | T58: 55 | U58: Seng | X58: =V58*W58 -> 0
B59: Bu Purwani | D59: Boncos | E59: =VLOOKUP(D59,'Bu Erta'!$C$2:$E$66,3,0) -> 300 | F59: 0.55 | G59: =E59*F59 -> 165 | H59: =VLOOKUP(D59,'Bu Erta'!$C$2:$F$66,4,0)*F59 -> 220 | N59: 56 | O59: Seng Pasir | P59: =VLOOKUP(O59,'Bu Erta'!$C$2:$F$66,4,0) -> 900 | Q59: =SUMIF($D$3:$D$289,O59,$F$3:$F$289) -> 0 | R59: =P59*Q59 -> 0 | T59: 56 | U59: Seng Pasir | X59: =V59*W59 -> 0
B60: Bu Purwani | D60: Asoy | E60: =VLOOKUP(D60,'Bu Erta'!$C$2:$E$66,3,0) -> 200 | F60: 0.65 | G60: =E60*F60 -> 130 | H60: =VLOOKUP(D60,'Bu Erta'!$C$2:$F$66,4,0)*F60 -> 195 | N60: 57 | O60: Sterofoam | P60: =VLOOKUP(O60,'Bu Erta'!$C$2:$F$66,4,0) -> 200 | Q60: =SUMIF($D$3:$D$289,O60,$F$3:$F$289) -> 0 | R60: =P60*Q60 -> 0 | T60: 57 | U60: Sterofoam | X60: =V60*W60 -> 0
B61: Bu Purwani | D61: Tutup Botol | E61: =VLOOKUP(D61,'Bu Erta'!$C$2:$E$66,3,0) -> 2500 | F61: 0.1 | G61: =E61*F61 -> 250 | H61: =VLOOKUP(D61,'Bu Erta'!$C$2:$F$66,4,0)*F61 -> 300 | N61: 58 | O61: Tembaga | P61: =VLOOKUP(O61,'Bu Erta'!$C$2:$F$66,4,0) -> 55000 | Q61: =SUMIF($D$3:$D$289,O61,$F$3:$F$289) -> 0 | R61: =P61*Q61 -> 0 | T61: 58 | U61: Tembaga | X61: =V61*W61 -> 0
B62: Bu Purwani | D62: Botol & Gelas Putih (Kotor) | E62: =VLOOKUP(D62,'Bu Erta'!$C$2:$E$66,3,0) -> 1600 | F62: 0.3 | G62: =E62*F62 -> 480 | H62: =VLOOKUP(D62,'Bu Erta'!$C$2:$F$66,4,0)*F62 -> 510 | N62: 59 | O62: Toples Kue Kristal | P62: =VLOOKUP(O62,'Bu Erta'!$C$2:$F$66,4,0) -> 3000 | Q62: =SUMIF($D$3:$D$289,O62,$F$3:$F$289) -> 0.3 | R62: =P62*Q62 -> 900 | T62: 59 | U62: Toples Kue Kristal | X62: =V62*W62 -> 0
A63: 8 | B63: Pak Danny | C63: 1 | D63: Kardus Baik/Kering | E63: =VLOOKUP(D63,'Bu Erta'!$C$2:$E$66,3,0) -> 1000 | F63: =0.5+0.35 -> 0.85 | G63: =E63*F63 -> 850 | H63: =VLOOKUP(D63,'Bu Erta'!$C$2:$F$66,4,0)*F63 -> 1020 | N63: 60 | O63: Try Telur | P63: =VLOOKUP(O63,'Bu Erta'!$C$2:$F$66,4,0) -> 200 | Q63: =SUMIF($D$3:$D$289,O63,$F$3:$F$289) -> 0 | R63: =P63*Q63 -> 0 | T63: 60 | U63: Try Telur | X63: =V63*W63 -> 0
B64: Pak Danny | D64: Boncos | E64: =VLOOKUP(D64,'Bu Erta'!$C$2:$E$66,3,0) -> 300 | F64: 1.4 | G64: =E64*F64 -> 420 | H64: =VLOOKUP(D64,'Bu Erta'!$C$2:$F$66,4,0)*F64 -> 560 | N64: 61 | O64: Tutup Botol | P64: =VLOOKUP(O64,'Bu Erta'!$C$2:$F$66,4,0) -> 3000 | Q64: =SUMIF($D$3:$D$289,O64,$F$3:$F$289) -> 2.75 | R64: =P64*Q64 -> 8250 | T64: 61 | U64: Tutup Botol | X64: =V64*W64 -> 0
B65: Pak Danny | D65: Gabrukan | E65: =VLOOKUP(D65,'Bu Erta'!$C$2:$E$66,3,0) -> 1000 | F65: 1.7 | G65: =E65*F65 -> 1700 | H65: =VLOOKUP(D65,'Bu Erta'!$C$2:$F$66,4,0)*F65 -> 1870 | N65: 62 | O65: Tutup Galon | P65: =VLOOKUP(O65,'Bu Erta'!$C$2:$F$66,4,0) -> 4000 | Q65: =SUMIF($D$3:$D$289,O65,$F$3:$F$289) -> 0.75 | R65: =P65*Q65 -> 3000 | T65: 62 | U65: Tutup Galon | X65: =V65*W65 -> 0
B66: Pak Danny | D66: Botol & Gelas Putih (Kotor) | E66: =VLOOKUP(D66,'Bu Erta'!$C$2:$E$66,3,0) -> 1600 | F66: 0.55 | G66: =E66*F66 -> 880 | H66: =VLOOKUP(D66,'Bu Erta'!$C$2:$F$66,4,0)*F66 -> 935 | N66: 63 | O66: TV LED | P66: =VLOOKUP(O66,'Bu Erta'!$C$2:$F$66,4,0) -> 10000 | Q66: =SUMIF($D$3:$D$289,O66,$F$3:$F$289) -> 0 | R66: =P66*Q66 -> 0 | T66: 63 | U66: TV LED | X66: =V66*W66 -> 0
B67: Pak Danny | D67: Minyak Jelantah | E67: =VLOOKUP(D67,'Bu Erta'!$C$2:$E$66,3,0) -> 4000 | F67: 0.7 | G67: =E67*F67 -> 2800 | H67: =VLOOKUP(D67,'Bu Erta'!$C$2:$F$66,4,0)*F67 -> 3850 | N67: 64 | O67: TV Tabung | P67: =VLOOKUP(O67,'Bu Erta'!$C$2:$F$66,4,0) -> 15000 | Q67: =SUMIF($D$3:$D$289,O67,$F$3:$F$289) -> 0 | R67: =P67*Q67 -> 0 | T67: 64 | U67: TV Tabung | X67: =V67*W67 -> 0
A68: 9 | B68: Bu Linda | C68: 4 | D68: Kardus Baik/Kering | E68: =VLOOKUP(D68,'Bu Erta'!$C$2:$E$66,3,0) -> 1000 | F68: 4.55 | G68: =E68*F68 -> 4550 | H68: =VLOOKUP(D68,'Bu Erta'!$C$2:$F$66,4,0)*F68 -> 5460 | P68: TOTAL | Q68: =SUM(Q4:Q67) -> 379.85 | R68: =SUM(R4:R67) -> 547010 | V68: TOTAL | W68: =SUM(W4:W67) -> 113.05 | X68: =SUM(X4:X67) -> 256000
B69: Bu Linda | D69: Botol & Gelas Putih (Kotor) | E69: =VLOOKUP(D69,'Bu Erta'!$C$2:$E$66,3,0) -> 1600 | F69: 2.4 | G69: =E69*F69 -> 3840 | H69: =VLOOKUP(D69,'Bu Erta'!$C$2:$F$66,4,0)*F69 -> 4080
B70: Bu Linda | D70: Magic Com Lengkap | E70: =VLOOKUP(D70,'Bu Erta'!$C$2:$E$66,3,0) -> 10000 | F70: 1 | G70: =E70*F70 -> 10000 | H70: =VLOOKUP(D70,'Bu Erta'!$C$2:$F$66,4,0)*F70 -> 12000
B71: Bu Linda | D71: Multilayer | E71: =VLOOKUP(D71,'Bu Erta'!$C$2:$E$66,3,0) -> 300 | F71: 0.1 | G71: =E71*F71 -> 30 | H71: =VLOOKUP(D71,'Bu Erta'!$C$2:$F$66,4,0)*F71 -> 40
A72: 10 | B72: Bu Lilis | C72: 5 | D72: Besi | E72: =VLOOKUP(D72,'Bu Erta'!$C$2:$E$66,3,0) -> 2500 | F72: 0.7 | G72: =E72*F72 -> 1750 | H72: =VLOOKUP(D72,'Bu Erta'!$C$2:$F$66,4,0)*F72 -> 2100
B73: Bu Lilis | D73: Emberan | E73: =VLOOKUP(D73,'Bu Erta'!$C$2:$E$66,3,0) -> 1400 | F73: =2.5+0.75+0.85 -> 4.1 | G73: =E73*F73 -> 5740 | H73: =VLOOKUP(D73,'Bu Erta'!$C$2:$F$66,4,0)*F73 -> 6560
B74: Bu Lilis | D74: Botol Putih Bersih | E74: =VLOOKUP(D74,'Bu Erta'!$C$2:$E$66,3,0) -> 2800 | F74: =0.35+1.75 -> 2.1 | G74: =E74*F74 -> 5880 | H74: =VLOOKUP(D74,'Bu Erta'!$C$2:$F$66,4,0)*F74 -> 6510
B75: Bu Lilis | D75: Asoy | E75: =VLOOKUP(D75,'Bu Erta'!$C$2:$E$66,3,0) -> 200 | F75: =0.6+0.2+0.35 -> 1.15 | G75: =E75*F75 -> 230 | H75: =VLOOKUP(D75,'Bu Erta'!$C$2:$F$66,4,0)*F75 -> 345
B76: Bu Lilis | D76: Multilayer | E76: =VLOOKUP(D76,'Bu Erta'!$C$2:$E$66,3,0) -> 300 | F76: =1.15+0.85+0.3 -> 2.3 | G76: =E76*F76 -> 690 | H76: =VLOOKUP(D76,'Bu Erta'!$C$2:$F$66,4,0)*F76 -> 920
B77: Bu Lilis | D77: Boncos | E77: =VLOOKUP(D77,'Bu Erta'!$C$2:$E$66,3,0) -> 300 | F77: =0.95+1.1+0.8 -> 2.85 | G77: =E77*F77 -> 855 | H77: =VLOOKUP(D77,'Bu Erta'!$C$2:$F$66,4,0)*F77 -> 1140
B78: Bu Lilis | D78: Gabrukan | E78: =VLOOKUP(D78,'Bu Erta'!$C$2:$E$66,3,0) -> 1000 | F78: 0.75 | G78: =E78*F78 -> 750 | H78: =VLOOKUP(D78,'Bu Erta'!$C$2:$F$66,4,0)*F78 -> 825
B79: Bu Lilis | D79: Kertas HVS Putih | E79: =VLOOKUP(D79,'Bu Erta'!$C$2:$E$66,3,0) -> 1400 | F79: 4.8 | G79: =E79*F79 -> 6720 | H79: =VLOOKUP(D79,'Bu Erta'!$C$2:$F$66,4,0)*F79 -> 7200
B80: Bu Lilis | D80: Kardus Baik/Kering | E80: =VLOOKUP(D80,'Bu Erta'!$C$2:$E$66,3,0) -> 1000 | F80: =0.1+6.85 -> 6.95 | G80: =E80*F80 -> 6950 | H80: =VLOOKUP(D80,'Bu Erta'!$C$2:$F$66,4,0)*F80 -> 8340
A81: 11 | B81: Bu Dida | C81: 5 | D81: Botol Putih Bersih | E81: =VLOOKUP(D81,'Bu Erta'!$C$2:$E$66,3,0) -> 2800 | F81: 1.15 | G81: =E81*F81 -> 3220 | H81: =VLOOKUP(D81,'Bu Erta'!$C$2:$F$66,4,0)*F81 -> 3565
B82: Bu Dida | D82: Gabrukan | E82: =VLOOKUP(D82,'Bu Erta'!$C$2:$E$66,3,0) -> 1000 | F82: =1.5+0.1 -> 1.6 | G82: =E82*F82 -> 1600 | H82: =VLOOKUP(D82,'Bu Erta'!$C$2:$F$66,4,0)*F82 -> 1760
B83: Bu Dida | D83: Multilayer | E83: =VLOOKUP(D83,'Bu Erta'!$C$2:$E$66,3,0) -> 300 | F83: 1.4 | G83: =E83*F83 -> 420 | H83: =VLOOKUP(D83,'Bu Erta'!$C$2:$F$66,4,0)*F83 -> 560
B84: Bu Dida | D84: Asoy | E84: =VLOOKUP(D84,'Bu Erta'!$C$2:$E$66,3,0) -> 200 | F84: 0.5 | G84: =E84*F84 -> 100 | H84: =VLOOKUP(D84,'Bu Erta'!$C$2:$F$66,4,0)*F84 -> 150
B85: Bu Dida | D85: Alumunium | E85: =VLOOKUP(D85,'Bu Erta'!$C$2:$E$66,3,0) -> 8000 | F85: 0.1 | G85: =E85*F85 -> 800 | H85: =VLOOKUP(D85,'Bu Erta'!$C$2:$F$66,4,0)*F85 -> 850
B86: Bu Dida | D86: Kardus Baik/Kering | E86: =VLOOKUP(D86,'Bu Erta'!$C$2:$E$66,3,0) -> 1000 | F86: =5.6+1.6+0.2+0.85 -> 8.25 | G86: =E86*F86 -> 8250 | H86: =VLOOKUP(D86,'Bu Erta'!$C$2:$F$66,4,0)*F86 -> 9900
B87: Bu Dida | D87: Boncos | E87: =VLOOKUP(D87,'Bu Erta'!$C$2:$E$66,3,0) -> 300 | F87: 1.45 | G87: =E87*F87 -> 435 | H87: =VLOOKUP(D87,'Bu Erta'!$C$2:$F$66,4,0)*F87 -> 580
B88: Bu Dida | D88: Majalah | E88: =VLOOKUP(D88,'Bu Erta'!$C$2:$E$66,3,0) -> 600 | F88: 0.8 | G88: =E88*F88 -> 480 | H88: =VLOOKUP(D88,'Bu Erta'!$C$2:$F$66,4,0)*F88 -> 520
B89: Bu Dida | D89: Emberan | E89: =VLOOKUP(D89,'Bu Erta'!$C$2:$E$66,3,0) -> 1400 | F89: 0.15 | G89: =E89*F89 -> 210 | H89: =VLOOKUP(D89,'Bu Erta'!$C$2:$F$66,4,0)*F89 -> 240
A90: 12 | B90: Bu Sukayah | C90: 3 | D90: Multilayer | E90: =VLOOKUP(D90,'Bu Erta'!$C$2:$E$66,3,0) -> 300 | F90: =0.5+0.4+0.2 -> 1.1 | G90: =E90*F90 -> 330 | H90: =VLOOKUP(D90,'Bu Erta'!$C$2:$F$66,4,0)*F90 -> 440
B91: Bu Sukayah | D91: Asoy | E91: =VLOOKUP(D91,'Bu Erta'!$C$2:$E$66,3,0) -> 200 | F91: 0.3 | G91: =E91*F91 -> 60 | H91: =VLOOKUP(D91,'Bu Erta'!$C$2:$F$66,4,0)*F91 -> 90
B92: Bu Sukayah | D92: Botol & Gelas Putih (Kotor) | E92: =VLOOKUP(D92,'Bu Erta'!$C$2:$E$66,3,0) -> 1600 | F92: 0.15 | G92: =E92*F92 -> 240 | H92: =VLOOKUP(D92,'Bu Erta'!$C$2:$F$66,4,0)*F92 -> 255
A93: 13 | B93: Bu Rina | C93: 4 | D93: Minyak Jelantah | E93: =VLOOKUP(D93,'Bu Erta'!$C$2:$E$66,3,0) -> 4000 | F93: 1.15 | G93: =E93*F93 -> 4600 | H93: =VLOOKUP(D93,'Bu Erta'!$C$2:$F$66,4,0)*F93 -> 6325
B94: Bu Rina | D94: Kabin | E94: =VLOOKUP(D94,'Bu Erta'!$C$2:$E$66,3,0) -> 1800 | F94: 1.2 | G94: =E94*F94 -> 2160 | H94: =VLOOKUP(D94,'Bu Erta'!$C$2:$F$66,4,0)*F94 -> 2400
B95: Bu Rina | D95: Botol Putih Bersih | E95: =VLOOKUP(D95,'Bu Erta'!$C$2:$E$66,3,0) -> 2800 | F95: 0.7 | G95: =E95*F95 -> 1960 | H95: =VLOOKUP(D95,'Bu Erta'!$C$2:$F$66,4,0)*F95 -> 2170
B96: Bu Rina | D96: Tutup Botol | E96: =VLOOKUP(D96,'Bu Erta'!$C$2:$E$66,3,0) -> 2500 | F96: 0.15 | G96: =E96*F96 -> 375 | H96: =VLOOKUP(D96,'Bu Erta'!$C$2:$F$66,4,0)*F96 -> 450
B97: Bu Rina | D97: Asoy | E97: =VLOOKUP(D97,'Bu Erta'!$C$2:$E$66,3,0) -> 200 | F97: 0.25 | G97: =E97*F97 -> 50 | H97: =VLOOKUP(D97,'Bu Erta'!$C$2:$F$66,4,0)*F97 -> 75
B98: Bu Rina | D98: Multilayer | E98: =VLOOKUP(D98,'Bu Erta'!$C$2:$E$66,3,0) -> 300 | F98: 0.5 | G98: =E98*F98 -> 150 | H98: =VLOOKUP(D98,'Bu Erta'!$C$2:$F$66,4,0)*F98 -> 200
B99: Bu Rina | D99: Kabel Internet | E99: =VLOOKUP(D99,'Bu Erta'!$C$2:$E$66,3,0) -> 150 | F99: 0.9 | G99: =E99*F99 -> 135 | H99: =VLOOKUP(D99,'Bu Erta'!$C$2:$F$66,4,0)*F99 -> 180
B100: Bu Rina | D100: Gabrukan | E100: =VLOOKUP(D100,'Bu Erta'!$C$2:$E$66,3,0) -> 1000 | F100: 0.85 | G100: =E100*F100 -> 850 | H100: =VLOOKUP(D100,'Bu Erta'!$C$2:$F$66,4,0)*F100 -> 935
B101: Bu Rina | D101: Kardus Baik/Kering | E101: =VLOOKUP(D101,'Bu Erta'!$C$2:$E$66,3,0) -> 1000 | F101: 2.9 | G101: =E101*F101 -> 2900 | H101: =VLOOKUP(D101,'Bu Erta'!$C$2:$F$66,4,0)*F101 -> 3480
...

Sheet 13-12-25
A2: No | B2: Nama | C2: RT | D2: Jenis Sampah | E2: Harga | F2: Berat | G2: Total Harga | J2: Row Labels | K2: Sum of RT | L2: Sum of Total Harga | N2: Timbangan Bu Erta | Q2: Sabtu, 13 Desember 2025 | T2: Timbangan Pak Surat | W2: Sabtu, 13 Desember 2025
